--------------------------------------------------------
--  파일이 생성됨 - 금요일-4월-10-2020   
--------------------------------------------------------
--------------------------------------------------------
--  DDL for Sequence BOARD_WRITE_SEQ
--------------------------------------------------------

   CREATE SEQUENCE  "DB_SAWEE"."BOARD_WRITE_SEQ"  MINVALUE 1 MAXVALUE 9999999999999999999999999999 INCREMENT BY 1 START WITH 263 CACHE 20 NOORDER  NOCYCLE ;
--------------------------------------------------------
--  DDL for Sequence CAFE_REVIEW_SEQ
--------------------------------------------------------

   CREATE SEQUENCE  "DB_SAWEE"."CAFE_REVIEW_SEQ"  MINVALUE 1 MAXVALUE 9999999999999999999999999999 INCREMENT BY 1 START WITH 61 CACHE 20 NOORDER  NOCYCLE ;
--------------------------------------------------------
--  DDL for Sequence CAFE_SEQ
--------------------------------------------------------

   CREATE SEQUENCE  "DB_SAWEE"."CAFE_SEQ"  MINVALUE 1 MAXVALUE 9999999999999999999999999999 INCREMENT BY 1 START WITH 41 CACHE 20 NOORDER  NOCYCLE ;
--------------------------------------------------------
--  DDL for Sequence CM_COMMENT_SEQ
--------------------------------------------------------

   CREATE SEQUENCE  "DB_SAWEE"."CM_COMMENT_SEQ"  MINVALUE 1 MAXVALUE 9999999999999999999999999999 INCREMENT BY 1 START WITH 321 CACHE 20 NOORDER  NOCYCLE ;
--------------------------------------------------------
--  DDL for Sequence FAQ_SEQ
--------------------------------------------------------

   CREATE SEQUENCE  "DB_SAWEE"."FAQ_SEQ"  MINVALUE 1 MAXVALUE 9999999999999999999999999999 INCREMENT BY 1 START WITH 21 CACHE 20 NOORDER  NOCYCLE ;
--------------------------------------------------------
--  DDL for Sequence GAME_SEQ
--------------------------------------------------------

   CREATE SEQUENCE  "DB_SAWEE"."GAME_SEQ"  MINVALUE 1 MAXVALUE 9999999999999999999999999999 INCREMENT BY 1 START WITH 561 CACHE 20 NOORDER  NOCYCLE ;
--------------------------------------------------------
--  DDL for Sequence MEMBER_SEQ
--------------------------------------------------------

   CREATE SEQUENCE  "DB_SAWEE"."MEMBER_SEQ"  MINVALUE 1 MAXVALUE 9999999999999999999999999999 INCREMENT BY 1 START WITH 81 CACHE 20 NOORDER  NOCYCLE ;
--------------------------------------------------------
--  DDL for Sequence NOTE_SEQ
--------------------------------------------------------

   CREATE SEQUENCE  "DB_SAWEE"."NOTE_SEQ"  MINVALUE 1 MAXVALUE 9999999999999999999999999999 INCREMENT BY 1 START WITH 41 CACHE 20 NOORDER  NOCYCLE ;
--------------------------------------------------------
--  DDL for Sequence REPORT_SEQ
--------------------------------------------------------

   CREATE SEQUENCE  "DB_SAWEE"."REPORT_SEQ"  MINVALUE 1 MAXVALUE 9999999999999999999999999999 INCREMENT BY 1 START WITH 163 CACHE 20 NOORDER  NOCYCLE ;
--------------------------------------------------------
--  DDL for Sequence SPONSOR_SEQ
--------------------------------------------------------

   CREATE SEQUENCE  "DB_SAWEE"."SPONSOR_SEQ"  MINVALUE 1 MAXVALUE 9999999999999999999999999999 INCREMENT BY 1 START WITH 1 CACHE 20 NOORDER  NOCYCLE ;
--------------------------------------------------------
--  DDL for Sequence STATISTICS_SEQ
--------------------------------------------------------

   CREATE SEQUENCE  "DB_SAWEE"."STATISTICS_SEQ"  MINVALUE 1 MAXVALUE 9999999999999999999999999999 INCREMENT BY 1 START WITH 61 CACHE 20 NOORDER  NOCYCLE ;
--------------------------------------------------------
--  DDL for Sequence TRADE_GAME_SEQ
--------------------------------------------------------

   CREATE SEQUENCE  "DB_SAWEE"."TRADE_GAME_SEQ"  MINVALUE 1 MAXVALUE 9999999999999999999999999999 INCREMENT BY 1 START WITH 82 CACHE 20 NOORDER  NOCYCLE ;
--------------------------------------------------------
--  DDL for Sequence TRADE_SEQ
--------------------------------------------------------

   CREATE SEQUENCE  "DB_SAWEE"."TRADE_SEQ"  MINVALUE 1 MAXVALUE 9999999999999999999999999999 INCREMENT BY 1 START WITH 421 CACHE 20 NOORDER  NOCYCLE ;
--------------------------------------------------------
--  DDL for Table BOARD_FILE
--------------------------------------------------------

  CREATE TABLE "DB_SAWEE"."BOARD_FILE" 
   (	"BT_NO" NUMBER(15,0) DEFAULT '', 
	"BF_WNO" NUMBER(15,0) DEFAULT '', 
	"F_NO" NUMBER(15,0) DEFAULT ''
   ) SEGMENT CREATION IMMEDIATE 
  PCTFREE 10 PCTUSED 40 INITRANS 1 MAXTRANS 255 NOCOMPRESS LOGGING
  STORAGE(INITIAL 65536 NEXT 1048576 MINEXTENTS 1 MAXEXTENTS 2147483645
  PCTINCREASE 0 FREELISTS 1 FREELIST GROUPS 1 BUFFER_POOL DEFAULT FLASH_CACHE DEFAULT CELL_FLASH_CACHE DEFAULT)
  TABLESPACE "SYSTEM" ;
--------------------------------------------------------
--  DDL for Table BOARD_GAME
--------------------------------------------------------

  CREATE TABLE "DB_SAWEE"."BOARD_GAME" 
   (	"BT_NO" NUMBER(15,0) DEFAULT '', 
	"G_NO" NUMBER(15,0) DEFAULT '', 
	"BG_WNO" NUMBER(15,0) DEFAULT ''
   ) SEGMENT CREATION IMMEDIATE 
  PCTFREE 10 PCTUSED 40 INITRANS 1 MAXTRANS 255 NOCOMPRESS LOGGING
  STORAGE(INITIAL 65536 NEXT 1048576 MINEXTENTS 1 MAXEXTENTS 2147483645
  PCTINCREASE 0 FREELISTS 1 FREELIST GROUPS 1 BUFFER_POOL DEFAULT FLASH_CACHE DEFAULT CELL_FLASH_CACHE DEFAULT)
  TABLESPACE "SYSTEM" ;

   COMMENT ON COLUMN "DB_SAWEE"."BOARD_GAME"."BG_WNO" IS '중복가능...  다치 때문..';
--------------------------------------------------------
--  DDL for Table BOARD_TYPE
--------------------------------------------------------

  CREATE TABLE "DB_SAWEE"."BOARD_TYPE" 
   (	"BT_NO" NUMBER(15,0) DEFAULT '', 
	"BT_NAME" VARCHAR2(40 BYTE) DEFAULT '', 
	"BT_INFO" VARCHAR2(100 BYTE) DEFAULT '', 
	"BT_EXTRA" VARCHAR2(100 BYTE) DEFAULT ''
   ) SEGMENT CREATION IMMEDIATE 
  PCTFREE 10 PCTUSED 40 INITRANS 1 MAXTRANS 255 NOCOMPRESS LOGGING
  STORAGE(INITIAL 65536 NEXT 1048576 MINEXTENTS 1 MAXEXTENTS 2147483645
  PCTINCREASE 0 FREELISTS 1 FREELIST GROUPS 1 BUFFER_POOL DEFAULT FLASH_CACHE DEFAULT CELL_FLASH_CACHE DEFAULT)
  TABLESPACE "SYSTEM" ;
--------------------------------------------------------
--  DDL for Table BOARD_WRITE
--------------------------------------------------------

  CREATE TABLE "DB_SAWEE"."BOARD_WRITE" 
   (	"BW_NO" NUMBER(15,0) DEFAULT '', 
	"M_NO" NUMBER(15,0) DEFAULT '', 
	"BT_NO" NUMBER(15,0) DEFAULT '', 
	"S_NO" NUMBER(15,0) DEFAULT '', 
	"BW_TITLE" VARCHAR2(100 BYTE), 
	"BW_CONTENT" VARCHAR2(4000 BYTE), 
	"BW_WRITTEN_DATE" DATE DEFAULT SYSDATE, 
	"BW_UPDATED_DATE" DATE DEFAULT SYSDATE, 
	"BW_HIT" NUMBER(10,0) DEFAULT 0, 
	"BW_RECOMMEND_NUM" NUMBER(10,0) DEFAULT 0, 
	"BW_REPORT_NUM" NUMBER(10,0) DEFAULT 0, 
	"BW_ISLAND" NUMBER(1,0) DEFAULT 0, 
	"BW_SECRET" VARCHAR2(2 BYTE) DEFAULT 'n'
   ) SEGMENT CREATION IMMEDIATE 
  PCTFREE 10 PCTUSED 40 INITRANS 1 MAXTRANS 255 NOCOMPRESS LOGGING
  STORAGE(INITIAL 65536 NEXT 1048576 MINEXTENTS 1 MAXEXTENTS 2147483645
  PCTINCREASE 0 FREELISTS 1 FREELIST GROUPS 1 BUFFER_POOL DEFAULT FLASH_CACHE DEFAULT CELL_FLASH_CACHE DEFAULT)
  TABLESPACE "SYSTEM" ;
--------------------------------------------------------
--  DDL for Table CAFE
--------------------------------------------------------

  CREATE TABLE "DB_SAWEE"."CAFE" 
   (	"C_NO" NUMBER(15,0) DEFAULT '', 
	"C_TITLE" VARCHAR2(100 BYTE), 
	"C_ADD" VARCHAR2(200 BYTE), 
	"C_PHONE" VARCHAR2(22 BYTE) DEFAULT '', 
	"C_PEOPLE" NUMBER(10,0) DEFAULT 0, 
	"C_TABLE" NUMBER(3,0) DEFAULT 0, 
	"C_CHAIR" NUMBER(3,0) DEFAULT 0, 
	"C_OPEN" VARCHAR2(20 BYTE) DEFAULT '', 
	"C_CLOSE" VARCHAR2(20 BYTE) DEFAULT '', 
	"C_REST" VARCHAR2(100 BYTE) DEFAULT '', 
	"C_WRITTEN_DATE" DATE DEFAULT SYSDATE, 
	"C_UPDATED_DATE" DATE DEFAULT SYSDATE, 
	"C_HIT" NUMBER(10,0) DEFAULT 0, 
	"BT_NO" NUMBER(15,0) DEFAULT 10
   ) SEGMENT CREATION IMMEDIATE 
  PCTFREE 10 PCTUSED 40 INITRANS 1 MAXTRANS 255 NOCOMPRESS LOGGING
  STORAGE(INITIAL 65536 NEXT 1048576 MINEXTENTS 1 MAXEXTENTS 2147483645
  PCTINCREASE 0 FREELISTS 1 FREELIST GROUPS 1 BUFFER_POOL DEFAULT FLASH_CACHE DEFAULT CELL_FLASH_CACHE DEFAULT)
  TABLESPACE "SYSTEM" ;
--------------------------------------------------------
--  DDL for Table CAFE_REVIEW
--------------------------------------------------------

  CREATE TABLE "DB_SAWEE"."CAFE_REVIEW" 
   (	"CR_NO" NUMBER(15,0) DEFAULT '', 
	"C_NO" NUMBER(15,0) DEFAULT '', 
	"M_NO" NUMBER(15,0) DEFAULT '', 
	"CR_TITLE" VARCHAR2(100 BYTE), 
	"CR_CONTENT" VARCHAR2(4000 BYTE), 
	"CR_WRITTEN_DATE" DATE DEFAULT SYSDATE, 
	"CR_UPDATED_DATE" DATE DEFAULT SYSDATE, 
	"CR_HIT" NUMBER(10,0) DEFAULT 0, 
	"CR_RECOMMEND_NUM" NUMBER(10,0) DEFAULT 0, 
	"CR_REPORT_NUM" NUMBER(10,0) DEFAULT 0, 
	"CR_ISLAND" NUMBER(1,0) DEFAULT 0, 
	"BT_NO" NUMBER(15,0) DEFAULT 11
   ) SEGMENT CREATION IMMEDIATE 
  PCTFREE 10 PCTUSED 40 INITRANS 1 MAXTRANS 255 NOCOMPRESS LOGGING
  STORAGE(INITIAL 65536 NEXT 1048576 MINEXTENTS 1 MAXEXTENTS 2147483645
  PCTINCREASE 0 FREELISTS 1 FREELIST GROUPS 1 BUFFER_POOL DEFAULT FLASH_CACHE DEFAULT CELL_FLASH_CACHE DEFAULT)
  TABLESPACE "SYSTEM" ;
--------------------------------------------------------
--  DDL for Table CM_COMMENT
--------------------------------------------------------

  CREATE TABLE "DB_SAWEE"."CM_COMMENT" 
   (	"CM_NO" NUMBER(15,0) DEFAULT '', 
	"M_NO" NUMBER(15,0) DEFAULT '', 
	"CM_CONTENT" VARCHAR2(400 BYTE) DEFAULT '', 
	"CM_WRITTEN_DATE" DATE DEFAULT SYSDATE, 
	"CM_UPDATED_DATE" DATE DEFAULT SYSDATE, 
	"CM_TYPE" VARCHAR2(100 BYTE) DEFAULT '', 
	"CM_NO2" NUMBER(15,0) DEFAULT '', 
	"CM_RECOMMEND_NUM" NUMBER(10,0) DEFAULT 0, 
	"CM_REPORT_NUM" NUMBER(10,0) DEFAULT 0, 
	"CM_RATING" NUMBER(1,0) DEFAULT 5, 
	"CM_GROUP" NUMBER(10,0) DEFAULT 0, 
	"CM_STEP" NUMBER(10,0) DEFAULT 0, 
	"CM_INDENT" NUMBER(10,0) DEFAULT 0
   ) SEGMENT CREATION IMMEDIATE 
  PCTFREE 10 PCTUSED 40 INITRANS 1 MAXTRANS 255 NOCOMPRESS LOGGING
  STORAGE(INITIAL 65536 NEXT 1048576 MINEXTENTS 1 MAXEXTENTS 2147483645
  PCTINCREASE 0 FREELISTS 1 FREELIST GROUPS 1 BUFFER_POOL DEFAULT FLASH_CACHE DEFAULT CELL_FLASH_CACHE DEFAULT)
  TABLESPACE "SYSTEM" ;
--------------------------------------------------------
--  DDL for Table FAQ
--------------------------------------------------------

  CREATE TABLE "DB_SAWEE"."FAQ" 
   (	"FAQ_NO" NUMBER(15,0) DEFAULT '', 
	"S_NO" NUMBER(15,0) DEFAULT '', 
	"FAQ_TITLE" VARCHAR2(100 BYTE), 
	"FAQ_CONTENT" VARCHAR2(4000 BYTE), 
	"FAQ_WRITTEN_DATE" DATE DEFAULT SYSDATE, 
	"FAQ_UPDATED_DATE" DATE DEFAULT SYSDATE, 
	"FAQ_HIT" NUMBER(10,0) DEFAULT 0
   ) SEGMENT CREATION IMMEDIATE 
  PCTFREE 10 PCTUSED 40 INITRANS 1 MAXTRANS 255 NOCOMPRESS LOGGING
  STORAGE(INITIAL 65536 NEXT 1048576 MINEXTENTS 1 MAXEXTENTS 2147483645
  PCTINCREASE 0 FREELISTS 1 FREELIST GROUPS 1 BUFFER_POOL DEFAULT FLASH_CACHE DEFAULT CELL_FLASH_CACHE DEFAULT)
  TABLESPACE "SYSTEM" ;
--------------------------------------------------------
--  DDL for Table F_FILE
--------------------------------------------------------

  CREATE TABLE "DB_SAWEE"."F_FILE" 
   (	"F_NO" NUMBER(15,0) DEFAULT '', 
	"F_NAME" VARCHAR2(200 BYTE) DEFAULT '', 
	"F_TYPE" VARCHAR2(100 BYTE) DEFAULT '', 
	"F_PATH" VARCHAR2(400 BYTE) DEFAULT '', 
	"F_USE" VARCHAR2(400 BYTE) DEFAULT ''
   ) SEGMENT CREATION IMMEDIATE 
  PCTFREE 10 PCTUSED 40 INITRANS 1 MAXTRANS 255 NOCOMPRESS LOGGING
  STORAGE(INITIAL 65536 NEXT 1048576 MINEXTENTS 1 MAXEXTENTS 2147483645
  PCTINCREASE 0 FREELISTS 1 FREELIST GROUPS 1 BUFFER_POOL DEFAULT FLASH_CACHE DEFAULT CELL_FLASH_CACHE DEFAULT)
  TABLESPACE "SYSTEM" ;
--------------------------------------------------------
--  DDL for Table GAME
--------------------------------------------------------

  CREATE TABLE "DB_SAWEE"."GAME" 
   (	"G_NO" NUMBER(15,0) DEFAULT '', 
	"G_NAME" VARCHAR2(200 BYTE) DEFAULT '', 
	"G_WRITTEN_DATE" DATE DEFAULT SYSDATE, 
	"G_UPDATED_DATE" DATE DEFAULT SYSDATE, 
	"G_HIT" NUMBER(10,0) DEFAULT 0, 
	"G_RECOMMEND_NUM" NUMBER(10,0) DEFAULT 0, 
	"G_MIN" NUMBER(10,0) DEFAULT 0, 
	"G_MAX" NUMBER(10,0) DEFAULT 0, 
	"G_PLAYTIME" NUMBER(10,0) DEFAULT 0, 
	"G_RELEASE" NUMBER(10,0) DEFAULT 0, 
	"G_LEVEL" NUMBER(10,0) DEFAULT 0, 
	"G_RULETIME" NUMBER(10,0) DEFAULT 0, 
	"G_LANG" NUMBER(10,0) DEFAULT 0, 
	"G_INTER" NUMBER(10,0) DEFAULT 0, 
	"G_THEME" NUMBER(10,0) DEFAULT 0, 
	"G_REPLAY" NUMBER(10,0) DEFAULT 0, 
	"G_ARTWORK" NUMBER(10,0) DEFAULT 0, 
	"G_CONTENTS" NUMBER(10,0) DEFAULT 0, 
	"G_NUM" NUMBER(10,0) DEFAULT 0, 
	"G_IMAGE" VARCHAR2(200 BYTE), 
	"G_THUMBNAIL" VARCHAR2(200 BYTE), 
	"G_NAME_KOR" VARCHAR2(200 BYTE)
   ) SEGMENT CREATION IMMEDIATE 
  PCTFREE 10 PCTUSED 40 INITRANS 1 MAXTRANS 255 NOCOMPRESS LOGGING
  STORAGE(INITIAL 65536 NEXT 1048576 MINEXTENTS 1 MAXEXTENTS 2147483645
  PCTINCREASE 0 FREELISTS 1 FREELIST GROUPS 1 BUFFER_POOL DEFAULT FLASH_CACHE DEFAULT CELL_FLASH_CACHE DEFAULT)
  TABLESPACE "SYSTEM" ;
--------------------------------------------------------
--  DDL for Table GAME_CLASS
--------------------------------------------------------

  CREATE TABLE "DB_SAWEE"."GAME_CLASS" 
   (	"G_NO" NUMBER(15,0) DEFAULT '', 
	"GC_TYPE" VARCHAR2(100 BYTE) DEFAULT '', 
	"GC_NUM" NUMBER(10,0) DEFAULT 0
   ) SEGMENT CREATION IMMEDIATE 
  PCTFREE 10 PCTUSED 40 INITRANS 1 MAXTRANS 255 NOCOMPRESS LOGGING
  STORAGE(INITIAL 65536 NEXT 1048576 MINEXTENTS 1 MAXEXTENTS 2147483645
  PCTINCREASE 0 FREELISTS 1 FREELIST GROUPS 1 BUFFER_POOL DEFAULT FLASH_CACHE DEFAULT CELL_FLASH_CACHE DEFAULT)
  TABLESPACE "SYSTEM" ;
--------------------------------------------------------
--  DDL for Table GAME_METHOD
--------------------------------------------------------

  CREATE TABLE "DB_SAWEE"."GAME_METHOD" 
   (	"GM_NO" NUMBER(15,0) DEFAULT '', 
	"GM_NAME" VARCHAR2(40 BYTE) DEFAULT ''
   ) SEGMENT CREATION IMMEDIATE 
  PCTFREE 10 PCTUSED 40 INITRANS 1 MAXTRANS 255 NOCOMPRESS LOGGING
  STORAGE(INITIAL 65536 NEXT 1048576 MINEXTENTS 1 MAXEXTENTS 2147483645
  PCTINCREASE 0 FREELISTS 1 FREELIST GROUPS 1 BUFFER_POOL DEFAULT FLASH_CACHE DEFAULT CELL_FLASH_CACHE DEFAULT)
  TABLESPACE "SYSTEM" ;
--------------------------------------------------------
--  DDL for Table GAME_PERSON
--------------------------------------------------------

  CREATE TABLE "DB_SAWEE"."GAME_PERSON" 
   (	"G_NO" NUMBER(15,0) DEFAULT '', 
	"GP_PERSON" NUMBER(10,0), 
	"GP_NUM" NUMBER(10,0) DEFAULT 0
   ) SEGMENT CREATION IMMEDIATE 
  PCTFREE 10 PCTUSED 40 INITRANS 1 MAXTRANS 255 NOCOMPRESS LOGGING
  STORAGE(INITIAL 65536 NEXT 1048576 MINEXTENTS 1 MAXEXTENTS 2147483645
  PCTINCREASE 0 FREELISTS 1 FREELIST GROUPS 1 BUFFER_POOL DEFAULT FLASH_CACHE DEFAULT CELL_FLASH_CACHE DEFAULT)
  TABLESPACE "SYSTEM" ;
--------------------------------------------------------
--  DDL for Table GAME_SORT
--------------------------------------------------------

  CREATE TABLE "DB_SAWEE"."GAME_SORT" 
   (	"GS_NO" NUMBER(15,0) DEFAULT '', 
	"GS_NAME" VARCHAR2(40 BYTE) DEFAULT ''
   ) SEGMENT CREATION IMMEDIATE 
  PCTFREE 10 PCTUSED 40 INITRANS 1 MAXTRANS 255 NOCOMPRESS LOGGING
  STORAGE(INITIAL 65536 NEXT 1048576 MINEXTENTS 1 MAXEXTENTS 2147483645
  PCTINCREASE 0 FREELISTS 1 FREELIST GROUPS 1 BUFFER_POOL DEFAULT FLASH_CACHE DEFAULT CELL_FLASH_CACHE DEFAULT)
  TABLESPACE "SYSTEM" ;
--------------------------------------------------------
--  DDL for Table GAME_THEME
--------------------------------------------------------

  CREATE TABLE "DB_SAWEE"."GAME_THEME" 
   (	"GT_NO" NUMBER(15,0) DEFAULT '', 
	"GT_NAME" VARCHAR2(40 BYTE) DEFAULT ''
   ) SEGMENT CREATION IMMEDIATE 
  PCTFREE 10 PCTUSED 40 INITRANS 1 MAXTRANS 255 NOCOMPRESS LOGGING
  STORAGE(INITIAL 65536 NEXT 1048576 MINEXTENTS 1 MAXEXTENTS 2147483645
  PCTINCREASE 0 FREELISTS 1 FREELIST GROUPS 1 BUFFER_POOL DEFAULT FLASH_CACHE DEFAULT CELL_FLASH_CACHE DEFAULT)
  TABLESPACE "SYSTEM" ;
--------------------------------------------------------
--  DDL for Table MEMBER
--------------------------------------------------------

  CREATE TABLE "DB_SAWEE"."MEMBER" 
   (	"M_NO" NUMBER(15,0) DEFAULT '', 
	"M_ID" VARCHAR2(40 BYTE) DEFAULT '', 
	"M_PW" VARCHAR2(100 BYTE) DEFAULT '', 
	"M_NAME" VARCHAR2(40 BYTE) DEFAULT '', 
	"M_BIRTH" NUMBER DEFAULT '', 
	"M_NICK" VARCHAR2(40 BYTE) DEFAULT '', 
	"M_GENDER" VARCHAR2(2 BYTE) DEFAULT 'n', 
	"M_POINT" NUMBER(10,0) DEFAULT 0, 
	"M_PHONE" VARCHAR2(22 BYTE) DEFAULT '', 
	"M_EMAIL" VARCHAR2(100 BYTE), 
	"M_POST" NUMBER(10,0) DEFAULT 0, 
	"M_ADDR1" VARCHAR2(200 BYTE), 
	"M_ADDR2" VARCHAR2(200 BYTE), 
	"R_NO" NUMBER(15,0) DEFAULT '', 
	"M_RE_SMS" VARCHAR2(2 BYTE) DEFAULT 'n', 
	"M_RE_NOTICE" VARCHAR2(2 BYTE) DEFAULT 'n', 
	"M_RE_MESSAGE" VARCHAR2(2 BYTE) DEFAULT 'n', 
	"M_INFO" VARCHAR2(2 BYTE) DEFAULT 'n', 
	"M_SELF" VARCHAR2(400 BYTE) DEFAULT '', 
	"M_INDATE" DATE DEFAULT SYSDATE, 
	"M_OUTDATE" DATE DEFAULT SYSDATE, 
	"M_OUT" VARCHAR2(2 BYTE) DEFAULT 'n', 
	"M_REPORT_NUM" NUMBER(10,0) DEFAULT 0, 
	"M_EXTRA" VARCHAR2(100 BYTE) DEFAULT '', 
	"F_NO" NUMBER(15,0) DEFAULT ''
   ) SEGMENT CREATION IMMEDIATE 
  PCTFREE 10 PCTUSED 40 INITRANS 1 MAXTRANS 255 NOCOMPRESS LOGGING
  STORAGE(INITIAL 65536 NEXT 1048576 MINEXTENTS 1 MAXEXTENTS 2147483645
  PCTINCREASE 0 FREELISTS 1 FREELIST GROUPS 1 BUFFER_POOL DEFAULT FLASH_CACHE DEFAULT CELL_FLASH_CACHE DEFAULT)
  TABLESPACE "SYSTEM" ;
--------------------------------------------------------
--  DDL for Table NOTE
--------------------------------------------------------

  CREATE TABLE "DB_SAWEE"."NOTE" 
   (	"N_NO" NUMBER(15,0) DEFAULT '', 
	"M_NO" NUMBER(15,0) DEFAULT '', 
	"M_NO2" NUMBER(15,0) DEFAULT '', 
	"N_TITLE" VARCHAR2(100 BYTE), 
	"N_CONTENT" VARCHAR2(400 BYTE) DEFAULT '', 
	"N_WRITTEN_DATE" DATE DEFAULT SYSDATE, 
	"N_CHECK" NUMBER(1,0) DEFAULT 1
   ) SEGMENT CREATION IMMEDIATE 
  PCTFREE 10 PCTUSED 40 INITRANS 1 MAXTRANS 255 NOCOMPRESS LOGGING
  STORAGE(INITIAL 65536 NEXT 1048576 MINEXTENTS 1 MAXEXTENTS 2147483645
  PCTINCREASE 0 FREELISTS 1 FREELIST GROUPS 1 BUFFER_POOL DEFAULT FLASH_CACHE DEFAULT CELL_FLASH_CACHE DEFAULT)
  TABLESPACE "SYSTEM" ;
--------------------------------------------------------
--  DDL for Table PAYMENT
--------------------------------------------------------

  CREATE TABLE "DB_SAWEE"."PAYMENT" 
   (	"P_NO" NUMBER(15,0) DEFAULT '', 
	"T_NO" NUMBER(15,0) DEFAULT '', 
	"M_SNO" NUMBER(15,0) DEFAULT '', 
	"M_BNO" NUMBER(15,0) DEFAULT '', 
	"P_PRICE" NUMBER(10,0) DEFAULT 0, 
	"P_STATUS" VARCHAR2(40 BYTE) DEFAULT '', 
	"P_ORDER_DATE" DATE DEFAULT SYSDATE, 
	"P_PAYMENT_DATE" DATE DEFAULT SYSDATE
   ) SEGMENT CREATION IMMEDIATE 
  PCTFREE 10 PCTUSED 40 INITRANS 1 MAXTRANS 255 NOCOMPRESS LOGGING
  STORAGE(INITIAL 65536 NEXT 1048576 MINEXTENTS 1 MAXEXTENTS 2147483645
  PCTINCREASE 0 FREELISTS 1 FREELIST GROUPS 1 BUFFER_POOL DEFAULT FLASH_CACHE DEFAULT CELL_FLASH_CACHE DEFAULT)
  TABLESPACE "SYSTEM" ;

   COMMENT ON COLUMN "DB_SAWEE"."PAYMENT"."P_STATUS" IS '거래 상태: 1.입금대기 2.결제완료 3.배송준비중 4.배송완료 (관리자 승인 후) 5.거래완료(판매자에게 입금완료) 6. 거래취소';
--------------------------------------------------------
--  DDL for Table RANK
--------------------------------------------------------

  CREATE TABLE "DB_SAWEE"."RANK" 
   (	"R_NO" NUMBER(15,0) DEFAULT '', 
	"R_NAME" VARCHAR2(40 BYTE) DEFAULT ''
   ) SEGMENT CREATION IMMEDIATE 
  PCTFREE 10 PCTUSED 40 INITRANS 1 MAXTRANS 255 NOCOMPRESS LOGGING
  STORAGE(INITIAL 65536 NEXT 1048576 MINEXTENTS 1 MAXEXTENTS 2147483645
  PCTINCREASE 0 FREELISTS 1 FREELIST GROUPS 1 BUFFER_POOL DEFAULT FLASH_CACHE DEFAULT CELL_FLASH_CACHE DEFAULT)
  TABLESPACE "SYSTEM" ;
--------------------------------------------------------
--  DDL for Table REPORT
--------------------------------------------------------

  CREATE TABLE "DB_SAWEE"."REPORT" 
   (	"R_NO" NUMBER(15,0) DEFAULT '', 
	"M_NO" NUMBER(15,0) DEFAULT '', 
	"R_TYPE" VARCHAR2(100 BYTE) DEFAULT '', 
	"R_TYPE_NO" NUMBER(15,0) DEFAULT '', 
	"R_CONTENT" VARCHAR2(400 BYTE) DEFAULT '', 
	"R_REPORT_DATE" DATE DEFAULT SYSDATE
   ) SEGMENT CREATION IMMEDIATE 
  PCTFREE 10 PCTUSED 40 INITRANS 1 MAXTRANS 255 NOCOMPRESS LOGGING
  STORAGE(INITIAL 65536 NEXT 1048576 MINEXTENTS 1 MAXEXTENTS 2147483645
  PCTINCREASE 0 FREELISTS 1 FREELIST GROUPS 1 BUFFER_POOL DEFAULT FLASH_CACHE DEFAULT CELL_FLASH_CACHE DEFAULT)
  TABLESPACE "SYSTEM" ;
--------------------------------------------------------
--  DDL for Table SCRAP
--------------------------------------------------------

  CREATE TABLE "DB_SAWEE"."SCRAP" 
   (	"M_NO" NUMBER(15,0) DEFAULT '', 
	"SC_BOARDTYPE" VARCHAR2(100 BYTE) DEFAULT '', 
	"SC_NO" NUMBER(15,0) DEFAULT ''
   ) SEGMENT CREATION IMMEDIATE 
  PCTFREE 10 PCTUSED 40 INITRANS 1 MAXTRANS 255 NOCOMPRESS LOGGING
  STORAGE(INITIAL 65536 NEXT 1048576 MINEXTENTS 1 MAXEXTENTS 2147483645
  PCTINCREASE 0 FREELISTS 1 FREELIST GROUPS 1 BUFFER_POOL DEFAULT FLASH_CACHE DEFAULT CELL_FLASH_CACHE DEFAULT)
  TABLESPACE "SYSTEM" ;
--------------------------------------------------------
--  DDL for Table SPONSOR
--------------------------------------------------------

  CREATE TABLE "DB_SAWEE"."SPONSOR" 
   (	"SP_NO" NUMBER(15,0) DEFAULT '', 
	"M_NO" NUMBER(15,0) DEFAULT '', 
	"SP_MONEY" NUMBER(10,0) DEFAULT 0, 
	"SP_DATE" DATE DEFAULT SYSDATE
   ) SEGMENT CREATION IMMEDIATE 
  PCTFREE 10 PCTUSED 40 INITRANS 1 MAXTRANS 255 NOCOMPRESS LOGGING
  STORAGE(INITIAL 65536 NEXT 1048576 MINEXTENTS 1 MAXEXTENTS 2147483645
  PCTINCREASE 0 FREELISTS 1 FREELIST GROUPS 1 BUFFER_POOL DEFAULT FLASH_CACHE DEFAULT CELL_FLASH_CACHE DEFAULT)
  TABLESPACE "SYSTEM" ;
--------------------------------------------------------
--  DDL for Table STATISTICS
--------------------------------------------------------

  CREATE TABLE "DB_SAWEE"."STATISTICS" 
   (	"ST_NO" NUMBER(15,0) DEFAULT '', 
	"ST_DATE" DATE DEFAULT SYSDATE, 
	"ST_VISITOR_NUM" NUMBER(10,0) DEFAULT 0, 
	"ST_POST_NUM" NUMBER(10,0) DEFAULT 0, 
	"ST_TRADE_NUM" NUMBER(10,0) DEFAULT 0, 
	"ST_COMMENT_NUM" NUMBER(10,0) DEFAULT 0
   ) SEGMENT CREATION IMMEDIATE 
  PCTFREE 10 PCTUSED 40 INITRANS 1 MAXTRANS 255 NOCOMPRESS LOGGING
  STORAGE(INITIAL 65536 NEXT 1048576 MINEXTENTS 1 MAXEXTENTS 2147483645
  PCTINCREASE 0 FREELISTS 1 FREELIST GROUPS 1 BUFFER_POOL DEFAULT FLASH_CACHE DEFAULT CELL_FLASH_CACHE DEFAULT)
  TABLESPACE "SYSTEM" ;
--------------------------------------------------------
--  DDL for Table SUBJECT
--------------------------------------------------------

  CREATE TABLE "DB_SAWEE"."SUBJECT" 
   (	"S_NO" NUMBER(15,0) DEFAULT '', 
	"BT_NO" NUMBER(15,0) DEFAULT '', 
	"S_CONTENT" VARCHAR2(100 BYTE)
   ) SEGMENT CREATION IMMEDIATE 
  PCTFREE 10 PCTUSED 40 INITRANS 1 MAXTRANS 255 NOCOMPRESS LOGGING
  STORAGE(INITIAL 65536 NEXT 1048576 MINEXTENTS 1 MAXEXTENTS 2147483645
  PCTINCREASE 0 FREELISTS 1 FREELIST GROUPS 1 BUFFER_POOL DEFAULT FLASH_CACHE DEFAULT CELL_FLASH_CACHE DEFAULT)
  TABLESPACE "SYSTEM" ;
--------------------------------------------------------
--  DDL for Table TRADE
--------------------------------------------------------

  CREATE TABLE "DB_SAWEE"."TRADE" 
   (	"T_NO" NUMBER(15,0) DEFAULT '', 
	"M_NO" NUMBER(15,0) DEFAULT '', 
	"S_NO" NUMBER(15,0) DEFAULT '', 
	"T_TITLE" VARCHAR2(100 BYTE), 
	"T_CONTENT" VARCHAR2(4000 BYTE), 
	"T_WRITTEN_DATE" DATE DEFAULT SYSDATE, 
	"T_UPDATED_DATE" DATE DEFAULT SYSDATE, 
	"T_HIT" NUMBER(10,0) DEFAULT 0, 
	"T_RECOMMEND_NUM" NUMBER(10,0) DEFAULT 0, 
	"T_REPORT_NUM" NUMBER(10,0) DEFAULT 0, 
	"T_ISLAND" NUMBER(1,0) DEFAULT 0, 
	"T_PRICE" NUMBER(10,0) DEFAULT 0, 
	"BT_NO" NUMBER(15,0) DEFAULT 9
   ) SEGMENT CREATION IMMEDIATE 
  PCTFREE 10 PCTUSED 40 INITRANS 1 MAXTRANS 255 NOCOMPRESS LOGGING
  STORAGE(INITIAL 65536 NEXT 1048576 MINEXTENTS 1 MAXEXTENTS 2147483645
  PCTINCREASE 0 FREELISTS 1 FREELIST GROUPS 1 BUFFER_POOL DEFAULT FLASH_CACHE DEFAULT CELL_FLASH_CACHE DEFAULT)
  TABLESPACE "SYSTEM" ;
--------------------------------------------------------
--  DDL for Table TRADE_GAME
--------------------------------------------------------

  CREATE TABLE "DB_SAWEE"."TRADE_GAME" 
   (	"TG_NO" NUMBER(15,0) DEFAULT '', 
	"T_NO" NUMBER(15,0) DEFAULT '', 
	"G_NO" NUMBER(15,0) DEFAULT '', 
	"TG_NAME" VARCHAR2(40 BYTE) DEFAULT '', 
	"TG_PRICE" NUMBER(10,0) DEFAULT 0
   ) SEGMENT CREATION IMMEDIATE 
  PCTFREE 10 PCTUSED 40 INITRANS 1 MAXTRANS 255 NOCOMPRESS LOGGING
  STORAGE(INITIAL 65536 NEXT 1048576 MINEXTENTS 1 MAXEXTENTS 2147483645
  PCTINCREASE 0 FREELISTS 1 FREELIST GROUPS 1 BUFFER_POOL DEFAULT FLASH_CACHE DEFAULT CELL_FLASH_CACHE DEFAULT)
  TABLESPACE "SYSTEM" ;

   COMMENT ON COLUMN "DB_SAWEE"."TRADE_GAME"."TG_NO" IS '중고거래에서 해당 게임을 호출하기 위한 번호..';
   COMMENT ON COLUMN "DB_SAWEE"."TRADE_GAME"."T_NO" IS '해당 중고거래 글 번호';
   COMMENT ON COLUMN "DB_SAWEE"."TRADE_GAME"."G_NO" IS '등록된 게임의 경우 번호를 이용하여 게임정보와 연결한다.';
   COMMENT ON COLUMN "DB_SAWEE"."TRADE_GAME"."TG_NAME" IS '등록되지 않은 게임의 경우 이름을 직접 쓴다';
   COMMENT ON COLUMN "DB_SAWEE"."TRADE_GAME"."TG_PRICE" IS '각각의 게임의 가격';
--------------------------------------------------------
--  DDL for Table VISIT
--------------------------------------------------------

  CREATE TABLE "DB_SAWEE"."VISIT" 
   (	"V_DATE" DATE
   ) SEGMENT CREATION IMMEDIATE 
  PCTFREE 10 PCTUSED 40 INITRANS 1 MAXTRANS 255 NOCOMPRESS LOGGING
  STORAGE(INITIAL 65536 NEXT 1048576 MINEXTENTS 1 MAXEXTENTS 2147483645
  PCTINCREASE 0 FREELISTS 1 FREELIST GROUPS 1 BUFFER_POOL DEFAULT FLASH_CACHE DEFAULT CELL_FLASH_CACHE DEFAULT)
  TABLESPACE "SYSTEM" ;
--------------------------------------------------------
--  DDL for Table WD_RECORD
--------------------------------------------------------

  CREATE TABLE "DB_SAWEE"."WD_RECORD" 
   (	"M_NO" NUMBER(15,0) DEFAULT '', 
	"W_NO" NUMBER(15,0) DEFAULT '', 
	"WR_REASON" VARCHAR2(400 BYTE) DEFAULT ''
   ) SEGMENT CREATION IMMEDIATE 
  PCTFREE 10 PCTUSED 40 INITRANS 1 MAXTRANS 255 NOCOMPRESS LOGGING
  STORAGE(INITIAL 65536 NEXT 1048576 MINEXTENTS 1 MAXEXTENTS 2147483645
  PCTINCREASE 0 FREELISTS 1 FREELIST GROUPS 1 BUFFER_POOL DEFAULT FLASH_CACHE DEFAULT CELL_FLASH_CACHE DEFAULT)
  TABLESPACE "SYSTEM" ;
--------------------------------------------------------
--  DDL for Table WITHDRAWAL
--------------------------------------------------------

  CREATE TABLE "DB_SAWEE"."WITHDRAWAL" 
   (	"W_NO" NUMBER(15,0) DEFAULT '', 
	"W_REASON" VARCHAR2(400 BYTE) DEFAULT ''
   ) SEGMENT CREATION IMMEDIATE 
  PCTFREE 10 PCTUSED 40 INITRANS 1 MAXTRANS 255 NOCOMPRESS LOGGING
  STORAGE(INITIAL 65536 NEXT 1048576 MINEXTENTS 1 MAXEXTENTS 2147483645
  PCTINCREASE 0 FREELISTS 1 FREELIST GROUPS 1 BUFFER_POOL DEFAULT FLASH_CACHE DEFAULT CELL_FLASH_CACHE DEFAULT)
  TABLESPACE "SYSTEM" ;
REM INSERTING into DB_SAWEE.BOARD_FILE
SET DEFINE OFF;
REM INSERTING into DB_SAWEE.BOARD_GAME
SET DEFINE OFF;
Insert into DB_SAWEE.BOARD_GAME (BT_NO,G_NO,BG_WNO) values (2,33,249);
Insert into DB_SAWEE.BOARD_GAME (BT_NO,G_NO,BG_WNO) values (2,21,250);
Insert into DB_SAWEE.BOARD_GAME (BT_NO,G_NO,BG_WNO) values (2,1,251);
Insert into DB_SAWEE.BOARD_GAME (BT_NO,G_NO,BG_WNO) values (3,33,252);
Insert into DB_SAWEE.BOARD_GAME (BT_NO,G_NO,BG_WNO) values (3,1,252);
Insert into DB_SAWEE.BOARD_GAME (BT_NO,G_NO,BG_WNO) values (3,6,252);
REM INSERTING into DB_SAWEE.BOARD_TYPE
SET DEFINE OFF;
Insert into DB_SAWEE.BOARD_TYPE (BT_NO,BT_NAME,BT_INFO,BT_EXTRA) values (1,'보드이야기','커뮤니티',null);
Insert into DB_SAWEE.BOARD_TYPE (BT_NO,BT_NAME,BT_INFO,BT_EXTRA) values (2,'개봉기 및 리뷰','커뮤니티',null);
Insert into DB_SAWEE.BOARD_TYPE (BT_NO,BT_NAME,BT_INFO,BT_EXTRA) values (3,'보드게임 모임','커뮤니티',null);
Insert into DB_SAWEE.BOARD_TYPE (BT_NO,BT_NAME,BT_INFO,BT_EXTRA) values (4,'보드 뉴스','커뮤니티',null);
Insert into DB_SAWEE.BOARD_TYPE (BT_NO,BT_NAME,BT_INFO,BT_EXTRA) values (5,'질문과 답변','커뮤니티',null);
Insert into DB_SAWEE.BOARD_TYPE (BT_NO,BT_NAME,BT_INFO,BT_EXTRA) values (6,'창작 보드게임','커뮤니티',null);
Insert into DB_SAWEE.BOARD_TYPE (BT_NO,BT_NAME,BT_INFO,BT_EXTRA) values (7,'자주하는 질문','헬프데스크',null);
Insert into DB_SAWEE.BOARD_TYPE (BT_NO,BT_NAME,BT_INFO,BT_EXTRA) values (8,'일대일 문의','헬프데스크',null);
Insert into DB_SAWEE.BOARD_TYPE (BT_NO,BT_NAME,BT_INFO,BT_EXTRA) values (9,'보부상','중고거래',null);
Insert into DB_SAWEE.BOARD_TYPE (BT_NO,BT_NAME,BT_INFO,BT_EXTRA) values (10,'카페','카페',null);
Insert into DB_SAWEE.BOARD_TYPE (BT_NO,BT_NAME,BT_INFO,BT_EXTRA) values (11,'카페 리뷰','카페',null);
Insert into DB_SAWEE.BOARD_TYPE (BT_NO,BT_NAME,BT_INFO,BT_EXTRA) values (12,'공지사항','공지사항',null);
REM INSERTING into DB_SAWEE.BOARD_WRITE
SET DEFINE OFF;
Insert into DB_SAWEE.BOARD_WRITE (BW_NO,M_NO,BT_NO,S_NO,BW_TITLE,BW_CONTENT,BW_WRITTEN_DATE,BW_UPDATED_DATE,BW_HIT,BW_RECOMMEND_NUM,BW_REPORT_NUM,BW_ISLAND,BW_SECRET) values (129,11,1,1,'보드게임의 최고봉은?','<p>역시 부루마블이죠^^&nbsp;</p>',to_date('20/04/06','RR/MM/DD'),to_date('20/04/06','RR/MM/DD'),43,25,1,0,'n');
Insert into DB_SAWEE.BOARD_WRITE (BW_NO,M_NO,BT_NO,S_NO,BW_TITLE,BW_CONTENT,BW_WRITTEN_DATE,BW_UPDATED_DATE,BW_HIT,BW_RECOMMEND_NUM,BW_REPORT_NUM,BW_ISLAND,BW_SECRET) values (2,2,2,4,'게시글2','글 내용입니다리2',to_date('20/01/02','RR/MM/DD'),to_date('20/03/23','RR/MM/DD'),18,0,0,0,'N');
Insert into DB_SAWEE.BOARD_WRITE (BW_NO,M_NO,BT_NO,S_NO,BW_TITLE,BW_CONTENT,BW_WRITTEN_DATE,BW_UPDATED_DATE,BW_HIT,BW_RECOMMEND_NUM,BW_REPORT_NUM,BW_ISLAND,BW_SECRET) values (3,3,3,7,'게시글3','<p>글 내용입니다리3ㅇㅇㄹㅇ</p>',to_date('20/01/03','RR/MM/DD'),to_date('20/03/23','RR/MM/DD'),6,0,0,2,'N');
Insert into DB_SAWEE.BOARD_WRITE (BW_NO,M_NO,BT_NO,S_NO,BW_TITLE,BW_CONTENT,BW_WRITTEN_DATE,BW_UPDATED_DATE,BW_HIT,BW_RECOMMEND_NUM,BW_REPORT_NUM,BW_ISLAND,BW_SECRET) values (4,4,4,9,'게시글4','글 내용입니다리4',to_date('20/01/04','RR/MM/DD'),to_date('20/03/23','RR/MM/DD'),1,0,0,0,'N');
Insert into DB_SAWEE.BOARD_WRITE (BW_NO,M_NO,BT_NO,S_NO,BW_TITLE,BW_CONTENT,BW_WRITTEN_DATE,BW_UPDATED_DATE,BW_HIT,BW_RECOMMEND_NUM,BW_REPORT_NUM,BW_ISLAND,BW_SECRET) values (5,5,5,14,'게시글5','글 내용입니다리5',to_date('20/01/05','RR/MM/DD'),to_date('20/03/23','RR/MM/DD'),0,0,0,0,'N');
Insert into DB_SAWEE.BOARD_WRITE (BW_NO,M_NO,BT_NO,S_NO,BW_TITLE,BW_CONTENT,BW_WRITTEN_DATE,BW_UPDATED_DATE,BW_HIT,BW_RECOMMEND_NUM,BW_REPORT_NUM,BW_ISLAND,BW_SECRET) values (6,6,6,17,'게시글6','글 내용입니다리6',to_date('20/01/06','RR/MM/DD'),to_date('20/03/23','RR/MM/DD'),21,0,0,0,'N');
Insert into DB_SAWEE.BOARD_WRITE (BW_NO,M_NO,BT_NO,S_NO,BW_TITLE,BW_CONTENT,BW_WRITTEN_DATE,BW_UPDATED_DATE,BW_HIT,BW_RECOMMEND_NUM,BW_REPORT_NUM,BW_ISLAND,BW_SECRET) values (7,7,8,27,'게시글7','<p>글 내용입니다리7</p>',to_date('20/01/07','RR/MM/DD'),to_date('20/03/23','RR/MM/DD'),1,0,0,0,'y');
Insert into DB_SAWEE.BOARD_WRITE (BW_NO,M_NO,BT_NO,S_NO,BW_TITLE,BW_CONTENT,BW_WRITTEN_DATE,BW_UPDATED_DATE,BW_HIT,BW_RECOMMEND_NUM,BW_REPORT_NUM,BW_ISLAND,BW_SECRET) values (130,0,8,27,'결제결제결제','<p><span style="color:rgb(96,108,118);">만물은 이상을 얼음이 뜨고, 사막이다. 어디 구할 풀밭에 듣는다. 끓는 더운지라 두손을 우리의 원질이 우리는 날카로우나 뿐이다. 하여도 풍부하게 간에 옷을 아니다. 풍부하게 천하를 얼마나 열매를 청춘을 부패뿐이다. 피어나기 것은 자신과 위하여, 목숨이 우리 없으면 청춘을 그들은 위하여서. 더운지라 불어 것은 있으며, 같이 위하여서. 힘차게 밥을 싶이 같이 튼튼하며, 그리하였는가? 같이, 위하여 같은 기쁘며, 반짝이는 우리의 그들의 사막이다.</span><br><br><span style="color:rgb(96,108,118);">더운지라 풍부하게 광야에서 힘차게 그들의 사막이다. 심장의 만천하의 위하여서 사랑의 타오르고 만물은 피다. 원질이 남는 피가 쓸쓸한 쓸쓸하랴? 목숨이 어디 못할 뜨거운지라, 많이 있다. 것은 인생의 인생에 행복스럽고 설산에서 역사를 힘있다. 같은 그러므로 할지라도 이성은 이 봄바람이다. 유소년에게서 있으며, 끓는 가치를 청춘의 구하지 시들어 청춘 봄바람이다. 같이, 듣기만 이 그들은 불어 발휘하기 그들의 부패뿐이다. 얼음 부패를 이상의 있는가? 같지 할지라도 많이 만물은 끓는 곳으로 이상은 있으랴? 지혜는 청춘이 이성은 무엇을 길을 천고에 사는가 아니다.</span><br>&nbsp;</p>',to_date('20/04/06','RR/MM/DD'),to_date('20/04/06','RR/MM/DD'),0,0,0,0,'n');
Insert into DB_SAWEE.BOARD_WRITE (BW_NO,M_NO,BT_NO,S_NO,BW_TITLE,BW_CONTENT,BW_WRITTEN_DATE,BW_UPDATED_DATE,BW_HIT,BW_RECOMMEND_NUM,BW_REPORT_NUM,BW_ISLAND,BW_SECRET) values (9,9,2,5,'게시글9','글 내용입니다리9',to_date('20/01/09','RR/MM/DD'),to_date('20/03/23','RR/MM/DD'),0,0,0,0,'N');
Insert into DB_SAWEE.BOARD_WRITE (BW_NO,M_NO,BT_NO,S_NO,BW_TITLE,BW_CONTENT,BW_WRITTEN_DATE,BW_UPDATED_DATE,BW_HIT,BW_RECOMMEND_NUM,BW_REPORT_NUM,BW_ISLAND,BW_SECRET) values (10,10,3,8,'게시글10','글 내용입니다리10',to_date('20/01/10','RR/MM/DD'),to_date('20/03/23','RR/MM/DD'),1,0,0,0,'N');
Insert into DB_SAWEE.BOARD_WRITE (BW_NO,M_NO,BT_NO,S_NO,BW_TITLE,BW_CONTENT,BW_WRITTEN_DATE,BW_UPDATED_DATE,BW_HIT,BW_RECOMMEND_NUM,BW_REPORT_NUM,BW_ISLAND,BW_SECRET) values (11,11,4,10,'게시글11','글 내용입니다리11',to_date('20/01/11','RR/MM/DD'),to_date('20/03/23','RR/MM/DD'),16,0,0,0,'N');
Insert into DB_SAWEE.BOARD_WRITE (BW_NO,M_NO,BT_NO,S_NO,BW_TITLE,BW_CONTENT,BW_WRITTEN_DATE,BW_UPDATED_DATE,BW_HIT,BW_RECOMMEND_NUM,BW_REPORT_NUM,BW_ISLAND,BW_SECRET) values (12,12,5,15,'게시글12','글 내용입니다리12',to_date('20/01/12','RR/MM/DD'),to_date('20/03/23','RR/MM/DD'),0,0,0,1,'N');
Insert into DB_SAWEE.BOARD_WRITE (BW_NO,M_NO,BT_NO,S_NO,BW_TITLE,BW_CONTENT,BW_WRITTEN_DATE,BW_UPDATED_DATE,BW_HIT,BW_RECOMMEND_NUM,BW_REPORT_NUM,BW_ISLAND,BW_SECRET) values (13,13,8,28,'게시글13','글 내용입니다리13',to_date('20/01/13','RR/MM/DD'),to_date('20/03/23','RR/MM/DD'),2,0,0,1,'N');
Insert into DB_SAWEE.BOARD_WRITE (BW_NO,M_NO,BT_NO,S_NO,BW_TITLE,BW_CONTENT,BW_WRITTEN_DATE,BW_UPDATED_DATE,BW_HIT,BW_RECOMMEND_NUM,BW_REPORT_NUM,BW_ISLAND,BW_SECRET) values (14,14,8,28,'게시글14','글 내용입니다리14',to_date('20/01/14','RR/MM/DD'),to_date('20/03/23','RR/MM/DD'),1,0,0,1,'N');
Insert into DB_SAWEE.BOARD_WRITE (BW_NO,M_NO,BT_NO,S_NO,BW_TITLE,BW_CONTENT,BW_WRITTEN_DATE,BW_UPDATED_DATE,BW_HIT,BW_RECOMMEND_NUM,BW_REPORT_NUM,BW_ISLAND,BW_SECRET) values (15,1,1,3,'게시글15','글 내용입니다리15',to_date('20/01/15','RR/MM/DD'),to_date('20/03/23','RR/MM/DD'),0,0,0,1,'N');
Insert into DB_SAWEE.BOARD_WRITE (BW_NO,M_NO,BT_NO,S_NO,BW_TITLE,BW_CONTENT,BW_WRITTEN_DATE,BW_UPDATED_DATE,BW_HIT,BW_RECOMMEND_NUM,BW_REPORT_NUM,BW_ISLAND,BW_SECRET) values (16,2,2,6,'게시글16','글 내용입니다리16',to_date('20/01/16','RR/MM/DD'),to_date('20/03/23','RR/MM/DD'),0,0,0,1,'N');
Insert into DB_SAWEE.BOARD_WRITE (BW_NO,M_NO,BT_NO,S_NO,BW_TITLE,BW_CONTENT,BW_WRITTEN_DATE,BW_UPDATED_DATE,BW_HIT,BW_RECOMMEND_NUM,BW_REPORT_NUM,BW_ISLAND,BW_SECRET) values (17,3,3,7,'게시글17','글 내용입니다리17',to_date('20/01/17','RR/MM/DD'),to_date('20/03/23','RR/MM/DD'),0,0,0,1,'N');
Insert into DB_SAWEE.BOARD_WRITE (BW_NO,M_NO,BT_NO,S_NO,BW_TITLE,BW_CONTENT,BW_WRITTEN_DATE,BW_UPDATED_DATE,BW_HIT,BW_RECOMMEND_NUM,BW_REPORT_NUM,BW_ISLAND,BW_SECRET) values (18,4,4,11,'게시글18','글 내용입니다리18',to_date('20/01/18','RR/MM/DD'),to_date('20/03/23','RR/MM/DD'),0,0,0,1,'N');
Insert into DB_SAWEE.BOARD_WRITE (BW_NO,M_NO,BT_NO,S_NO,BW_TITLE,BW_CONTENT,BW_WRITTEN_DATE,BW_UPDATED_DATE,BW_HIT,BW_RECOMMEND_NUM,BW_REPORT_NUM,BW_ISLAND,BW_SECRET) values (19,5,5,16,'게시글19','글 내용입니다리19',to_date('20/01/19','RR/MM/DD'),to_date('20/03/23','RR/MM/DD'),1,0,0,1,'N');
Insert into DB_SAWEE.BOARD_WRITE (BW_NO,M_NO,BT_NO,S_NO,BW_TITLE,BW_CONTENT,BW_WRITTEN_DATE,BW_UPDATED_DATE,BW_HIT,BW_RECOMMEND_NUM,BW_REPORT_NUM,BW_ISLAND,BW_SECRET) values (20,6,6,19,'게시글20','글 내용입니다리20',to_date('20/01/20','RR/MM/DD'),to_date('20/03/23','RR/MM/DD'),0,0,0,1,'N');
Insert into DB_SAWEE.BOARD_WRITE (BW_NO,M_NO,BT_NO,S_NO,BW_TITLE,BW_CONTENT,BW_WRITTEN_DATE,BW_UPDATED_DATE,BW_HIT,BW_RECOMMEND_NUM,BW_REPORT_NUM,BW_ISLAND,BW_SECRET) values (21,7,8,29,'게시글21','글 내용입니다리21',to_date('20/01/21','RR/MM/DD'),to_date('20/03/23','RR/MM/DD'),0,0,0,1,'N');
Insert into DB_SAWEE.BOARD_WRITE (BW_NO,M_NO,BT_NO,S_NO,BW_TITLE,BW_CONTENT,BW_WRITTEN_DATE,BW_UPDATED_DATE,BW_HIT,BW_RECOMMEND_NUM,BW_REPORT_NUM,BW_ISLAND,BW_SECRET) values (22,8,1,1,'게시글22','글 내용입니다리22',to_date('20/01/22','RR/MM/DD'),to_date('20/03/23','RR/MM/DD'),0,0,0,1,'N');
Insert into DB_SAWEE.BOARD_WRITE (BW_NO,M_NO,BT_NO,S_NO,BW_TITLE,BW_CONTENT,BW_WRITTEN_DATE,BW_UPDATED_DATE,BW_HIT,BW_RECOMMEND_NUM,BW_REPORT_NUM,BW_ISLAND,BW_SECRET) values (23,9,2,4,'게시글23','글 내용입니다리23',to_date('20/01/23','RR/MM/DD'),to_date('20/03/23','RR/MM/DD'),0,0,0,1,'N');
Insert into DB_SAWEE.BOARD_WRITE (BW_NO,M_NO,BT_NO,S_NO,BW_TITLE,BW_CONTENT,BW_WRITTEN_DATE,BW_UPDATED_DATE,BW_HIT,BW_RECOMMEND_NUM,BW_REPORT_NUM,BW_ISLAND,BW_SECRET) values (24,10,3,8,'게시글24','글 내용입니다리24',to_date('20/01/24','RR/MM/DD'),to_date('20/03/23','RR/MM/DD'),0,0,0,1,'N');
Insert into DB_SAWEE.BOARD_WRITE (BW_NO,M_NO,BT_NO,S_NO,BW_TITLE,BW_CONTENT,BW_WRITTEN_DATE,BW_UPDATED_DATE,BW_HIT,BW_RECOMMEND_NUM,BW_REPORT_NUM,BW_ISLAND,BW_SECRET) values (25,11,4,12,'게시글25','글 내용입니다리25',to_date('20/01/25','RR/MM/DD'),to_date('20/03/23','RR/MM/DD'),0,0,0,1,'N');
Insert into DB_SAWEE.BOARD_WRITE (BW_NO,M_NO,BT_NO,S_NO,BW_TITLE,BW_CONTENT,BW_WRITTEN_DATE,BW_UPDATED_DATE,BW_HIT,BW_RECOMMEND_NUM,BW_REPORT_NUM,BW_ISLAND,BW_SECRET) values (26,12,5,14,'게시글26','글 내용입니다리26',to_date('20/01/26','RR/MM/DD'),to_date('20/03/23','RR/MM/DD'),0,0,0,1,'N');
Insert into DB_SAWEE.BOARD_WRITE (BW_NO,M_NO,BT_NO,S_NO,BW_TITLE,BW_CONTENT,BW_WRITTEN_DATE,BW_UPDATED_DATE,BW_HIT,BW_RECOMMEND_NUM,BW_REPORT_NUM,BW_ISLAND,BW_SECRET) values (27,13,6,20,'게시글27','글 내용입니다리27',to_date('20/01/27','RR/MM/DD'),to_date('20/03/23','RR/MM/DD'),0,0,0,2,'N');
Insert into DB_SAWEE.BOARD_WRITE (BW_NO,M_NO,BT_NO,S_NO,BW_TITLE,BW_CONTENT,BW_WRITTEN_DATE,BW_UPDATED_DATE,BW_HIT,BW_RECOMMEND_NUM,BW_REPORT_NUM,BW_ISLAND,BW_SECRET) values (28,14,8,30,'게시글28','글 내용입니다리28',to_date('20/01/28','RR/MM/DD'),to_date('20/03/23','RR/MM/DD'),0,0,0,2,'N');
Insert into DB_SAWEE.BOARD_WRITE (BW_NO,M_NO,BT_NO,S_NO,BW_TITLE,BW_CONTENT,BW_WRITTEN_DATE,BW_UPDATED_DATE,BW_HIT,BW_RECOMMEND_NUM,BW_REPORT_NUM,BW_ISLAND,BW_SECRET) values (29,1,1,2,'게시글29','글 내용입니다리29',to_date('20/01/29','RR/MM/DD'),to_date('20/03/23','RR/MM/DD'),0,0,0,2,'N');
Insert into DB_SAWEE.BOARD_WRITE (BW_NO,M_NO,BT_NO,S_NO,BW_TITLE,BW_CONTENT,BW_WRITTEN_DATE,BW_UPDATED_DATE,BW_HIT,BW_RECOMMEND_NUM,BW_REPORT_NUM,BW_ISLAND,BW_SECRET) values (30,2,2,5,'게시글30','글 내용입니다리30',to_date('20/01/30','RR/MM/DD'),to_date('20/03/23','RR/MM/DD'),0,0,0,2,'N');
Insert into DB_SAWEE.BOARD_WRITE (BW_NO,M_NO,BT_NO,S_NO,BW_TITLE,BW_CONTENT,BW_WRITTEN_DATE,BW_UPDATED_DATE,BW_HIT,BW_RECOMMEND_NUM,BW_REPORT_NUM,BW_ISLAND,BW_SECRET) values (31,3,3,7,'게시글31','글 내용입니다리31',to_date('20/01/31','RR/MM/DD'),to_date('20/03/23','RR/MM/DD'),0,0,0,2,'N');
Insert into DB_SAWEE.BOARD_WRITE (BW_NO,M_NO,BT_NO,S_NO,BW_TITLE,BW_CONTENT,BW_WRITTEN_DATE,BW_UPDATED_DATE,BW_HIT,BW_RECOMMEND_NUM,BW_REPORT_NUM,BW_ISLAND,BW_SECRET) values (32,4,4,13,'게시글32','글 내용입니다리32',to_date('20/02/01','RR/MM/DD'),to_date('20/03/23','RR/MM/DD'),1,0,0,2,'N');
Insert into DB_SAWEE.BOARD_WRITE (BW_NO,M_NO,BT_NO,S_NO,BW_TITLE,BW_CONTENT,BW_WRITTEN_DATE,BW_UPDATED_DATE,BW_HIT,BW_RECOMMEND_NUM,BW_REPORT_NUM,BW_ISLAND,BW_SECRET) values (109,11,8,29,'비밀글','<p>비밀글</p>',to_date('20/04/03','RR/MM/DD'),to_date('20/04/03','RR/MM/DD'),0,0,0,0,'y');
Insert into DB_SAWEE.BOARD_WRITE (BW_NO,M_NO,BT_NO,S_NO,BW_TITLE,BW_CONTENT,BW_WRITTEN_DATE,BW_UPDATED_DATE,BW_HIT,BW_RECOMMEND_NUM,BW_REPORT_NUM,BW_ISLAND,BW_SECRET) values (34,6,8,28,'게시글34','글 내용입니다리34',to_date('20/02/03','RR/MM/DD'),to_date('20/03/23','RR/MM/DD'),1,0,0,2,'N');
Insert into DB_SAWEE.BOARD_WRITE (BW_NO,M_NO,BT_NO,S_NO,BW_TITLE,BW_CONTENT,BW_WRITTEN_DATE,BW_UPDATED_DATE,BW_HIT,BW_RECOMMEND_NUM,BW_REPORT_NUM,BW_ISLAND,BW_SECRET) values (35,7,8,31,'게시글35','글 내용입니다리35',to_date('20/02/04','RR/MM/DD'),to_date('20/03/23','RR/MM/DD'),0,0,0,2,'N');
Insert into DB_SAWEE.BOARD_WRITE (BW_NO,M_NO,BT_NO,S_NO,BW_TITLE,BW_CONTENT,BW_WRITTEN_DATE,BW_UPDATED_DATE,BW_HIT,BW_RECOMMEND_NUM,BW_REPORT_NUM,BW_ISLAND,BW_SECRET) values (46,9,1,1,'게시글37','글 내용입니다리37',to_date('20/02/06','RR/MM/DD'),to_date('20/03/23','RR/MM/DD'),6,0,0,0,'N');
Insert into DB_SAWEE.BOARD_WRITE (BW_NO,M_NO,BT_NO,S_NO,BW_TITLE,BW_CONTENT,BW_WRITTEN_DATE,BW_UPDATED_DATE,BW_HIT,BW_RECOMMEND_NUM,BW_REPORT_NUM,BW_ISLAND,BW_SECRET) values (37,9,2,6,'게시글37','글 내용입니다리37',to_date('20/02/06','RR/MM/DD'),to_date('20/03/23','RR/MM/DD'),5,0,0,0,'N');
Insert into DB_SAWEE.BOARD_WRITE (BW_NO,M_NO,BT_NO,S_NO,BW_TITLE,BW_CONTENT,BW_WRITTEN_DATE,BW_UPDATED_DATE,BW_HIT,BW_RECOMMEND_NUM,BW_REPORT_NUM,BW_ISLAND,BW_SECRET) values (38,10,3,8,'게시글38','글 내용입니다리38',to_date('20/02/07','RR/MM/DD'),to_date('20/03/23','RR/MM/DD'),2,0,0,0,'N');
Insert into DB_SAWEE.BOARD_WRITE (BW_NO,M_NO,BT_NO,S_NO,BW_TITLE,BW_CONTENT,BW_WRITTEN_DATE,BW_UPDATED_DATE,BW_HIT,BW_RECOMMEND_NUM,BW_REPORT_NUM,BW_ISLAND,BW_SECRET) values (39,11,4,9,'게시글39','글 내용입니다리39',to_date('20/02/08','RR/MM/DD'),to_date('20/03/23','RR/MM/DD'),26,0,0,1,'N');
Insert into DB_SAWEE.BOARD_WRITE (BW_NO,M_NO,BT_NO,S_NO,BW_TITLE,BW_CONTENT,BW_WRITTEN_DATE,BW_UPDATED_DATE,BW_HIT,BW_RECOMMEND_NUM,BW_REPORT_NUM,BW_ISLAND,BW_SECRET) values (43,9,4,9,'게시글43','글 내용입니다리43',to_date('20/03/25','RR/MM/DD'),to_date('20/03/25','RR/MM/DD'),0,0,0,1,'N');
Insert into DB_SAWEE.BOARD_WRITE (BW_NO,M_NO,BT_NO,S_NO,BW_TITLE,BW_CONTENT,BW_WRITTEN_DATE,BW_UPDATED_DATE,BW_HIT,BW_RECOMMEND_NUM,BW_REPORT_NUM,BW_ISLAND,BW_SECRET) values (47,9,1,1,'게시글37','글 내용입니다리37',to_date('20/02/06','RR/MM/DD'),to_date('20/03/23','RR/MM/DD'),4,0,0,0,'N');
Insert into DB_SAWEE.BOARD_WRITE (BW_NO,M_NO,BT_NO,S_NO,BW_TITLE,BW_CONTENT,BW_WRITTEN_DATE,BW_UPDATED_DATE,BW_HIT,BW_RECOMMEND_NUM,BW_REPORT_NUM,BW_ISLAND,BW_SECRET) values (48,9,1,1,'게시글37','글 내용입니다리37',to_date('20/02/06','RR/MM/DD'),to_date('20/03/23','RR/MM/DD'),14,1,0,0,'N');
Insert into DB_SAWEE.BOARD_WRITE (BW_NO,M_NO,BT_NO,S_NO,BW_TITLE,BW_CONTENT,BW_WRITTEN_DATE,BW_UPDATED_DATE,BW_HIT,BW_RECOMMEND_NUM,BW_REPORT_NUM,BW_ISLAND,BW_SECRET) values (49,9,1,1,'게시글37','글 내용입니다리37',to_date('20/02/06','RR/MM/DD'),to_date('20/03/23','RR/MM/DD'),4,0,0,0,'N');
Insert into DB_SAWEE.BOARD_WRITE (BW_NO,M_NO,BT_NO,S_NO,BW_TITLE,BW_CONTENT,BW_WRITTEN_DATE,BW_UPDATED_DATE,BW_HIT,BW_RECOMMEND_NUM,BW_REPORT_NUM,BW_ISLAND,BW_SECRET) values (50,9,1,1,'게시글37','글 내용입니다리37',to_date('20/02/06','RR/MM/DD'),to_date('20/03/23','RR/MM/DD'),4,0,0,0,'N');
Insert into DB_SAWEE.BOARD_WRITE (BW_NO,M_NO,BT_NO,S_NO,BW_TITLE,BW_CONTENT,BW_WRITTEN_DATE,BW_UPDATED_DATE,BW_HIT,BW_RECOMMEND_NUM,BW_REPORT_NUM,BW_ISLAND,BW_SECRET) values (51,9,1,1,'게시글37','글 내용입니다리37',to_date('20/02/06','RR/MM/DD'),to_date('20/03/23','RR/MM/DD'),4,0,0,0,'N');
Insert into DB_SAWEE.BOARD_WRITE (BW_NO,M_NO,BT_NO,S_NO,BW_TITLE,BW_CONTENT,BW_WRITTEN_DATE,BW_UPDATED_DATE,BW_HIT,BW_RECOMMEND_NUM,BW_REPORT_NUM,BW_ISLAND,BW_SECRET) values (52,9,1,1,'게시글37','글 내용입니다리37',to_date('20/02/06','RR/MM/DD'),to_date('20/03/23','RR/MM/DD'),5,0,0,0,'N');
Insert into DB_SAWEE.BOARD_WRITE (BW_NO,M_NO,BT_NO,S_NO,BW_TITLE,BW_CONTENT,BW_WRITTEN_DATE,BW_UPDATED_DATE,BW_HIT,BW_RECOMMEND_NUM,BW_REPORT_NUM,BW_ISLAND,BW_SECRET) values (53,9,1,1,'게시글37','글 내용입니다리37',to_date('20/02/06','RR/MM/DD'),to_date('20/03/23','RR/MM/DD'),4,0,0,0,'N');
Insert into DB_SAWEE.BOARD_WRITE (BW_NO,M_NO,BT_NO,S_NO,BW_TITLE,BW_CONTENT,BW_WRITTEN_DATE,BW_UPDATED_DATE,BW_HIT,BW_RECOMMEND_NUM,BW_REPORT_NUM,BW_ISLAND,BW_SECRET) values (54,9,8,27,'게시글37','글 내용입니다리37',to_date('20/02/06','RR/MM/DD'),to_date('20/03/23','RR/MM/DD'),4,0,0,0,'N');
Insert into DB_SAWEE.BOARD_WRITE (BW_NO,M_NO,BT_NO,S_NO,BW_TITLE,BW_CONTENT,BW_WRITTEN_DATE,BW_UPDATED_DATE,BW_HIT,BW_RECOMMEND_NUM,BW_REPORT_NUM,BW_ISLAND,BW_SECRET) values (55,9,1,1,'게시글37수정','<p>글 내용입니다리37</p>',to_date('20/02/06','RR/MM/DD'),to_date('20/03/23','RR/MM/DD'),9,0,0,0,'N');
Insert into DB_SAWEE.BOARD_WRITE (BW_NO,M_NO,BT_NO,S_NO,BW_TITLE,BW_CONTENT,BW_WRITTEN_DATE,BW_UPDATED_DATE,BW_HIT,BW_RECOMMEND_NUM,BW_REPORT_NUM,BW_ISLAND,BW_SECRET) values (56,9,1,1,'게시글37','글 내용입니다리37',to_date('20/02/06','RR/MM/DD'),to_date('20/03/23','RR/MM/DD'),13,0,0,0,'N');
Insert into DB_SAWEE.BOARD_WRITE (BW_NO,M_NO,BT_NO,S_NO,BW_TITLE,BW_CONTENT,BW_WRITTEN_DATE,BW_UPDATED_DATE,BW_HIT,BW_RECOMMEND_NUM,BW_REPORT_NUM,BW_ISLAND,BW_SECRET) values (57,9,1,1,'게시글37','글 내용입니다리37',to_date('20/02/06','RR/MM/DD'),to_date('20/03/23','RR/MM/DD'),6,0,0,0,'N');
Insert into DB_SAWEE.BOARD_WRITE (BW_NO,M_NO,BT_NO,S_NO,BW_TITLE,BW_CONTENT,BW_WRITTEN_DATE,BW_UPDATED_DATE,BW_HIT,BW_RECOMMEND_NUM,BW_REPORT_NUM,BW_ISLAND,BW_SECRET) values (58,9,1,1,'게시글37','글 내용입니다리37',to_date('20/02/06','RR/MM/DD'),to_date('20/03/23','RR/MM/DD'),4,0,0,0,'N');
Insert into DB_SAWEE.BOARD_WRITE (BW_NO,M_NO,BT_NO,S_NO,BW_TITLE,BW_CONTENT,BW_WRITTEN_DATE,BW_UPDATED_DATE,BW_HIT,BW_RECOMMEND_NUM,BW_REPORT_NUM,BW_ISLAND,BW_SECRET) values (59,9,1,1,'게시글37','글 내용입니다리37',to_date('20/02/06','RR/MM/DD'),to_date('20/03/23','RR/MM/DD'),13,0,0,0,'N');
Insert into DB_SAWEE.BOARD_WRITE (BW_NO,M_NO,BT_NO,S_NO,BW_TITLE,BW_CONTENT,BW_WRITTEN_DATE,BW_UPDATED_DATE,BW_HIT,BW_RECOMMEND_NUM,BW_REPORT_NUM,BW_ISLAND,BW_SECRET) values (60,9,8,27,'게시글37','글 내용입니다리37',to_date('20/02/06','RR/MM/DD'),to_date('20/03/23','RR/MM/DD'),18,4,0,0,'N');
Insert into DB_SAWEE.BOARD_WRITE (BW_NO,M_NO,BT_NO,S_NO,BW_TITLE,BW_CONTENT,BW_WRITTEN_DATE,BW_UPDATED_DATE,BW_HIT,BW_RECOMMEND_NUM,BW_REPORT_NUM,BW_ISLAND,BW_SECRET) values (61,9,1,1,'게시글37','글 내용입니다리37',to_date('20/02/06','RR/MM/DD'),to_date('20/03/23','RR/MM/DD'),9,1,0,0,'N');
Insert into DB_SAWEE.BOARD_WRITE (BW_NO,M_NO,BT_NO,S_NO,BW_TITLE,BW_CONTENT,BW_WRITTEN_DATE,BW_UPDATED_DATE,BW_HIT,BW_RECOMMEND_NUM,BW_REPORT_NUM,BW_ISLAND,BW_SECRET) values (62,9,1,1,'게시글37','글 내용입니다리37',to_date('20/02/06','RR/MM/DD'),to_date('20/03/23','RR/MM/DD'),18,0,0,1,'N');
Insert into DB_SAWEE.BOARD_WRITE (BW_NO,M_NO,BT_NO,S_NO,BW_TITLE,BW_CONTENT,BW_WRITTEN_DATE,BW_UPDATED_DATE,BW_HIT,BW_RECOMMEND_NUM,BW_REPORT_NUM,BW_ISLAND,BW_SECRET) values (123,10,8,29,'제목제목','내용ㅇㅇㅇㅇㅇㅇ ',to_date('20/04/05','RR/MM/DD'),to_date('20/04/05','RR/MM/DD'),2,0,0,0,'N');
Insert into DB_SAWEE.BOARD_WRITE (BW_NO,M_NO,BT_NO,S_NO,BW_TITLE,BW_CONTENT,BW_WRITTEN_DATE,BW_UPDATED_DATE,BW_HIT,BW_RECOMMEND_NUM,BW_REPORT_NUM,BW_ISLAND,BW_SECRET) values (106,11,2,4,'제발..','<p>ㅈ</p><p>ㅈ</p>',to_date('20/04/03','RR/MM/DD'),to_date('20/04/03','RR/MM/DD'),16,0,0,0,'n');
Insert into DB_SAWEE.BOARD_WRITE (BW_NO,M_NO,BT_NO,S_NO,BW_TITLE,BW_CONTENT,BW_WRITTEN_DATE,BW_UPDATED_DATE,BW_HIT,BW_RECOMMEND_NUM,BW_REPORT_NUM,BW_ISLAND,BW_SECRET) values (112,11,1,1,'길게길게길게길게길게길게길겍게게게게게ㅣ길게길게길게길게길게게길','<p>ㅇ</p>',to_date('20/04/04','RR/MM/DD'),to_date('20/04/04','RR/MM/DD'),55,6,0,0,'n');
Insert into DB_SAWEE.BOARD_WRITE (BW_NO,M_NO,BT_NO,S_NO,BW_TITLE,BW_CONTENT,BW_WRITTEN_DATE,BW_UPDATED_DATE,BW_HIT,BW_RECOMMEND_NUM,BW_REPORT_NUM,BW_ISLAND,BW_SECRET) values (124,0,12,35,'공지사항...','<p>adfafsdffs</p>',to_date('20/04/05','RR/MM/DD'),to_date('20/04/05','RR/MM/DD'),0,0,0,0,'n');
Insert into DB_SAWEE.BOARD_WRITE (BW_NO,M_NO,BT_NO,S_NO,BW_TITLE,BW_CONTENT,BW_WRITTEN_DATE,BW_UPDATED_DATE,BW_HIT,BW_RECOMMEND_NUM,BW_REPORT_NUM,BW_ISLAND,BW_SECRET) values (125,0,12,35,'공지사항~~!!!!','<p>~~!!!!!공지사항~~!!!!</p>',to_date('20/04/05','RR/MM/DD'),to_date('20/04/05','RR/MM/DD'),4,0,0,0,'n');
Insert into DB_SAWEE.BOARD_WRITE (BW_NO,M_NO,BT_NO,S_NO,BW_TITLE,BW_CONTENT,BW_WRITTEN_DATE,BW_UPDATED_DATE,BW_HIT,BW_RECOMMEND_NUM,BW_REPORT_NUM,BW_ISLAND,BW_SECRET) values (128,0,8,28,'결제관련..','문의입니다..',to_date('20/04/05','RR/MM/DD'),to_date('20/04/05','RR/MM/DD'),3,0,0,0,'n');
Insert into DB_SAWEE.BOARD_WRITE (BW_NO,M_NO,BT_NO,S_NO,BW_TITLE,BW_CONTENT,BW_WRITTEN_DATE,BW_UPDATED_DATE,BW_HIT,BW_RECOMMEND_NUM,BW_REPORT_NUM,BW_ISLAND,BW_SECRET) values (131,0,8,30,'회원정보 수정어찌구','<p><span style="color:rgb(96,108,118);">인류의 생생하며, 그들은 같이, 남는 이상을 따뜻한 위하여 아름답고 그리하였는가? 그들의 생생하며, 풍부하게 관현악이며, 그들을 위하여서, 얼마나 우리의 새가 칼이다. 풍부하게 든 가는 이것이야말로 이성은 않는 있음으로써 속에서 더운지라 말이다. 사람은 군영과 그들의 피에 끓는 이 뿐이다. 평화스러운 사는가 뜨고, 그들은 천자만홍이 별과 길지 같이, 철환하였는가? 꽃이 얼마나 못할 그들에게 불러 이것이다. 품에 같으며, 끝에 황금시대다. 그들은 스며들어 사랑의 광야에서 그것은 주며, 청춘이 것이다. 끓는 작고 인도하겠다는 얼마나 뜨고, 아니다. 할지라도 끝에 이상 관현악이며, 생명을 인간의 풀이 설산에서 구하지 것이다. 바이며, 속잎나고, 싹이 많이 위하여서.</span></p>',to_date('20/04/06','RR/MM/DD'),to_date('20/04/06','RR/MM/DD'),0,0,0,0,'n');
Insert into DB_SAWEE.BOARD_WRITE (BW_NO,M_NO,BT_NO,S_NO,BW_TITLE,BW_CONTENT,BW_WRITTEN_DATE,BW_UPDATED_DATE,BW_HIT,BW_RECOMMEND_NUM,BW_REPORT_NUM,BW_ISLAND,BW_SECRET) values (132,0,8,27,'무인도 무인도....','<p><span style="color:rgb(96,108,118);">더운지라 풍부하게 광야에서 힘차게 그들의 사막이다. 심장의 만천하의 위하여서 사랑의 타오르고 만물은 피다. 원질이 남는 피가 쓸쓸한 쓸쓸하랴? 목숨이 어디 못할 뜨거운지라, 많이 있다. 것은 인생의 인생에 행복스럽고 설산에서 역사를 힘있다. 같은 그러므로 할지라도 이성은 이 봄바람이다. 유소년에게서 있으며, 끓는 가치를 청춘의 구하지 시들어 청춘 봄바람이다. 같이, 듣기만 이 그들은 불어 발휘하기 그들의 부패뿐이다. 얼음 부패를 이상의 있는가? 같지 할지라도 많이 만물은 끓는 곳으로 이상은 있으랴? 지혜는 청춘이 이성은 무엇을 길을 천고에 사는가 아니다.</span><br><br><span style="color:rgb(96,108,118);">인류의 생생하며, 그들은 같이, 남는 이상을 따뜻한 위하여 아름답고 그리하였는가? 그들의 생생하며, 풍부하게 관현악이며, 그들을 위하여서, 얼마나 우리의 새가 칼이다. 풍부하게 든 가는 이것이야말로 이성은 않는 있음으로써 속에서 더운지라 말이다. 사람은 군영과 그들의 피에 끓는 이 뿐이다. 평화스러운 사는가 뜨고, 그들은 천자만홍이 별과 길지 같이, 철환하였는가? 꽃이 얼마나 못할 그들에게 불러 이것이다. 품에 같으며, 끝에 황금시대다. 그들은 스며들어 사랑의 광야에서 그것은 주며, 청춘이 것이다. 끓는 작고 인도하겠다는 얼마나 뜨고, 아니다. 할지라도 끝에 이상 관현악이며, 생명을 인간의 풀이 설산에서 구하지 것이다. 바이며, 속잎나고, 싹이 많이 위하여서.</span></p>',to_date('20/04/06','RR/MM/DD'),to_date('20/04/06','RR/MM/DD'),0,0,0,0,'n');
Insert into DB_SAWEE.BOARD_WRITE (BW_NO,M_NO,BT_NO,S_NO,BW_TITLE,BW_CONTENT,BW_WRITTEN_DATE,BW_UPDATED_DATE,BW_HIT,BW_RECOMMEND_NUM,BW_REPORT_NUM,BW_ISLAND,BW_SECRET) values (133,0,8,27,'기타기타기타타타타','<p><span style="color:rgb(96,108,118);">너무나 밤을 새워 계십니다. 한 잔디가 남은 위에 이름과 별 이름을 별을 까닭입니다. 다 지나고 우는 피어나듯이 까닭이요, 못 봅니다. 별을 별에도 이런 슬퍼하는 파란 있습니다. 노새, 나의 언덕 오는 아직 어머니 아침이 내린 걱정도 계십니다. 내 까닭이요, 쉬이 별 아침이 아무 풀이 밤을 별들을 봅니다.</span><br><br><span style="color:rgb(96,108,118);">새겨지는 이런 어머님, 버리었습니다. 말 헤는 하나에 헤일 같이 둘 듯합니다. 이름과, 지나고 마디씩 별 것은 강아지, 계십니다. 이름과, 내 별 별 하나에 라이너 묻힌 어머님, 봅니다. 자랑처럼 패, 하나에 쓸쓸함과 그리고 때 멀리 된 계십니다. 보고, 별들을 언덕 그러나 이웃 프랑시스 때 별 새겨지는 계십니다. 시와 무엇인지 소학교 내린 이름과 했던 까닭입니다.</span></p>',to_date('20/04/06','RR/MM/DD'),to_date('20/04/06','RR/MM/DD'),0,0,0,0,'n');
Insert into DB_SAWEE.BOARD_WRITE (BW_NO,M_NO,BT_NO,S_NO,BW_TITLE,BW_CONTENT,BW_WRITTEN_DATE,BW_UPDATED_DATE,BW_HIT,BW_RECOMMEND_NUM,BW_REPORT_NUM,BW_ISLAND,BW_SECRET) values (134,0,8,31,'정보수정이요','<p><span style="color:rgb(96,108,118);">너무나 밤을 새워 계십니다. 한 잔디가 남은 위에 이름과 별 이름을 별을 까닭입니다. 다 지나고 우는 피어나듯이 까닭이요, 못 봅니다. 별을 별에도 이런 슬퍼하는 파란 있습니다. 노새, 나의 언덕 오는 아직 어머니 아침이 내린 걱정도 계십니다. 내 까닭이요, 쉬이 별 아침이 아무 풀이 밤을 별들을 봅니다.</span><br><br><span style="color:rgb(96,108,118);">새겨지는 이런 어머님, 버리었습니다. 말 헤는 하나에 헤일 같이 둘 듯합니다. 이름과, 지나고 마디씩 별 것은 강아지, 계십니다. 이름과, 내 별 별 하나에 라이너 묻힌 어머님, 봅니다. 자랑처럼 패, 하나에 쓸쓸함과 그리고 때 멀리 된 계십니다. 보고, 별들을 언덕 그러나 이웃 프랑시스 때 별 새겨지는 계십니다. 시와 무엇인지 소학교 내린 이름과 했던 까닭입니다.</span></p>',to_date('20/04/06','RR/MM/DD'),to_date('20/04/06','RR/MM/DD'),8,0,0,0,'n');
Insert into DB_SAWEE.BOARD_WRITE (BW_NO,M_NO,BT_NO,S_NO,BW_TITLE,BW_CONTENT,BW_WRITTEN_DATE,BW_UPDATED_DATE,BW_HIT,BW_RECOMMEND_NUM,BW_REPORT_NUM,BW_ISLAND,BW_SECRET) values (143,11,1,1,'보드게임의 최고봉은?','<p>역시 부루마블이죠^^&nbsp;</p>',to_date('20/04/06','RR/MM/DD'),to_date('20/04/06','RR/MM/DD'),1,0,0,0,'n');
Insert into DB_SAWEE.BOARD_WRITE (BW_NO,M_NO,BT_NO,S_NO,BW_TITLE,BW_CONTENT,BW_WRITTEN_DATE,BW_UPDATED_DATE,BW_HIT,BW_RECOMMEND_NUM,BW_REPORT_NUM,BW_ISLAND,BW_SECRET) values (144,2,2,4,'게시글2','글 내용입니다리2',to_date('20/04/06','RR/MM/DD'),to_date('20/04/06','RR/MM/DD'),1,0,0,0,'n');
Insert into DB_SAWEE.BOARD_WRITE (BW_NO,M_NO,BT_NO,S_NO,BW_TITLE,BW_CONTENT,BW_WRITTEN_DATE,BW_UPDATED_DATE,BW_HIT,BW_RECOMMEND_NUM,BW_REPORT_NUM,BW_ISLAND,BW_SECRET) values (145,3,3,7,'게시글3','글 내용입니다리3',to_date('20/04/06','RR/MM/DD'),to_date('20/04/06','RR/MM/DD'),0,0,0,0,'n');
Insert into DB_SAWEE.BOARD_WRITE (BW_NO,M_NO,BT_NO,S_NO,BW_TITLE,BW_CONTENT,BW_WRITTEN_DATE,BW_UPDATED_DATE,BW_HIT,BW_RECOMMEND_NUM,BW_REPORT_NUM,BW_ISLAND,BW_SECRET) values (146,4,4,9,'게시글4','글 내용입니다리4',to_date('20/04/06','RR/MM/DD'),to_date('20/04/06','RR/MM/DD'),0,0,0,0,'n');
Insert into DB_SAWEE.BOARD_WRITE (BW_NO,M_NO,BT_NO,S_NO,BW_TITLE,BW_CONTENT,BW_WRITTEN_DATE,BW_UPDATED_DATE,BW_HIT,BW_RECOMMEND_NUM,BW_REPORT_NUM,BW_ISLAND,BW_SECRET) values (147,5,5,14,'게시글5','글 내용입니다리5',to_date('20/04/06','RR/MM/DD'),to_date('20/04/06','RR/MM/DD'),0,0,0,0,'n');
Insert into DB_SAWEE.BOARD_WRITE (BW_NO,M_NO,BT_NO,S_NO,BW_TITLE,BW_CONTENT,BW_WRITTEN_DATE,BW_UPDATED_DATE,BW_HIT,BW_RECOMMEND_NUM,BW_REPORT_NUM,BW_ISLAND,BW_SECRET) values (148,6,6,17,'게시글6','글 내용입니다리6',to_date('20/04/06','RR/MM/DD'),to_date('20/04/06','RR/MM/DD'),0,0,0,0,'n');
Insert into DB_SAWEE.BOARD_WRITE (BW_NO,M_NO,BT_NO,S_NO,BW_TITLE,BW_CONTENT,BW_WRITTEN_DATE,BW_UPDATED_DATE,BW_HIT,BW_RECOMMEND_NUM,BW_REPORT_NUM,BW_ISLAND,BW_SECRET) values (149,7,8,27,'게시글7','글 내용입니다리7',to_date('20/04/06','RR/MM/DD'),to_date('20/04/06','RR/MM/DD'),0,0,0,0,'n');
Insert into DB_SAWEE.BOARD_WRITE (BW_NO,M_NO,BT_NO,S_NO,BW_TITLE,BW_CONTENT,BW_WRITTEN_DATE,BW_UPDATED_DATE,BW_HIT,BW_RECOMMEND_NUM,BW_REPORT_NUM,BW_ISLAND,BW_SECRET) values (150,0,8,31,'결제결제결제','<p><span style="color:rgb(96,108,118);">만물은 이상을 얼음이 뜨고, 사막이다. 어디 구할 풀밭에 듣는다. 끓는 더운지라 두손을 우리의 원질이 우리는 날카로우나 뿐이다. 하여도 풍부하게 간에 옷을 아니다. 풍부하게 천하를 얼마나 열매를 청춘을 부패뿐이다. 피어나기 것은 자신과 위하여, 목숨이 우리 없으면 청춘을 그들은 위하여서. 더운지라 불어 것은 있으며, 같이 위하여서. 힘차게 밥을 싶이 같이 튼튼하며, 그리하였는가? 같이, 위하여 같은 기쁘며, 반짝이는 우리의 그들의 사막이다.</span><br><br><span style="color:rgb(96,108,118);">더운지라 풍부하게 광야에서 힘차게 그들의 사막이다. 심장의 만천하의 위하여서 사랑의 타오르고 만물은 피다. 원질이 남는 피가 쓸쓸한 쓸쓸하랴? 목숨이 어디 못할 뜨거운지라, 많이 있다. 것은 인생의 인생에 행복스럽고 설산에서 역사를 힘있다. 같은 그러므로 할지라도 이성은 이 봄바람이다. 유소년에게서 있으며, 끓는 가치를 청춘의 구하지 시들어 청춘 봄바람이다. 같이, 듣기만 이 그들은 불어 발휘하기 그들의 부패뿐이다. 얼음 부패를 이상의 있는가? 같지 할지라도 많이 만물은 끓는 곳으로 이상은 있으랴? 지혜는 청춘이 이성은 무엇을 길을 천고에 사는가 아니다.</span><br>&nbsp;</p>',to_date('20/04/06','RR/MM/DD'),to_date('20/04/06','RR/MM/DD'),0,0,0,0,'n');
Insert into DB_SAWEE.BOARD_WRITE (BW_NO,M_NO,BT_NO,S_NO,BW_TITLE,BW_CONTENT,BW_WRITTEN_DATE,BW_UPDATED_DATE,BW_HIT,BW_RECOMMEND_NUM,BW_REPORT_NUM,BW_ISLAND,BW_SECRET) values (151,9,2,5,'게시글9','글 내용입니다리9',to_date('20/04/06','RR/MM/DD'),to_date('20/04/06','RR/MM/DD'),0,0,0,0,'n');
Insert into DB_SAWEE.BOARD_WRITE (BW_NO,M_NO,BT_NO,S_NO,BW_TITLE,BW_CONTENT,BW_WRITTEN_DATE,BW_UPDATED_DATE,BW_HIT,BW_RECOMMEND_NUM,BW_REPORT_NUM,BW_ISLAND,BW_SECRET) values (152,10,3,8,'게시글10','글 내용입니다리10',to_date('20/04/06','RR/MM/DD'),to_date('20/04/06','RR/MM/DD'),0,0,0,0,'n');
Insert into DB_SAWEE.BOARD_WRITE (BW_NO,M_NO,BT_NO,S_NO,BW_TITLE,BW_CONTENT,BW_WRITTEN_DATE,BW_UPDATED_DATE,BW_HIT,BW_RECOMMEND_NUM,BW_REPORT_NUM,BW_ISLAND,BW_SECRET) values (153,11,4,10,'게시글11','글 내용입니다리11',to_date('20/04/06','RR/MM/DD'),to_date('20/04/06','RR/MM/DD'),0,0,0,0,'n');
Insert into DB_SAWEE.BOARD_WRITE (BW_NO,M_NO,BT_NO,S_NO,BW_TITLE,BW_CONTENT,BW_WRITTEN_DATE,BW_UPDATED_DATE,BW_HIT,BW_RECOMMEND_NUM,BW_REPORT_NUM,BW_ISLAND,BW_SECRET) values (154,12,5,15,'게시글12','글 내용입니다리12',to_date('20/04/06','RR/MM/DD'),to_date('20/04/06','RR/MM/DD'),0,0,0,0,'n');
Insert into DB_SAWEE.BOARD_WRITE (BW_NO,M_NO,BT_NO,S_NO,BW_TITLE,BW_CONTENT,BW_WRITTEN_DATE,BW_UPDATED_DATE,BW_HIT,BW_RECOMMEND_NUM,BW_REPORT_NUM,BW_ISLAND,BW_SECRET) values (155,13,8,31,'게시글13','글 내용입니다리13',to_date('20/04/06','RR/MM/DD'),to_date('20/04/06','RR/MM/DD'),0,0,0,0,'n');
Insert into DB_SAWEE.BOARD_WRITE (BW_NO,M_NO,BT_NO,S_NO,BW_TITLE,BW_CONTENT,BW_WRITTEN_DATE,BW_UPDATED_DATE,BW_HIT,BW_RECOMMEND_NUM,BW_REPORT_NUM,BW_ISLAND,BW_SECRET) values (156,14,8,28,'게시글14','글 내용입니다리14',to_date('20/04/06','RR/MM/DD'),to_date('20/04/06','RR/MM/DD'),1,0,0,0,'n');
Insert into DB_SAWEE.BOARD_WRITE (BW_NO,M_NO,BT_NO,S_NO,BW_TITLE,BW_CONTENT,BW_WRITTEN_DATE,BW_UPDATED_DATE,BW_HIT,BW_RECOMMEND_NUM,BW_REPORT_NUM,BW_ISLAND,BW_SECRET) values (157,1,1,3,'게시글15','글 내용입니다리15',to_date('20/04/06','RR/MM/DD'),to_date('20/04/06','RR/MM/DD'),0,0,0,0,'n');
Insert into DB_SAWEE.BOARD_WRITE (BW_NO,M_NO,BT_NO,S_NO,BW_TITLE,BW_CONTENT,BW_WRITTEN_DATE,BW_UPDATED_DATE,BW_HIT,BW_RECOMMEND_NUM,BW_REPORT_NUM,BW_ISLAND,BW_SECRET) values (158,2,2,6,'게시글16','글 내용입니다리16',to_date('20/04/06','RR/MM/DD'),to_date('20/04/06','RR/MM/DD'),0,0,0,0,'n');
Insert into DB_SAWEE.BOARD_WRITE (BW_NO,M_NO,BT_NO,S_NO,BW_TITLE,BW_CONTENT,BW_WRITTEN_DATE,BW_UPDATED_DATE,BW_HIT,BW_RECOMMEND_NUM,BW_REPORT_NUM,BW_ISLAND,BW_SECRET) values (159,3,3,7,'게시글17','글 내용입니다리17',to_date('20/04/06','RR/MM/DD'),to_date('20/04/06','RR/MM/DD'),0,0,0,0,'n');
Insert into DB_SAWEE.BOARD_WRITE (BW_NO,M_NO,BT_NO,S_NO,BW_TITLE,BW_CONTENT,BW_WRITTEN_DATE,BW_UPDATED_DATE,BW_HIT,BW_RECOMMEND_NUM,BW_REPORT_NUM,BW_ISLAND,BW_SECRET) values (160,4,4,11,'게시글18','글 내용입니다리18',to_date('20/04/06','RR/MM/DD'),to_date('20/04/06','RR/MM/DD'),0,0,0,0,'n');
Insert into DB_SAWEE.BOARD_WRITE (BW_NO,M_NO,BT_NO,S_NO,BW_TITLE,BW_CONTENT,BW_WRITTEN_DATE,BW_UPDATED_DATE,BW_HIT,BW_RECOMMEND_NUM,BW_REPORT_NUM,BW_ISLAND,BW_SECRET) values (161,5,5,16,'게시글19','글 내용입니다리19',to_date('20/04/06','RR/MM/DD'),to_date('20/04/06','RR/MM/DD'),0,0,0,0,'n');
Insert into DB_SAWEE.BOARD_WRITE (BW_NO,M_NO,BT_NO,S_NO,BW_TITLE,BW_CONTENT,BW_WRITTEN_DATE,BW_UPDATED_DATE,BW_HIT,BW_RECOMMEND_NUM,BW_REPORT_NUM,BW_ISLAND,BW_SECRET) values (162,6,6,19,'게시글20','글 내용입니다리20',to_date('20/04/06','RR/MM/DD'),to_date('20/04/06','RR/MM/DD'),0,0,0,0,'n');
Insert into DB_SAWEE.BOARD_WRITE (BW_NO,M_NO,BT_NO,S_NO,BW_TITLE,BW_CONTENT,BW_WRITTEN_DATE,BW_UPDATED_DATE,BW_HIT,BW_RECOMMEND_NUM,BW_REPORT_NUM,BW_ISLAND,BW_SECRET) values (163,7,8,29,'게시글21','글 내용입니다리21',to_date('20/04/06','RR/MM/DD'),to_date('20/04/06','RR/MM/DD'),0,0,0,0,'n');
Insert into DB_SAWEE.BOARD_WRITE (BW_NO,M_NO,BT_NO,S_NO,BW_TITLE,BW_CONTENT,BW_WRITTEN_DATE,BW_UPDATED_DATE,BW_HIT,BW_RECOMMEND_NUM,BW_REPORT_NUM,BW_ISLAND,BW_SECRET) values (164,8,1,1,'게시글22','글 내용입니다리22',to_date('20/04/06','RR/MM/DD'),to_date('20/04/06','RR/MM/DD'),0,0,0,0,'n');
Insert into DB_SAWEE.BOARD_WRITE (BW_NO,M_NO,BT_NO,S_NO,BW_TITLE,BW_CONTENT,BW_WRITTEN_DATE,BW_UPDATED_DATE,BW_HIT,BW_RECOMMEND_NUM,BW_REPORT_NUM,BW_ISLAND,BW_SECRET) values (165,9,2,4,'게시글23','글 내용입니다리23',to_date('20/04/06','RR/MM/DD'),to_date('20/04/06','RR/MM/DD'),0,0,0,0,'n');
Insert into DB_SAWEE.BOARD_WRITE (BW_NO,M_NO,BT_NO,S_NO,BW_TITLE,BW_CONTENT,BW_WRITTEN_DATE,BW_UPDATED_DATE,BW_HIT,BW_RECOMMEND_NUM,BW_REPORT_NUM,BW_ISLAND,BW_SECRET) values (166,10,3,8,'게시글24','글 내용입니다리24',to_date('20/04/06','RR/MM/DD'),to_date('20/04/06','RR/MM/DD'),0,0,0,0,'n');
Insert into DB_SAWEE.BOARD_WRITE (BW_NO,M_NO,BT_NO,S_NO,BW_TITLE,BW_CONTENT,BW_WRITTEN_DATE,BW_UPDATED_DATE,BW_HIT,BW_RECOMMEND_NUM,BW_REPORT_NUM,BW_ISLAND,BW_SECRET) values (167,11,4,12,'게시글25','글 내용입니다리25',to_date('20/04/06','RR/MM/DD'),to_date('20/04/06','RR/MM/DD'),0,0,0,0,'n');
Insert into DB_SAWEE.BOARD_WRITE (BW_NO,M_NO,BT_NO,S_NO,BW_TITLE,BW_CONTENT,BW_WRITTEN_DATE,BW_UPDATED_DATE,BW_HIT,BW_RECOMMEND_NUM,BW_REPORT_NUM,BW_ISLAND,BW_SECRET) values (168,12,5,14,'게시글26','글 내용입니다리26',to_date('20/04/06','RR/MM/DD'),to_date('20/04/06','RR/MM/DD'),0,0,0,0,'n');
Insert into DB_SAWEE.BOARD_WRITE (BW_NO,M_NO,BT_NO,S_NO,BW_TITLE,BW_CONTENT,BW_WRITTEN_DATE,BW_UPDATED_DATE,BW_HIT,BW_RECOMMEND_NUM,BW_REPORT_NUM,BW_ISLAND,BW_SECRET) values (169,13,6,20,'게시글27','글 내용입니다리27',to_date('20/04/06','RR/MM/DD'),to_date('20/04/06','RR/MM/DD'),0,0,0,0,'n');
Insert into DB_SAWEE.BOARD_WRITE (BW_NO,M_NO,BT_NO,S_NO,BW_TITLE,BW_CONTENT,BW_WRITTEN_DATE,BW_UPDATED_DATE,BW_HIT,BW_RECOMMEND_NUM,BW_REPORT_NUM,BW_ISLAND,BW_SECRET) values (170,14,8,30,'게시글28','글 내용입니다리28',to_date('20/04/06','RR/MM/DD'),to_date('20/04/06','RR/MM/DD'),1,0,0,0,'n');
Insert into DB_SAWEE.BOARD_WRITE (BW_NO,M_NO,BT_NO,S_NO,BW_TITLE,BW_CONTENT,BW_WRITTEN_DATE,BW_UPDATED_DATE,BW_HIT,BW_RECOMMEND_NUM,BW_REPORT_NUM,BW_ISLAND,BW_SECRET) values (171,1,1,2,'게시글29','글 내용입니다리29',to_date('20/04/06','RR/MM/DD'),to_date('20/04/06','RR/MM/DD'),0,0,0,0,'n');
Insert into DB_SAWEE.BOARD_WRITE (BW_NO,M_NO,BT_NO,S_NO,BW_TITLE,BW_CONTENT,BW_WRITTEN_DATE,BW_UPDATED_DATE,BW_HIT,BW_RECOMMEND_NUM,BW_REPORT_NUM,BW_ISLAND,BW_SECRET) values (172,2,2,5,'게시글30','글 내용입니다리30',to_date('20/04/06','RR/MM/DD'),to_date('20/04/06','RR/MM/DD'),0,0,0,0,'n');
Insert into DB_SAWEE.BOARD_WRITE (BW_NO,M_NO,BT_NO,S_NO,BW_TITLE,BW_CONTENT,BW_WRITTEN_DATE,BW_UPDATED_DATE,BW_HIT,BW_RECOMMEND_NUM,BW_REPORT_NUM,BW_ISLAND,BW_SECRET) values (173,3,3,7,'게시글31','글 내용입니다리31',to_date('20/04/06','RR/MM/DD'),to_date('20/04/06','RR/MM/DD'),1,0,0,0,'n');
Insert into DB_SAWEE.BOARD_WRITE (BW_NO,M_NO,BT_NO,S_NO,BW_TITLE,BW_CONTENT,BW_WRITTEN_DATE,BW_UPDATED_DATE,BW_HIT,BW_RECOMMEND_NUM,BW_REPORT_NUM,BW_ISLAND,BW_SECRET) values (174,4,4,13,'게시글32','글 내용입니다리32',to_date('20/04/06','RR/MM/DD'),to_date('20/04/06','RR/MM/DD'),0,0,0,0,'n');
Insert into DB_SAWEE.BOARD_WRITE (BW_NO,M_NO,BT_NO,S_NO,BW_TITLE,BW_CONTENT,BW_WRITTEN_DATE,BW_UPDATED_DATE,BW_HIT,BW_RECOMMEND_NUM,BW_REPORT_NUM,BW_ISLAND,BW_SECRET) values (175,11,8,29,'비밀글','<p>비밀글</p>',to_date('20/04/06','RR/MM/DD'),to_date('20/04/06','RR/MM/DD'),0,0,0,0,'n');
Insert into DB_SAWEE.BOARD_WRITE (BW_NO,M_NO,BT_NO,S_NO,BW_TITLE,BW_CONTENT,BW_WRITTEN_DATE,BW_UPDATED_DATE,BW_HIT,BW_RECOMMEND_NUM,BW_REPORT_NUM,BW_ISLAND,BW_SECRET) values (176,6,8,27,'게시글34','글 내용입니다리34',to_date('20/04/06','RR/MM/DD'),to_date('20/04/06','RR/MM/DD'),0,0,0,0,'n');
Insert into DB_SAWEE.BOARD_WRITE (BW_NO,M_NO,BT_NO,S_NO,BW_TITLE,BW_CONTENT,BW_WRITTEN_DATE,BW_UPDATED_DATE,BW_HIT,BW_RECOMMEND_NUM,BW_REPORT_NUM,BW_ISLAND,BW_SECRET) values (178,9,1,1,'게시글37','글 내용입니다리37',to_date('20/04/06','RR/MM/DD'),to_date('20/04/06','RR/MM/DD'),0,0,0,0,'n');
Insert into DB_SAWEE.BOARD_WRITE (BW_NO,M_NO,BT_NO,S_NO,BW_TITLE,BW_CONTENT,BW_WRITTEN_DATE,BW_UPDATED_DATE,BW_HIT,BW_RECOMMEND_NUM,BW_REPORT_NUM,BW_ISLAND,BW_SECRET) values (179,9,2,6,'게시글37','글 내용입니다리37',to_date('20/04/06','RR/MM/DD'),to_date('20/04/06','RR/MM/DD'),2,0,0,0,'n');
Insert into DB_SAWEE.BOARD_WRITE (BW_NO,M_NO,BT_NO,S_NO,BW_TITLE,BW_CONTENT,BW_WRITTEN_DATE,BW_UPDATED_DATE,BW_HIT,BW_RECOMMEND_NUM,BW_REPORT_NUM,BW_ISLAND,BW_SECRET) values (180,10,3,8,'게시글38','글 내용입니다리38',to_date('20/04/06','RR/MM/DD'),to_date('20/04/06','RR/MM/DD'),1,0,0,0,'n');
Insert into DB_SAWEE.BOARD_WRITE (BW_NO,M_NO,BT_NO,S_NO,BW_TITLE,BW_CONTENT,BW_WRITTEN_DATE,BW_UPDATED_DATE,BW_HIT,BW_RECOMMEND_NUM,BW_REPORT_NUM,BW_ISLAND,BW_SECRET) values (181,11,4,9,'게시글39','글 내용입니다리39',to_date('20/04/06','RR/MM/DD'),to_date('20/04/06','RR/MM/DD'),1,0,0,0,'n');
Insert into DB_SAWEE.BOARD_WRITE (BW_NO,M_NO,BT_NO,S_NO,BW_TITLE,BW_CONTENT,BW_WRITTEN_DATE,BW_UPDATED_DATE,BW_HIT,BW_RECOMMEND_NUM,BW_REPORT_NUM,BW_ISLAND,BW_SECRET) values (182,9,4,9,'게시글43','글 내용입니다리43',to_date('20/04/06','RR/MM/DD'),to_date('20/04/06','RR/MM/DD'),0,0,0,0,'n');
Insert into DB_SAWEE.BOARD_WRITE (BW_NO,M_NO,BT_NO,S_NO,BW_TITLE,BW_CONTENT,BW_WRITTEN_DATE,BW_UPDATED_DATE,BW_HIT,BW_RECOMMEND_NUM,BW_REPORT_NUM,BW_ISLAND,BW_SECRET) values (183,9,1,1,'게시글37','글 내용입니다리37',to_date('20/04/06','RR/MM/DD'),to_date('20/04/06','RR/MM/DD'),0,0,0,0,'n');
Insert into DB_SAWEE.BOARD_WRITE (BW_NO,M_NO,BT_NO,S_NO,BW_TITLE,BW_CONTENT,BW_WRITTEN_DATE,BW_UPDATED_DATE,BW_HIT,BW_RECOMMEND_NUM,BW_REPORT_NUM,BW_ISLAND,BW_SECRET) values (184,9,1,1,'게시글37','글 내용입니다리37',to_date('20/04/06','RR/MM/DD'),to_date('20/04/06','RR/MM/DD'),0,0,0,0,'n');
Insert into DB_SAWEE.BOARD_WRITE (BW_NO,M_NO,BT_NO,S_NO,BW_TITLE,BW_CONTENT,BW_WRITTEN_DATE,BW_UPDATED_DATE,BW_HIT,BW_RECOMMEND_NUM,BW_REPORT_NUM,BW_ISLAND,BW_SECRET) values (185,11,8,29,'비밀글 아님','<p>아님</p>',to_date('20/04/06','RR/MM/DD'),to_date('20/04/06','RR/MM/DD'),1,0,0,0,'n');
Insert into DB_SAWEE.BOARD_WRITE (BW_NO,M_NO,BT_NO,S_NO,BW_TITLE,BW_CONTENT,BW_WRITTEN_DATE,BW_UPDATED_DATE,BW_HIT,BW_RECOMMEND_NUM,BW_REPORT_NUM,BW_ISLAND,BW_SECRET) values (186,9,1,1,'게시글37','글 내용입니다리37',to_date('20/04/06','RR/MM/DD'),to_date('20/04/06','RR/MM/DD'),0,0,0,0,'n');
Insert into DB_SAWEE.BOARD_WRITE (BW_NO,M_NO,BT_NO,S_NO,BW_TITLE,BW_CONTENT,BW_WRITTEN_DATE,BW_UPDATED_DATE,BW_HIT,BW_RECOMMEND_NUM,BW_REPORT_NUM,BW_ISLAND,BW_SECRET) values (187,9,1,1,'게시글37','글 내용입니다리37',to_date('20/04/06','RR/MM/DD'),to_date('20/04/06','RR/MM/DD'),0,0,0,0,'n');
Insert into DB_SAWEE.BOARD_WRITE (BW_NO,M_NO,BT_NO,S_NO,BW_TITLE,BW_CONTENT,BW_WRITTEN_DATE,BW_UPDATED_DATE,BW_HIT,BW_RECOMMEND_NUM,BW_REPORT_NUM,BW_ISLAND,BW_SECRET) values (188,9,1,1,'게시글37','글 내용입니다리37',to_date('20/04/06','RR/MM/DD'),to_date('20/04/06','RR/MM/DD'),0,0,0,0,'n');
Insert into DB_SAWEE.BOARD_WRITE (BW_NO,M_NO,BT_NO,S_NO,BW_TITLE,BW_CONTENT,BW_WRITTEN_DATE,BW_UPDATED_DATE,BW_HIT,BW_RECOMMEND_NUM,BW_REPORT_NUM,BW_ISLAND,BW_SECRET) values (189,9,1,1,'게시글37','글 내용입니다리37',to_date('20/04/06','RR/MM/DD'),to_date('20/04/06','RR/MM/DD'),2,0,0,0,'n');
Insert into DB_SAWEE.BOARD_WRITE (BW_NO,M_NO,BT_NO,S_NO,BW_TITLE,BW_CONTENT,BW_WRITTEN_DATE,BW_UPDATED_DATE,BW_HIT,BW_RECOMMEND_NUM,BW_REPORT_NUM,BW_ISLAND,BW_SECRET) values (190,9,1,1,'게시글37','글 내용입니다리37',to_date('20/04/06','RR/MM/DD'),to_date('20/04/06','RR/MM/DD'),1,0,0,0,'n');
Insert into DB_SAWEE.BOARD_WRITE (BW_NO,M_NO,BT_NO,S_NO,BW_TITLE,BW_CONTENT,BW_WRITTEN_DATE,BW_UPDATED_DATE,BW_HIT,BW_RECOMMEND_NUM,BW_REPORT_NUM,BW_ISLAND,BW_SECRET) values (191,9,8,30,'게시글37','글 내용입니다리37',to_date('20/04/06','RR/MM/DD'),to_date('20/04/06','RR/MM/DD'),0,0,0,0,'n');
Insert into DB_SAWEE.BOARD_WRITE (BW_NO,M_NO,BT_NO,S_NO,BW_TITLE,BW_CONTENT,BW_WRITTEN_DATE,BW_UPDATED_DATE,BW_HIT,BW_RECOMMEND_NUM,BW_REPORT_NUM,BW_ISLAND,BW_SECRET) values (192,9,1,1,'게시글37수정','<p>글 내용입니다리37</p>',to_date('20/04/06','RR/MM/DD'),to_date('20/04/06','RR/MM/DD'),0,0,0,0,'n');
Insert into DB_SAWEE.BOARD_WRITE (BW_NO,M_NO,BT_NO,S_NO,BW_TITLE,BW_CONTENT,BW_WRITTEN_DATE,BW_UPDATED_DATE,BW_HIT,BW_RECOMMEND_NUM,BW_REPORT_NUM,BW_ISLAND,BW_SECRET) values (193,9,1,1,'게시글37','글 내용입니다리37',to_date('20/04/06','RR/MM/DD'),to_date('20/04/06','RR/MM/DD'),1,0,0,0,'n');
Insert into DB_SAWEE.BOARD_WRITE (BW_NO,M_NO,BT_NO,S_NO,BW_TITLE,BW_CONTENT,BW_WRITTEN_DATE,BW_UPDATED_DATE,BW_HIT,BW_RECOMMEND_NUM,BW_REPORT_NUM,BW_ISLAND,BW_SECRET) values (194,9,1,1,'게시글37','글 내용입니다리37',to_date('20/04/06','RR/MM/DD'),to_date('20/04/06','RR/MM/DD'),0,0,0,0,'n');
Insert into DB_SAWEE.BOARD_WRITE (BW_NO,M_NO,BT_NO,S_NO,BW_TITLE,BW_CONTENT,BW_WRITTEN_DATE,BW_UPDATED_DATE,BW_HIT,BW_RECOMMEND_NUM,BW_REPORT_NUM,BW_ISLAND,BW_SECRET) values (195,9,1,1,'게시글37','글 내용입니다리37',to_date('20/04/06','RR/MM/DD'),to_date('20/04/06','RR/MM/DD'),395,6,0,0,'n');
Insert into DB_SAWEE.BOARD_WRITE (BW_NO,M_NO,BT_NO,S_NO,BW_TITLE,BW_CONTENT,BW_WRITTEN_DATE,BW_UPDATED_DATE,BW_HIT,BW_RECOMMEND_NUM,BW_REPORT_NUM,BW_ISLAND,BW_SECRET) values (196,9,1,1,'게시글37','글 내용입니다리37',to_date('20/04/06','RR/MM/DD'),to_date('20/04/06','RR/MM/DD'),103,0,0,0,'n');
Insert into DB_SAWEE.BOARD_WRITE (BW_NO,M_NO,BT_NO,S_NO,BW_TITLE,BW_CONTENT,BW_WRITTEN_DATE,BW_UPDATED_DATE,BW_HIT,BW_RECOMMEND_NUM,BW_REPORT_NUM,BW_ISLAND,BW_SECRET) values (197,9,8,27,'게시글37','<p>글 내용입니다리37</p>',to_date('20/04/06','RR/MM/DD'),to_date('20/04/06','RR/MM/DD'),1,0,0,0,'y');
Insert into DB_SAWEE.BOARD_WRITE (BW_NO,M_NO,BT_NO,S_NO,BW_TITLE,BW_CONTENT,BW_WRITTEN_DATE,BW_UPDATED_DATE,BW_HIT,BW_RECOMMEND_NUM,BW_REPORT_NUM,BW_ISLAND,BW_SECRET) values (198,9,1,1,'게시글37','글 내용입니다리37',to_date('20/04/06','RR/MM/DD'),to_date('20/04/06','RR/MM/DD'),102,6,0,0,'n');
Insert into DB_SAWEE.BOARD_WRITE (BW_NO,M_NO,BT_NO,S_NO,BW_TITLE,BW_CONTENT,BW_WRITTEN_DATE,BW_UPDATED_DATE,BW_HIT,BW_RECOMMEND_NUM,BW_REPORT_NUM,BW_ISLAND,BW_SECRET) values (199,9,1,1,'게시글37','글 내용입니다리37',to_date('20/04/06','RR/MM/DD'),to_date('20/04/06','RR/MM/DD'),2,0,0,1,'n');
Insert into DB_SAWEE.BOARD_WRITE (BW_NO,M_NO,BT_NO,S_NO,BW_TITLE,BW_CONTENT,BW_WRITTEN_DATE,BW_UPDATED_DATE,BW_HIT,BW_RECOMMEND_NUM,BW_REPORT_NUM,BW_ISLAND,BW_SECRET) values (200,10,8,29,'제목제목','내용ㅇㅇㅇㅇㅇㅇ ',to_date('20/04/06','RR/MM/DD'),to_date('20/04/06','RR/MM/DD'),5,0,0,0,'n');
Insert into DB_SAWEE.BOARD_WRITE (BW_NO,M_NO,BT_NO,S_NO,BW_TITLE,BW_CONTENT,BW_WRITTEN_DATE,BW_UPDATED_DATE,BW_HIT,BW_RECOMMEND_NUM,BW_REPORT_NUM,BW_ISLAND,BW_SECRET) values (201,11,2,4,'제발..','<p>ㅈ</p><p>ㅈ</p>',to_date('20/04/06','RR/MM/DD'),to_date('20/04/06','RR/MM/DD'),1,0,0,0,'n');
Insert into DB_SAWEE.BOARD_WRITE (BW_NO,M_NO,BT_NO,S_NO,BW_TITLE,BW_CONTENT,BW_WRITTEN_DATE,BW_UPDATED_DATE,BW_HIT,BW_RECOMMEND_NUM,BW_REPORT_NUM,BW_ISLAND,BW_SECRET) values (202,11,1,1,'길게길게길게길게길게길게길겍게게게게게ㅣ길게길게길게길게길게게길','<p>ㅇ</p>',to_date('20/04/06','RR/MM/DD'),to_date('20/04/06','RR/MM/DD'),55,9,8,1,'n');
Insert into DB_SAWEE.BOARD_WRITE (BW_NO,M_NO,BT_NO,S_NO,BW_TITLE,BW_CONTENT,BW_WRITTEN_DATE,BW_UPDATED_DATE,BW_HIT,BW_RECOMMEND_NUM,BW_REPORT_NUM,BW_ISLAND,BW_SECRET) values (203,0,12,35,'공지사항...','<p>adfafsdffs</p>',to_date('20/04/06','RR/MM/DD'),to_date('20/04/06','RR/MM/DD'),0,0,0,0,'n');
Insert into DB_SAWEE.BOARD_WRITE (BW_NO,M_NO,BT_NO,S_NO,BW_TITLE,BW_CONTENT,BW_WRITTEN_DATE,BW_UPDATED_DATE,BW_HIT,BW_RECOMMEND_NUM,BW_REPORT_NUM,BW_ISLAND,BW_SECRET) values (204,0,12,35,'공지사항~~!!!!','<p>~~!!!!!공지사항~~!!!!</p>',to_date('20/04/06','RR/MM/DD'),to_date('20/04/06','RR/MM/DD'),0,0,0,0,'n');
Insert into DB_SAWEE.BOARD_WRITE (BW_NO,M_NO,BT_NO,S_NO,BW_TITLE,BW_CONTENT,BW_WRITTEN_DATE,BW_UPDATED_DATE,BW_HIT,BW_RECOMMEND_NUM,BW_REPORT_NUM,BW_ISLAND,BW_SECRET) values (206,0,8,29,'회원정보 수정어찌구','<p><span style="color:rgb(96,108,118);">인류의 생생하며, 그들은 같이, 남는 이상을 따뜻한 위하여 아름답고 그리하였는가? 그들의 생생하며, 풍부하게 관현악이며, 그들을 위하여서, 얼마나 우리의 새가 칼이다. 풍부하게 든 가는 이것이야말로 이성은 않는 있음으로써 속에서 더운지라 말이다. 사람은 군영과 그들의 피에 끓는 이 뿐이다. 평화스러운 사는가 뜨고, 그들은 천자만홍이 별과 길지 같이, 철환하였는가? 꽃이 얼마나 못할 그들에게 불러 이것이다. 품에 같으며, 끝에 황금시대다. 그들은 스며들어 사랑의 광야에서 그것은 주며, 청춘이 것이다. 끓는 작고 인도하겠다는 얼마나 뜨고, 아니다. 할지라도 끝에 이상 관현악이며, 생명을 인간의 풀이 설산에서 구하지 것이다. 바이며, 속잎나고, 싹이 많이 위하여서.</span></p>',to_date('20/04/06','RR/MM/DD'),to_date('20/04/06','RR/MM/DD'),0,0,0,0,'n');
Insert into DB_SAWEE.BOARD_WRITE (BW_NO,M_NO,BT_NO,S_NO,BW_TITLE,BW_CONTENT,BW_WRITTEN_DATE,BW_UPDATED_DATE,BW_HIT,BW_RECOMMEND_NUM,BW_REPORT_NUM,BW_ISLAND,BW_SECRET) values (207,0,8,31,'무인도 무인도....','<p><span style="color:rgb(96,108,118);">더운지라 풍부하게 광야에서 힘차게 그들의 사막이다. 심장의 만천하의 위하여서 사랑의 타오르고 만물은 피다. 원질이 남는 피가 쓸쓸한 쓸쓸하랴? 목숨이 어디 못할 뜨거운지라, 많이 있다. 것은 인생의 인생에 행복스럽고 설산에서 역사를 힘있다. 같은 그러므로 할지라도 이성은 이 봄바람이다. 유소년에게서 있으며, 끓는 가치를 청춘의 구하지 시들어 청춘 봄바람이다. 같이, 듣기만 이 그들은 불어 발휘하기 그들의 부패뿐이다. 얼음 부패를 이상의 있는가? 같지 할지라도 많이 만물은 끓는 곳으로 이상은 있으랴? 지혜는 청춘이 이성은 무엇을 길을 천고에 사는가 아니다.</span><br><br><span style="color:rgb(96,108,118);">인류의 생생하며, 그들은 같이, 남는 이상을 따뜻한 위하여 아름답고 그리하였는가? 그들의 생생하며, 풍부하게 관현악이며, 그들을 위하여서, 얼마나 우리의 새가 칼이다. 풍부하게 든 가는 이것이야말로 이성은 않는 있음으로써 속에서 더운지라 말이다. 사람은 군영과 그들의 피에 끓는 이 뿐이다. 평화스러운 사는가 뜨고, 그들은 천자만홍이 별과 길지 같이, 철환하였는가? 꽃이 얼마나 못할 그들에게 불러 이것이다. 품에 같으며, 끝에 황금시대다. 그들은 스며들어 사랑의 광야에서 그것은 주며, 청춘이 것이다. 끓는 작고 인도하겠다는 얼마나 뜨고, 아니다. 할지라도 끝에 이상 관현악이며, 생명을 인간의 풀이 설산에서 구하지 것이다. 바이며, 속잎나고, 싹이 많이 위하여서.</span></p>',to_date('20/04/06','RR/MM/DD'),to_date('20/04/06','RR/MM/DD'),0,0,0,0,'n');
Insert into DB_SAWEE.BOARD_WRITE (BW_NO,M_NO,BT_NO,S_NO,BW_TITLE,BW_CONTENT,BW_WRITTEN_DATE,BW_UPDATED_DATE,BW_HIT,BW_RECOMMEND_NUM,BW_REPORT_NUM,BW_ISLAND,BW_SECRET) values (208,0,8,28,'기타기타기타타타타','<p><span style="color:rgb(96,108,118);">너무나 밤을 새워 계십니다. 한 잔디가 남은 위에 이름과 별 이름을 별을 까닭입니다. 다 지나고 우는 피어나듯이 까닭이요, 못 봅니다. 별을 별에도 이런 슬퍼하는 파란 있습니다. 노새, 나의 언덕 오는 아직 어머니 아침이 내린 걱정도 계십니다. 내 까닭이요, 쉬이 별 아침이 아무 풀이 밤을 별들을 봅니다.</span><br><br><span style="color:rgb(96,108,118);">새겨지는 이런 어머님, 버리었습니다. 말 헤는 하나에 헤일 같이 둘 듯합니다. 이름과, 지나고 마디씩 별 것은 강아지, 계십니다. 이름과, 내 별 별 하나에 라이너 묻힌 어머님, 봅니다. 자랑처럼 패, 하나에 쓸쓸함과 그리고 때 멀리 된 계십니다. 보고, 별들을 언덕 그러나 이웃 프랑시스 때 별 새겨지는 계십니다. 시와 무엇인지 소학교 내린 이름과 했던 까닭입니다.</span></p>',to_date('20/04/06','RR/MM/DD'),to_date('20/04/06','RR/MM/DD'),0,0,0,0,'n');
Insert into DB_SAWEE.BOARD_WRITE (BW_NO,M_NO,BT_NO,S_NO,BW_TITLE,BW_CONTENT,BW_WRITTEN_DATE,BW_UPDATED_DATE,BW_HIT,BW_RECOMMEND_NUM,BW_REPORT_NUM,BW_ISLAND,BW_SECRET) values (209,0,8,28,'정보수정이요','<p><span style="color:rgb(96,108,118);">너무나 밤을 새워 계십니다. 한 잔디가 남은 위에 이름과 별 이름을 별을 까닭입니다. 다 지나고 우는 피어나듯이 까닭이요, 못 봅니다. 별을 별에도 이런 슬퍼하는 파란 있습니다. 노새, 나의 언덕 오는 아직 어머니 아침이 내린 걱정도 계십니다. 내 까닭이요, 쉬이 별 아침이 아무 풀이 밤을 별들을 봅니다.</span><br><br><span style="color:rgb(96,108,118);">새겨지는 이런 어머님, 버리었습니다. 말 헤는 하나에 헤일 같이 둘 듯합니다. 이름과, 지나고 마디씩 별 것은 강아지, 계십니다. 이름과, 내 별 별 하나에 라이너 묻힌 어머님, 봅니다. 자랑처럼 패, 하나에 쓸쓸함과 그리고 때 멀리 된 계십니다. 보고, 별들을 언덕 그러나 이웃 프랑시스 때 별 새겨지는 계십니다. 시와 무엇인지 소학교 내린 이름과 했던 까닭입니다.</span></p>',to_date('20/04/06','RR/MM/DD'),to_date('20/04/06','RR/MM/DD'),0,0,0,0,'n');
Insert into DB_SAWEE.BOARD_WRITE (BW_NO,M_NO,BT_NO,S_NO,BW_TITLE,BW_CONTENT,BW_WRITTEN_DATE,BW_UPDATED_DATE,BW_HIT,BW_RECOMMEND_NUM,BW_REPORT_NUM,BW_ISLAND,BW_SECRET) values (223,11,6,17,'포인트','<p>test</p>',to_date('20/04/07','RR/MM/DD'),to_date('20/04/07','RR/MM/DD'),0,0,0,0,'n');
Insert into DB_SAWEE.BOARD_WRITE (BW_NO,M_NO,BT_NO,S_NO,BW_TITLE,BW_CONTENT,BW_WRITTEN_DATE,BW_UPDATED_DATE,BW_HIT,BW_RECOMMEND_NUM,BW_REPORT_NUM,BW_ISLAND,BW_SECRET) values (224,11,6,17,'제발','<p>제발</p>',to_date('20/04/07','RR/MM/DD'),to_date('20/04/07','RR/MM/DD'),0,0,0,0,'n');
Insert into DB_SAWEE.BOARD_WRITE (BW_NO,M_NO,BT_NO,S_NO,BW_TITLE,BW_CONTENT,BW_WRITTEN_DATE,BW_UPDATED_DATE,BW_HIT,BW_RECOMMEND_NUM,BW_REPORT_NUM,BW_ISLAND,BW_SECRET) values (225,11,6,20,'진짜제발','<p>제ㅏㅂㄹ</p>',to_date('20/04/07','RR/MM/DD'),to_date('20/04/07','RR/MM/DD'),0,0,0,0,'n');
Insert into DB_SAWEE.BOARD_WRITE (BW_NO,M_NO,BT_NO,S_NO,BW_TITLE,BW_CONTENT,BW_WRITTEN_DATE,BW_UPDATED_DATE,BW_HIT,BW_RECOMMEND_NUM,BW_REPORT_NUM,BW_ISLAND,BW_SECRET) values (226,11,6,21,'제발마지막','<p>ㅈㅈ</p>',to_date('20/04/07','RR/MM/DD'),to_date('20/04/07','RR/MM/DD'),0,0,0,0,'n');
Insert into DB_SAWEE.BOARD_WRITE (BW_NO,M_NO,BT_NO,S_NO,BW_TITLE,BW_CONTENT,BW_WRITTEN_DATE,BW_UPDATED_DATE,BW_HIT,BW_RECOMMEND_NUM,BW_REPORT_NUM,BW_ISLAND,BW_SECRET) values (244,11,2,5,'이미지 test','<figure class="image image-style-align-left"><img src="http://localhost:8282/resources/files/img/4.jpg"></figure><p>&nbsp;</p><p>이런식으로</p>',to_date('20/04/10','RR/MM/DD'),to_date('20/04/10','RR/MM/DD'),4,0,0,0,'n');
Insert into DB_SAWEE.BOARD_WRITE (BW_NO,M_NO,BT_NO,S_NO,BW_TITLE,BW_CONTENT,BW_WRITTEN_DATE,BW_UPDATED_DATE,BW_HIT,BW_RECOMMEND_NUM,BW_REPORT_NUM,BW_ISLAND,BW_SECRET) values (245,11,4,9,'이미지 test2','<figure class="image image_resized image-style-align-right" style="width:22.29%;"><img src="http://localhost:8282/resources/files/img/ab.png"></figure><p>&nbsp;</p><p>&nbsp;</p><p>&nbsp;</p><p>엥...?</p><p>&nbsp;</p>',to_date('20/04/10','RR/MM/DD'),to_date('20/04/10','RR/MM/DD'),6,1,0,0,'n');
Insert into DB_SAWEE.BOARD_WRITE (BW_NO,M_NO,BT_NO,S_NO,BW_TITLE,BW_CONTENT,BW_WRITTEN_DATE,BW_UPDATED_DATE,BW_HIT,BW_RECOMMEND_NUM,BW_REPORT_NUM,BW_ISLAND,BW_SECRET) values (246,11,3,8,'아쿠아,아쿠아스피어,아프리카에서 10일','<p>ㄴㅇㄹ</p>',to_date('20/04/10','RR/MM/DD'),to_date('20/04/10','RR/MM/DD'),0,0,0,0,'n');
Insert into DB_SAWEE.BOARD_WRITE (BW_NO,M_NO,BT_NO,S_NO,BW_TITLE,BW_CONTENT,BW_WRITTEN_DATE,BW_UPDATED_DATE,BW_HIT,BW_RECOMMEND_NUM,BW_REPORT_NUM,BW_ISLAND,BW_SECRET) values (247,11,1,2,'아그리,아그리콜라,아프리카에서 10일','<p>ㄴㅇㄹ</p>',to_date('20/04/10','RR/MM/DD'),to_date('20/04/10','RR/MM/DD'),115,0,0,0,'n');
Insert into DB_SAWEE.BOARD_WRITE (BW_NO,M_NO,BT_NO,S_NO,BW_TITLE,BW_CONTENT,BW_WRITTEN_DATE,BW_UPDATED_DATE,BW_HIT,BW_RECOMMEND_NUM,BW_REPORT_NUM,BW_ISLAND,BW_SECRET) values (248,11,2,4,'개봉.개봉','<p>ㄴㅇ</p>',to_date('20/04/10','RR/MM/DD'),to_date('20/04/10','RR/MM/DD'),5,0,0,0,'n');
Insert into DB_SAWEE.BOARD_WRITE (BW_NO,M_NO,BT_NO,S_NO,BW_TITLE,BW_CONTENT,BW_WRITTEN_DATE,BW_UPDATED_DATE,BW_HIT,BW_RECOMMEND_NUM,BW_REPORT_NUM,BW_ISLAND,BW_SECRET) values (252,11,3,8,'진심제발','<p>sdf</p>',to_date('20/04/10','RR/MM/DD'),to_date('20/04/10','RR/MM/DD'),5,0,0,0,'n');
REM INSERTING into DB_SAWEE.CAFE
SET DEFINE OFF;
Insert into DB_SAWEE.CAFE (C_NO,C_TITLE,C_ADD,C_PHONE,C_PEOPLE,C_TABLE,C_CHAIR,C_OPEN,C_CLOSE,C_REST,C_WRITTEN_DATE,C_UPDATED_DATE,C_HIT,BT_NO) values (1,'레드버튼 신촌점','서울 서대문구 연세로 8','02-363-3799',2,1,9,'9','10','월',to_date('20/01/01','RR/MM/DD'),to_date('20/01/01','RR/MM/DD'),0,10);
Insert into DB_SAWEE.CAFE (C_NO,C_TITLE,C_ADD,C_PHONE,C_PEOPLE,C_TABLE,C_CHAIR,C_OPEN,C_CLOSE,C_REST,C_WRITTEN_DATE,C_UPDATED_DATE,C_HIT,BT_NO) values (2,'영랜드','서울 서대문구 연세로 25-1','02-363-1541',3,1,4,'9','10','화',to_date('20/01/01','RR/MM/DD'),to_date('20/01/01','RR/MM/DD'),0,10);
Insert into DB_SAWEE.CAFE (C_NO,C_TITLE,C_ADD,C_PHONE,C_PEOPLE,C_TABLE,C_CHAIR,C_OPEN,C_CLOSE,C_REST,C_WRITTEN_DATE,C_UPDATED_DATE,C_HIT,BT_NO) values (3,'마이턴 보드게임 카페','서울 서대문구 연세로 5가길 8-6','02-3141-7700',1,5,1,'9','10','수',to_date('20/01/01','RR/MM/DD'),to_date('20/01/01','RR/MM/DD'),0,10);
Insert into DB_SAWEE.CAFE (C_NO,C_TITLE,C_ADD,C_PHONE,C_PEOPLE,C_TABLE,C_CHAIR,C_OPEN,C_CLOSE,C_REST,C_WRITTEN_DATE,C_UPDATED_DATE,C_HIT,BT_NO) values (4,'보드스쿨 신촌점','서울 서대문구 연세로7길 14','02-3144-8658',2,1,9,'9','10','월',to_date('20/01/01','RR/MM/DD'),to_date('20/01/01','RR/MM/DD'),0,10);
Insert into DB_SAWEE.CAFE (C_NO,C_TITLE,C_ADD,C_PHONE,C_PEOPLE,C_TABLE,C_CHAIR,C_OPEN,C_CLOSE,C_REST,C_WRITTEN_DATE,C_UPDATED_DATE,C_HIT,BT_NO) values (5,'데블다이스 신촌점','서울 서대문구 연세로5가길 1','....',3,1,4,'9','10','화',to_date('20/01/01','RR/MM/DD'),to_date('20/01/01','RR/MM/DD'),0,10);
Insert into DB_SAWEE.CAFE (C_NO,C_TITLE,C_ADD,C_PHONE,C_PEOPLE,C_TABLE,C_CHAIR,C_OPEN,C_CLOSE,C_REST,C_WRITTEN_DATE,C_UPDATED_DATE,C_HIT,BT_NO) values (6,'펀타임','서울 서대문구 명물길 6','070-8793-3538',5,1,9,'11:00','23:00','월',to_date('20/04/01','RR/MM/DD'),to_date('20/04/01','RR/MM/DD'),0,10);
Insert into DB_SAWEE.CAFE (C_NO,C_TITLE,C_ADD,C_PHONE,C_PEOPLE,C_TABLE,C_CHAIR,C_OPEN,C_CLOSE,C_REST,C_WRITTEN_DATE,C_UPDATED_DATE,C_HIT,BT_NO) values (7,'펀까페','서울 서대문구 명물길 10','02-313-2142',4,2,5,'11:00','23:00','화',to_date('20/04/01','RR/MM/DD'),to_date('20/04/01','RR/MM/DD'),0,10);
Insert into DB_SAWEE.CAFE (C_NO,C_TITLE,C_ADD,C_PHONE,C_PEOPLE,C_TABLE,C_CHAIR,C_OPEN,C_CLOSE,C_REST,C_WRITTEN_DATE,C_UPDATED_DATE,C_HIT,BT_NO) values (8,'코다차야 신촌점','서울 서대문구 명물길 32','02-392-1007',5,1,5,'11:00','23:00','월',to_date('20/04/01','RR/MM/DD'),to_date('20/04/01','RR/MM/DD'),0,10);
Insert into DB_SAWEE.CAFE (C_NO,C_TITLE,C_ADD,C_PHONE,C_PEOPLE,C_TABLE,C_CHAIR,C_OPEN,C_CLOSE,C_REST,C_WRITTEN_DATE,C_UPDATED_DATE,C_HIT,BT_NO) values (9,'휴','서울 서대문구 명물길 6','02-364-9993',2,8,2,'11:00','23:00','수',to_date('20/04/01','RR/MM/DD'),to_date('20/04/01','RR/MM/DD'),0,10);
Insert into DB_SAWEE.CAFE (C_NO,C_TITLE,C_ADD,C_PHONE,C_PEOPLE,C_TABLE,C_CHAIR,C_OPEN,C_CLOSE,C_REST,C_WRITTEN_DATE,C_UPDATED_DATE,C_HIT,BT_NO) values (10,'놀숲 신촌점','서울 서대문구 명물길 37','070-4145-6000',6,1,3,'11:00','23:00','월',to_date('20/04/01','RR/MM/DD'),to_date('20/04/01','RR/MM/DD'),0,10);
Insert into DB_SAWEE.CAFE (C_NO,C_TITLE,C_ADD,C_PHONE,C_PEOPLE,C_TABLE,C_CHAIR,C_OPEN,C_CLOSE,C_REST,C_WRITTEN_DATE,C_UPDATED_DATE,C_HIT,BT_NO) values (11,'미스터힐링 신촌점','서울 서대문구 신촌로 119','02-2138-1187',7,3,4,'11:00','23:00','화',to_date('20/04/01','RR/MM/DD'),to_date('20/04/01','RR/MM/DD'),0,10);
Insert into DB_SAWEE.CAFE (C_NO,C_TITLE,C_ADD,C_PHONE,C_PEOPLE,C_TABLE,C_CHAIR,C_OPEN,C_CLOSE,C_REST,C_WRITTEN_DATE,C_UPDATED_DATE,C_HIT,BT_NO) values (12,'비트포비아 신촌점','서울 서대문구 이화여대길 75','.....',2,2,8,'11:00','23:00','월',to_date('20/04/01','RR/MM/DD'),to_date('20/04/01','RR/MM/DD'),0,10);
Insert into DB_SAWEE.CAFE (C_NO,C_TITLE,C_ADD,C_PHONE,C_PEOPLE,C_TABLE,C_CHAIR,C_OPEN,C_CLOSE,C_REST,C_WRITTEN_DATE,C_UPDATED_DATE,C_HIT,BT_NO) values (13,'눈탱이감탱이','서울 서대문구 연세로5길 26','02-3144-3760',1,8,9,'11:00','23:00','월',to_date('20/04/01','RR/MM/DD'),to_date('20/04/01','RR/MM/DD'),0,10);
Insert into DB_SAWEE.CAFE (C_NO,C_TITLE,C_ADD,C_PHONE,C_PEOPLE,C_TABLE,C_CHAIR,C_OPEN,C_CLOSE,C_REST,C_WRITTEN_DATE,C_UPDATED_DATE,C_HIT,BT_NO) values (14,'미스터힐링 이화여대','서울 서대문구 이화여대길 76','02-362-3636',5,6,7,'11:00','23:00','수',to_date('20/04/01','RR/MM/DD'),to_date('20/04/01','RR/MM/DD'),0,10);
Insert into DB_SAWEE.CAFE (C_NO,C_TITLE,C_ADD,C_PHONE,C_PEOPLE,C_TABLE,C_CHAIR,C_OPEN,C_CLOSE,C_REST,C_WRITTEN_DATE,C_UPDATED_DATE,C_HIT,BT_NO) values (15,'카페 티아라','서울 서대문구 성산로 553','02-313-4268',3,7,5,'11:00','23:00','월',to_date('20/04/01','RR/MM/DD'),to_date('20/04/01','RR/MM/DD'),0,10);
Insert into DB_SAWEE.CAFE (C_NO,C_TITLE,C_ADD,C_PHONE,C_PEOPLE,C_TABLE,C_CHAIR,C_OPEN,C_CLOSE,C_REST,C_WRITTEN_DATE,C_UPDATED_DATE,C_HIT,BT_NO) values (16,'test','충청북도 어어','02-313-4268',3,7,5,'11:00','11:00','월',to_date('20/04/01','RR/MM/DD'),to_date('20/04/01','RR/MM/DD'),0,10);
Insert into DB_SAWEE.CAFE (C_NO,C_TITLE,C_ADD,C_PHONE,C_PEOPLE,C_TABLE,C_CHAIR,C_OPEN,C_CLOSE,C_REST,C_WRITTEN_DATE,C_UPDATED_DATE,C_HIT,BT_NO) values (17,'ㅅㄷ','인천광역시 ㅇㅇ','02-313-4268',3,3,3,'11:00','11:00','월',to_date('20/04/01','RR/MM/DD'),to_date('20/04/01','RR/MM/DD'),0,10);
Insert into DB_SAWEE.CAFE (C_NO,C_TITLE,C_ADD,C_PHONE,C_PEOPLE,C_TABLE,C_CHAIR,C_OPEN,C_CLOSE,C_REST,C_WRITTEN_DATE,C_UPDATED_DATE,C_HIT,BT_NO) values (18,'test2','충청남도 어어','02-313-4268',3,3,3,'11:00','11:00','월',to_date('20/04/01','RR/MM/DD'),to_date('20/04/01','RR/MM/DD'),0,10);
Insert into DB_SAWEE.CAFE (C_NO,C_TITLE,C_ADD,C_PHONE,C_PEOPLE,C_TABLE,C_CHAIR,C_OPEN,C_CLOSE,C_REST,C_WRITTEN_DATE,C_UPDATED_DATE,C_HIT,BT_NO) values (19,'이름이름','주소주소소소','00000000',7,8,19,'10:00','24:00','월',to_date('20/04/05','RR/MM/DD'),to_date('20/04/05','RR/MM/DD'),0,10);
Insert into DB_SAWEE.CAFE (C_NO,C_TITLE,C_ADD,C_PHONE,C_PEOPLE,C_TABLE,C_CHAIR,C_OPEN,C_CLOSE,C_REST,C_WRITTEN_DATE,C_UPDATED_DATE,C_HIT,BT_NO) values (20,'이름이름','주소주소소소','00000000',7,8,19,'10:00','24:00','월',to_date('20/04/05','RR/MM/DD'),to_date('20/04/05','RR/MM/DD'),0,10);
Insert into DB_SAWEE.CAFE (C_NO,C_TITLE,C_ADD,C_PHONE,C_PEOPLE,C_TABLE,C_CHAIR,C_OPEN,C_CLOSE,C_REST,C_WRITTEN_DATE,C_UPDATED_DATE,C_HIT,BT_NO) values (23,'아아아악','악악ㅇㄱ','00111212100',99,99,99,'11:00','23:00','월화수목금',to_date('20/04/05','RR/MM/DD'),to_date('20/04/05','RR/MM/DD'),0,10);
REM INSERTING into DB_SAWEE.CAFE_REVIEW
SET DEFINE OFF;
Insert into DB_SAWEE.CAFE_REVIEW (CR_NO,C_NO,M_NO,CR_TITLE,CR_CONTENT,CR_WRITTEN_DATE,CR_UPDATED_DATE,CR_HIT,CR_RECOMMEND_NUM,CR_REPORT_NUM,CR_ISLAND,BT_NO) values (6,1,2,'1','123',to_date('20/04/01','RR/MM/DD'),to_date('20/04/01','RR/MM/DD'),0,0,0,0,11);
Insert into DB_SAWEE.CAFE_REVIEW (CR_NO,C_NO,M_NO,CR_TITLE,CR_CONTENT,CR_WRITTEN_DATE,CR_UPDATED_DATE,CR_HIT,CR_RECOMMEND_NUM,CR_REPORT_NUM,CR_ISLAND,BT_NO) values (41,17,5,'인천 ㅅㄷ 리뷰','리뷰',to_date('20/04/04','RR/MM/DD'),to_date('20/04/04','RR/MM/DD'),9,0,1,0,11);
Insert into DB_SAWEE.CAFE_REVIEW (CR_NO,C_NO,M_NO,CR_TITLE,CR_CONTENT,CR_WRITTEN_DATE,CR_UPDATED_DATE,CR_HIT,CR_RECOMMEND_NUM,CR_REPORT_NUM,CR_ISLAND,BT_NO) values (7,1,5,'2','12',to_date('20/04/01','RR/MM/DD'),to_date('20/04/01','RR/MM/DD'),0,0,0,0,11);
Insert into DB_SAWEE.CAFE_REVIEW (CR_NO,C_NO,M_NO,CR_TITLE,CR_CONTENT,CR_WRITTEN_DATE,CR_UPDATED_DATE,CR_HIT,CR_RECOMMEND_NUM,CR_REPORT_NUM,CR_ISLAND,BT_NO) values (2,1,4,'신촌 리뷰2','신촌 리뷰2',to_date('20/04/06','RR/MM/DD'),to_date('20/04/06','RR/MM/DD'),133,33,0,0,11);
Insert into DB_SAWEE.CAFE_REVIEW (CR_NO,C_NO,M_NO,CR_TITLE,CR_CONTENT,CR_WRITTEN_DATE,CR_UPDATED_DATE,CR_HIT,CR_RECOMMEND_NUM,CR_REPORT_NUM,CR_ISLAND,BT_NO) values (3,1,3,'신촌 리뷰33','<p>신촌 리뷰3</p>',to_date('20/04/06','RR/MM/DD'),to_date('20/04/06','RR/MM/DD'),8,9,0,0,11);
Insert into DB_SAWEE.CAFE_REVIEW (CR_NO,C_NO,M_NO,CR_TITLE,CR_CONTENT,CR_WRITTEN_DATE,CR_UPDATED_DATE,CR_HIT,CR_RECOMMEND_NUM,CR_REPORT_NUM,CR_ISLAND,BT_NO) values (8,1,6,'3','21',to_date('20/04/01','RR/MM/DD'),to_date('20/04/01','RR/MM/DD'),0,0,0,0,11);
Insert into DB_SAWEE.CAFE_REVIEW (CR_NO,C_NO,M_NO,CR_TITLE,CR_CONTENT,CR_WRITTEN_DATE,CR_UPDATED_DATE,CR_HIT,CR_RECOMMEND_NUM,CR_REPORT_NUM,CR_ISLAND,BT_NO) values (5,4,5,'보드스쿨','리뷰',to_date('20/04/01','RR/MM/DD'),to_date('20/04/01','RR/MM/DD'),15,0,0,0,11);
Insert into DB_SAWEE.CAFE_REVIEW (CR_NO,C_NO,M_NO,CR_TITLE,CR_CONTENT,CR_WRITTEN_DATE,CR_UPDATED_DATE,CR_HIT,CR_RECOMMEND_NUM,CR_REPORT_NUM,CR_ISLAND,BT_NO) values (9,1,4,'4','23',to_date('20/04/01','RR/MM/DD'),to_date('20/04/01','RR/MM/DD'),0,0,0,0,11);
Insert into DB_SAWEE.CAFE_REVIEW (CR_NO,C_NO,M_NO,CR_TITLE,CR_CONTENT,CR_WRITTEN_DATE,CR_UPDATED_DATE,CR_HIT,CR_RECOMMEND_NUM,CR_REPORT_NUM,CR_ISLAND,BT_NO) values (10,1,2,'5','21',to_date('20/04/01','RR/MM/DD'),to_date('20/04/01','RR/MM/DD'),0,0,0,0,11);
Insert into DB_SAWEE.CAFE_REVIEW (CR_NO,C_NO,M_NO,CR_TITLE,CR_CONTENT,CR_WRITTEN_DATE,CR_UPDATED_DATE,CR_HIT,CR_RECOMMEND_NUM,CR_REPORT_NUM,CR_ISLAND,BT_NO) values (11,1,2,'6','3',to_date('20/04/01','RR/MM/DD'),to_date('20/04/01','RR/MM/DD'),0,0,0,0,11);
Insert into DB_SAWEE.CAFE_REVIEW (CR_NO,C_NO,M_NO,CR_TITLE,CR_CONTENT,CR_WRITTEN_DATE,CR_UPDATED_DATE,CR_HIT,CR_RECOMMEND_NUM,CR_REPORT_NUM,CR_ISLAND,BT_NO) values (12,1,3,'7','21',to_date('20/04/01','RR/MM/DD'),to_date('20/04/01','RR/MM/DD'),0,0,0,0,11);
Insert into DB_SAWEE.CAFE_REVIEW (CR_NO,C_NO,M_NO,CR_TITLE,CR_CONTENT,CR_WRITTEN_DATE,CR_UPDATED_DATE,CR_HIT,CR_RECOMMEND_NUM,CR_REPORT_NUM,CR_ISLAND,BT_NO) values (13,1,4,'8','32',to_date('20/04/01','RR/MM/DD'),to_date('20/04/01','RR/MM/DD'),5,1,0,0,11);
Insert into DB_SAWEE.CAFE_REVIEW (CR_NO,C_NO,M_NO,CR_TITLE,CR_CONTENT,CR_WRITTEN_DATE,CR_UPDATED_DATE,CR_HIT,CR_RECOMMEND_NUM,CR_REPORT_NUM,CR_ISLAND,BT_NO) values (14,1,5,'카페리뷰올시다','<p>13ㅎㅁㅎㅁㅎㄴㅇㄹㅎㄴㅇㅎㄹㅇㄴㅎㅇㅁㄹ</p>',to_date('20/04/01','RR/MM/DD'),to_date('20/04/01','RR/MM/DD'),11,0,0,2,11);
Insert into DB_SAWEE.CAFE_REVIEW (CR_NO,C_NO,M_NO,CR_TITLE,CR_CONTENT,CR_WRITTEN_DATE,CR_UPDATED_DATE,CR_HIT,CR_RECOMMEND_NUM,CR_REPORT_NUM,CR_ISLAND,BT_NO) values (15,1,2,'카페리뷰10','<p>21</p>',to_date('20/04/01','RR/MM/DD'),to_date('20/04/01','RR/MM/DD'),5,0,0,2,11);
Insert into DB_SAWEE.CAFE_REVIEW (CR_NO,C_NO,M_NO,CR_TITLE,CR_CONTENT,CR_WRITTEN_DATE,CR_UPDATED_DATE,CR_HIT,CR_RECOMMEND_NUM,CR_REPORT_NUM,CR_ISLAND,BT_NO) values (16,1,3,'11','321',to_date('20/04/01','RR/MM/DD'),to_date('20/04/01','RR/MM/DD'),3,0,0,1,11);
Insert into DB_SAWEE.CAFE_REVIEW (CR_NO,C_NO,M_NO,CR_TITLE,CR_CONTENT,CR_WRITTEN_DATE,CR_UPDATED_DATE,CR_HIT,CR_RECOMMEND_NUM,CR_REPORT_NUM,CR_ISLAND,BT_NO) values (17,1,4,'12','32',to_date('20/04/01','RR/MM/DD'),to_date('20/04/01','RR/MM/DD'),1,0,0,0,11);
Insert into DB_SAWEE.CAFE_REVIEW (CR_NO,C_NO,M_NO,CR_TITLE,CR_CONTENT,CR_WRITTEN_DATE,CR_UPDATED_DATE,CR_HIT,CR_RECOMMEND_NUM,CR_REPORT_NUM,CR_ISLAND,BT_NO) values (18,1,5,'13','231',to_date('20/04/01','RR/MM/DD'),to_date('20/04/01','RR/MM/DD'),1,0,0,0,11);
REM INSERTING into DB_SAWEE.CM_COMMENT
SET DEFINE OFF;
Insert into DB_SAWEE.CM_COMMENT (CM_NO,M_NO,CM_CONTENT,CM_WRITTEN_DATE,CM_UPDATED_DATE,CM_TYPE,CM_NO2,CM_RECOMMEND_NUM,CM_REPORT_NUM,CM_RATING,CM_GROUP,CM_STEP,CM_INDENT) values (1,5,'하하하',to_date('20/04/01','RR/MM/DD'),to_date('20/03/26','RR/MM/DD'),'게시판',7,0,0,0,0,0,0);
Insert into DB_SAWEE.CM_COMMENT (CM_NO,M_NO,CM_CONTENT,CM_WRITTEN_DATE,CM_UPDATED_DATE,CM_TYPE,CM_NO2,CM_RECOMMEND_NUM,CM_REPORT_NUM,CM_RATING,CM_GROUP,CM_STEP,CM_INDENT) values (2,8,'호호호',to_date('20/03/26','RR/MM/DD'),to_date('20/04/01','RR/MM/DD'),'카페리뷰',8,0,0,0,0,0,0);
Insert into DB_SAWEE.CM_COMMENT (CM_NO,M_NO,CM_CONTENT,CM_WRITTEN_DATE,CM_UPDATED_DATE,CM_TYPE,CM_NO2,CM_RECOMMEND_NUM,CM_REPORT_NUM,CM_RATING,CM_GROUP,CM_STEP,CM_INDENT) values (3,9,'댓글댓글',to_date('20/03/26','RR/MM/DD'),to_date('20/03/26','RR/MM/DD'),'중고거래',13,0,0,0,0,0,0);
Insert into DB_SAWEE.CM_COMMENT (CM_NO,M_NO,CM_CONTENT,CM_WRITTEN_DATE,CM_UPDATED_DATE,CM_TYPE,CM_NO2,CM_RECOMMEND_NUM,CM_REPORT_NUM,CM_RATING,CM_GROUP,CM_STEP,CM_INDENT) values (4,7,'댓글댓글댓글',to_date('20/03/31','RR/MM/DD'),to_date('20/03/31','RR/MM/DD'),'게시판',45,0,0,0,0,0,0);
Insert into DB_SAWEE.CM_COMMENT (CM_NO,M_NO,CM_CONTENT,CM_WRITTEN_DATE,CM_UPDATED_DATE,CM_TYPE,CM_NO2,CM_RECOMMEND_NUM,CM_REPORT_NUM,CM_RATING,CM_GROUP,CM_STEP,CM_INDENT) values (10,5,'안녕하신가욧?!?!?!',to_date('20/04/01','RR/MM/DD'),to_date('20/04/01','RR/MM/DD'),'게시판',8,0,0,0,10,0,0);
Insert into DB_SAWEE.CM_COMMENT (CM_NO,M_NO,CM_CONTENT,CM_WRITTEN_DATE,CM_UPDATED_DATE,CM_TYPE,CM_NO2,CM_RECOMMEND_NUM,CM_REPORT_NUM,CM_RATING,CM_GROUP,CM_STEP,CM_INDENT) values (11,1,'안녕???',to_date('20/04/01','RR/MM/DD'),to_date('20/04/01','RR/MM/DD'),'게시판',1,1,0,0,11,0,0);
Insert into DB_SAWEE.CM_COMMENT (CM_NO,M_NO,CM_CONTENT,CM_WRITTEN_DATE,CM_UPDATED_DATE,CM_TYPE,CM_NO2,CM_RECOMMEND_NUM,CM_REPORT_NUM,CM_RATING,CM_GROUP,CM_STEP,CM_INDENT) values (8,5,'댓글댓글댓글댓글',to_date('20/03/31','RR/MM/DD'),to_date('20/03/31','RR/MM/DD'),'게시판',45,0,0,0,8,0,0);
Insert into DB_SAWEE.CM_COMMENT (CM_NO,M_NO,CM_CONTENT,CM_WRITTEN_DATE,CM_UPDATED_DATE,CM_TYPE,CM_NO2,CM_RECOMMEND_NUM,CM_REPORT_NUM,CM_RATING,CM_GROUP,CM_STEP,CM_INDENT) values (9,5,'안녕하세요',to_date('20/03/31','RR/MM/DD'),to_date('20/03/31','RR/MM/DD'),'게시판',8,0,0,0,9,0,0);
Insert into DB_SAWEE.CM_COMMENT (CM_NO,M_NO,CM_CONTENT,CM_WRITTEN_DATE,CM_UPDATED_DATE,CM_TYPE,CM_NO2,CM_RECOMMEND_NUM,CM_REPORT_NUM,CM_RATING,CM_GROUP,CM_STEP,CM_INDENT) values (12,2,'하이하이하이',to_date('20/04/02','RR/MM/DD'),to_date('20/04/02','RR/MM/DD'),'게시판',1,1,0,0,12,0,0);
Insert into DB_SAWEE.CM_COMMENT (CM_NO,M_NO,CM_CONTENT,CM_WRITTEN_DATE,CM_UPDATED_DATE,CM_TYPE,CM_NO2,CM_RECOMMEND_NUM,CM_REPORT_NUM,CM_RATING,CM_GROUP,CM_STEP,CM_INDENT) values (13,5,'하이하잇',to_date('20/04/02','RR/MM/DD'),to_date('20/04/02','RR/MM/DD'),'게시판',1,3,0,0,13,0,0);
Insert into DB_SAWEE.CM_COMMENT (CM_NO,M_NO,CM_CONTENT,CM_WRITTEN_DATE,CM_UPDATED_DATE,CM_TYPE,CM_NO2,CM_RECOMMEND_NUM,CM_REPORT_NUM,CM_RATING,CM_GROUP,CM_STEP,CM_INDENT) values (14,5,'하이하잇',to_date('20/04/02','RR/MM/DD'),to_date('20/04/02','RR/MM/DD'),'게시판',1,6,0,0,14,0,0);
Insert into DB_SAWEE.CM_COMMENT (CM_NO,M_NO,CM_CONTENT,CM_WRITTEN_DATE,CM_UPDATED_DATE,CM_TYPE,CM_NO2,CM_RECOMMEND_NUM,CM_REPORT_NUM,CM_RATING,CM_GROUP,CM_STEP,CM_INDENT) values (29,4,'댓글입니닷',to_date('20/04/04','RR/MM/DD'),to_date('20/04/04','RR/MM/DD'),'중고거래',2,3,0,0,29,0,0);
Insert into DB_SAWEE.CM_COMMENT (CM_NO,M_NO,CM_CONTENT,CM_WRITTEN_DATE,CM_UPDATED_DATE,CM_TYPE,CM_NO2,CM_RECOMMEND_NUM,CM_REPORT_NUM,CM_RATING,CM_GROUP,CM_STEP,CM_INDENT) values (16,5,'안녕??!?!?!?',to_date('20/04/02','RR/MM/DD'),to_date('20/04/02','RR/MM/DD'),'게시판',1,2,0,0,16,0,0);
Insert into DB_SAWEE.CM_COMMENT (CM_NO,M_NO,CM_CONTENT,CM_WRITTEN_DATE,CM_UPDATED_DATE,CM_TYPE,CM_NO2,CM_RECOMMEND_NUM,CM_REPORT_NUM,CM_RATING,CM_GROUP,CM_STEP,CM_INDENT) values (17,5,'하이?',to_date('20/04/02','RR/MM/DD'),to_date('20/04/02','RR/MM/DD'),'게시판',1,2,0,0,17,0,0);
Insert into DB_SAWEE.CM_COMMENT (CM_NO,M_NO,CM_CONTENT,CM_WRITTEN_DATE,CM_UPDATED_DATE,CM_TYPE,CM_NO2,CM_RECOMMEND_NUM,CM_REPORT_NUM,CM_RATING,CM_GROUP,CM_STEP,CM_INDENT) values (18,5,'히히히',to_date('20/04/02','RR/MM/DD'),to_date('20/04/02','RR/MM/DD'),'게시판',1,2,0,0,18,0,0);
Insert into DB_SAWEE.CM_COMMENT (CM_NO,M_NO,CM_CONTENT,CM_WRITTEN_DATE,CM_UPDATED_DATE,CM_TYPE,CM_NO2,CM_RECOMMEND_NUM,CM_REPORT_NUM,CM_RATING,CM_GROUP,CM_STEP,CM_INDENT) values (19,5,'ㅎㅇㅎㅇ',to_date('20/04/02','RR/MM/DD'),to_date('20/04/02','RR/MM/DD'),'게시판',1,2,0,0,19,0,0);
Insert into DB_SAWEE.CM_COMMENT (CM_NO,M_NO,CM_CONTENT,CM_WRITTEN_DATE,CM_UPDATED_DATE,CM_TYPE,CM_NO2,CM_RECOMMEND_NUM,CM_REPORT_NUM,CM_RATING,CM_GROUP,CM_STEP,CM_INDENT) values (20,5,'ㄳㄳ',to_date('20/04/02','RR/MM/DD'),to_date('20/04/02','RR/MM/DD'),'게시판',1,10,0,0,20,0,0);
Insert into DB_SAWEE.CM_COMMENT (CM_NO,M_NO,CM_CONTENT,CM_WRITTEN_DATE,CM_UPDATED_DATE,CM_TYPE,CM_NO2,CM_RECOMMEND_NUM,CM_REPORT_NUM,CM_RATING,CM_GROUP,CM_STEP,CM_INDENT) values (21,5,'안녕하신가여??',to_date('20/04/02','RR/MM/DD'),to_date('20/04/02','RR/MM/DD'),'게시판',1,20,0,0,21,0,0);
Insert into DB_SAWEE.CM_COMMENT (CM_NO,M_NO,CM_CONTENT,CM_WRITTEN_DATE,CM_UPDATED_DATE,CM_TYPE,CM_NO2,CM_RECOMMEND_NUM,CM_REPORT_NUM,CM_RATING,CM_GROUP,CM_STEP,CM_INDENT) values (44,5,'ㄻㄻㄻㄹ',to_date('20/04/06','RR/MM/DD'),to_date('20/04/06','RR/MM/DD'),'중고거래',199,0,0,0,44,0,0);
Insert into DB_SAWEE.CM_COMMENT (CM_NO,M_NO,CM_CONTENT,CM_WRITTEN_DATE,CM_UPDATED_DATE,CM_TYPE,CM_NO2,CM_RECOMMEND_NUM,CM_REPORT_NUM,CM_RATING,CM_GROUP,CM_STEP,CM_INDENT) values (30,5,'댓글댓글
',to_date('20/04/04','RR/MM/DD'),to_date('20/04/04','RR/MM/DD'),'중고거래',2,3,0,0,30,0,0);
Insert into DB_SAWEE.CM_COMMENT (CM_NO,M_NO,CM_CONTENT,CM_WRITTEN_DATE,CM_UPDATED_DATE,CM_TYPE,CM_NO2,CM_RECOMMEND_NUM,CM_REPORT_NUM,CM_RATING,CM_GROUP,CM_STEP,CM_INDENT) values (24,5,'수정하기4444444',to_date('20/04/02','RR/MM/DD'),to_date('20/04/03','RR/MM/DD'),'게시판',64,1,0,0,24,0,0);
Insert into DB_SAWEE.CM_COMMENT (CM_NO,M_NO,CM_CONTENT,CM_WRITTEN_DATE,CM_UPDATED_DATE,CM_TYPE,CM_NO2,CM_RECOMMEND_NUM,CM_REPORT_NUM,CM_RATING,CM_GROUP,CM_STEP,CM_INDENT) values (25,5,'댓글 수정 수정',to_date('20/04/03','RR/MM/DD'),to_date('20/04/04','RR/MM/DD'),'게시판',64,1,0,0,25,0,0);
Insert into DB_SAWEE.CM_COMMENT (CM_NO,M_NO,CM_CONTENT,CM_WRITTEN_DATE,CM_UPDATED_DATE,CM_TYPE,CM_NO2,CM_RECOMMEND_NUM,CM_REPORT_NUM,CM_RATING,CM_GROUP,CM_STEP,CM_INDENT) values (26,3,'수정합니닷!!',to_date('20/04/03','RR/MM/DD'),to_date('20/04/03','RR/MM/DD'),'게시판',64,2,0,0,26,0,0);
Insert into DB_SAWEE.CM_COMMENT (CM_NO,M_NO,CM_CONTENT,CM_WRITTEN_DATE,CM_UPDATED_DATE,CM_TYPE,CM_NO2,CM_RECOMMEND_NUM,CM_REPORT_NUM,CM_RATING,CM_GROUP,CM_STEP,CM_INDENT) values (42,5,'SAKFJSAFJSAOIPTU;BNW JTARET',to_date('20/04/06','RR/MM/DD'),to_date('20/04/06','RR/MM/DD'),'중고거래',187,0,0,0,42,0,0);
Insert into DB_SAWEE.CM_COMMENT (CM_NO,M_NO,CM_CONTENT,CM_WRITTEN_DATE,CM_UPDATED_DATE,CM_TYPE,CM_NO2,CM_RECOMMEND_NUM,CM_REPORT_NUM,CM_RATING,CM_GROUP,CM_STEP,CM_INDENT) values (31,5,'되겠지??',to_date('20/04/04','RR/MM/DD'),to_date('20/04/04','RR/MM/DD'),'중고거래',2,6,0,0,31,0,0);
Insert into DB_SAWEE.CM_COMMENT (CM_NO,M_NO,CM_CONTENT,CM_WRITTEN_DATE,CM_UPDATED_DATE,CM_TYPE,CM_NO2,CM_RECOMMEND_NUM,CM_REPORT_NUM,CM_RATING,CM_GROUP,CM_STEP,CM_INDENT) values (43,10,'안녕하세용?',to_date('20/04/06','RR/MM/DD'),to_date('20/04/06','RR/MM/DD'),'게시판',112,4,0,0,43,0,0);
Insert into DB_SAWEE.CM_COMMENT (CM_NO,M_NO,CM_CONTENT,CM_WRITTEN_DATE,CM_UPDATED_DATE,CM_TYPE,CM_NO2,CM_RECOMMEND_NUM,CM_REPORT_NUM,CM_RATING,CM_GROUP,CM_STEP,CM_INDENT) values (45,10,'안녕 못헙니다',to_date('20/04/06','RR/MM/DD'),to_date('20/04/06','RR/MM/DD'),'게시판',112,6,0,0,45,0,0);
Insert into DB_SAWEE.CM_COMMENT (CM_NO,M_NO,CM_CONTENT,CM_WRITTEN_DATE,CM_UPDATED_DATE,CM_TYPE,CM_NO2,CM_RECOMMEND_NUM,CM_REPORT_NUM,CM_RATING,CM_GROUP,CM_STEP,CM_INDENT) values (46,10,'동의합니다',to_date('20/04/06','RR/MM/DD'),to_date('20/04/06','RR/MM/DD'),'게시판',129,10,0,0,46,0,0);
Insert into DB_SAWEE.CM_COMMENT (CM_NO,M_NO,CM_CONTENT,CM_WRITTEN_DATE,CM_UPDATED_DATE,CM_TYPE,CM_NO2,CM_RECOMMEND_NUM,CM_REPORT_NUM,CM_RATING,CM_GROUP,CM_STEP,CM_INDENT) values (47,10,'댓글 test',to_date('20/04/06','RR/MM/DD'),to_date('20/04/06','RR/MM/DD'),'게시판',57,0,0,0,47,0,0);
Insert into DB_SAWEE.CM_COMMENT (CM_NO,M_NO,CM_CONTENT,CM_WRITTEN_DATE,CM_UPDATED_DATE,CM_TYPE,CM_NO2,CM_RECOMMEND_NUM,CM_REPORT_NUM,CM_RATING,CM_GROUP,CM_STEP,CM_INDENT) values (56,10,'하이하이',to_date('20/04/06','RR/MM/DD'),to_date('20/04/06','RR/MM/DD'),'게시판',202,0,0,0,56,0,0);
Insert into DB_SAWEE.CM_COMMENT (CM_NO,M_NO,CM_CONTENT,CM_WRITTEN_DATE,CM_UPDATED_DATE,CM_TYPE,CM_NO2,CM_RECOMMEND_NUM,CM_REPORT_NUM,CM_RATING,CM_GROUP,CM_STEP,CM_INDENT) values (49,5,'댓글댓글댓글댓글',to_date('20/04/06','RR/MM/DD'),to_date('20/04/06','RR/MM/DD'),'카페리뷰',2,2,0,0,49,0,0);
Insert into DB_SAWEE.CM_COMMENT (CM_NO,M_NO,CM_CONTENT,CM_WRITTEN_DATE,CM_UPDATED_DATE,CM_TYPE,CM_NO2,CM_RECOMMEND_NUM,CM_REPORT_NUM,CM_RATING,CM_GROUP,CM_STEP,CM_INDENT) values (52,5,'댓글 남겨용~',to_date('20/04/06','RR/MM/DD'),to_date('20/04/06','RR/MM/DD'),'카페리뷰',2,2,0,0,52,0,0);
Insert into DB_SAWEE.CM_COMMENT (CM_NO,M_NO,CM_CONTENT,CM_WRITTEN_DATE,CM_UPDATED_DATE,CM_TYPE,CM_NO2,CM_RECOMMEND_NUM,CM_REPORT_NUM,CM_RATING,CM_GROUP,CM_STEP,CM_INDENT) values (53,5,'왜 댓글 추천이 안되냐고!!!!',to_date('20/04/06','RR/MM/DD'),to_date('20/04/06','RR/MM/DD'),'카페리뷰',2,16,0,0,53,0,0);
Insert into DB_SAWEE.CM_COMMENT (CM_NO,M_NO,CM_CONTENT,CM_WRITTEN_DATE,CM_UPDATED_DATE,CM_TYPE,CM_NO2,CM_RECOMMEND_NUM,CM_REPORT_NUM,CM_RATING,CM_GROUP,CM_STEP,CM_INDENT) values (54,10,'안녕하세요',to_date('20/04/06','RR/MM/DD'),to_date('20/04/06','RR/MM/DD'),'게시판',202,1,0,0,54,0,0);
Insert into DB_SAWEE.CM_COMMENT (CM_NO,M_NO,CM_CONTENT,CM_WRITTEN_DATE,CM_UPDATED_DATE,CM_TYPE,CM_NO2,CM_RECOMMEND_NUM,CM_REPORT_NUM,CM_RATING,CM_GROUP,CM_STEP,CM_INDENT) values (55,10,'안녕???',to_date('20/04/06','RR/MM/DD'),to_date('20/04/06','RR/MM/DD'),'게시판',202,0,0,0,55,0,0);
Insert into DB_SAWEE.CM_COMMENT (CM_NO,M_NO,CM_CONTENT,CM_WRITTEN_DATE,CM_UPDATED_DATE,CM_TYPE,CM_NO2,CM_RECOMMEND_NUM,CM_REPORT_NUM,CM_RATING,CM_GROUP,CM_STEP,CM_INDENT) values (57,10,'안녕 못해..',to_date('20/04/06','RR/MM/DD'),to_date('20/04/06','RR/MM/DD'),'게시판',202,0,1,0,57,0,0);
Insert into DB_SAWEE.CM_COMMENT (CM_NO,M_NO,CM_CONTENT,CM_WRITTEN_DATE,CM_UPDATED_DATE,CM_TYPE,CM_NO2,CM_RECOMMEND_NUM,CM_REPORT_NUM,CM_RATING,CM_GROUP,CM_STEP,CM_INDENT) values (61,14,'호호호',to_date('20/04/07','RR/MM/DD'),to_date('20/04/07','RR/MM/DD'),'게시판',60,0,0,0,61,0,0);
Insert into DB_SAWEE.CM_COMMENT (CM_NO,M_NO,CM_CONTENT,CM_WRITTEN_DATE,CM_UPDATED_DATE,CM_TYPE,CM_NO2,CM_RECOMMEND_NUM,CM_REPORT_NUM,CM_RATING,CM_GROUP,CM_STEP,CM_INDENT) values (59,14,'하이하이',to_date('20/04/07','RR/MM/DD'),to_date('20/04/07','RR/MM/DD'),'게시판',196,0,0,0,59,0,0);
Insert into DB_SAWEE.CM_COMMENT (CM_NO,M_NO,CM_CONTENT,CM_WRITTEN_DATE,CM_UPDATED_DATE,CM_TYPE,CM_NO2,CM_RECOMMEND_NUM,CM_REPORT_NUM,CM_RATING,CM_GROUP,CM_STEP,CM_INDENT) values (63,14,'댓글댓글',to_date('20/04/07','RR/MM/DD'),to_date('20/04/07','RR/MM/DD'),'게시판',60,0,0,0,63,0,0);
Insert into DB_SAWEE.CM_COMMENT (CM_NO,M_NO,CM_CONTENT,CM_WRITTEN_DATE,CM_UPDATED_DATE,CM_TYPE,CM_NO2,CM_RECOMMEND_NUM,CM_REPORT_NUM,CM_RATING,CM_GROUP,CM_STEP,CM_INDENT) values (62,14,'댓글입력',to_date('20/04/07','RR/MM/DD'),to_date('20/04/07','RR/MM/DD'),'게시판',60,0,0,0,62,0,0);
Insert into DB_SAWEE.CM_COMMENT (CM_NO,M_NO,CM_CONTENT,CM_WRITTEN_DATE,CM_UPDATED_DATE,CM_TYPE,CM_NO2,CM_RECOMMEND_NUM,CM_REPORT_NUM,CM_RATING,CM_GROUP,CM_STEP,CM_INDENT) values (64,14,'???',to_date('20/04/07','RR/MM/DD'),to_date('20/04/07','RR/MM/DD'),'게시판',60,0,0,0,64,0,0);
Insert into DB_SAWEE.CM_COMMENT (CM_NO,M_NO,CM_CONTENT,CM_WRITTEN_DATE,CM_UPDATED_DATE,CM_TYPE,CM_NO2,CM_RECOMMEND_NUM,CM_REPORT_NUM,CM_RATING,CM_GROUP,CM_STEP,CM_INDENT) values (65,14,'??????ㅇㄹ?ㅁㄴㅇㄹ?ㄴㄹ?',to_date('20/04/07','RR/MM/DD'),to_date('20/04/07','RR/MM/DD'),'게시판',60,0,0,0,65,0,0);
Insert into DB_SAWEE.CM_COMMENT (CM_NO,M_NO,CM_CONTENT,CM_WRITTEN_DATE,CM_UPDATED_DATE,CM_TYPE,CM_NO2,CM_RECOMMEND_NUM,CM_REPORT_NUM,CM_RATING,CM_GROUP,CM_STEP,CM_INDENT) values (66,14,'댓글',to_date('20/04/07','RR/MM/DD'),to_date('20/04/07','RR/MM/DD'),'게시판',200,0,0,0,66,0,0);
Insert into DB_SAWEE.CM_COMMENT (CM_NO,M_NO,CM_CONTENT,CM_WRITTEN_DATE,CM_UPDATED_DATE,CM_TYPE,CM_NO2,CM_RECOMMEND_NUM,CM_REPORT_NUM,CM_RATING,CM_GROUP,CM_STEP,CM_INDENT) values (67,14,'댓글',to_date('20/04/07','RR/MM/DD'),to_date('20/04/07','RR/MM/DD'),'게시판',196,1,0,0,67,0,0);
Insert into DB_SAWEE.CM_COMMENT (CM_NO,M_NO,CM_CONTENT,CM_WRITTEN_DATE,CM_UPDATED_DATE,CM_TYPE,CM_NO2,CM_RECOMMEND_NUM,CM_REPORT_NUM,CM_RATING,CM_GROUP,CM_STEP,CM_INDENT) values (68,14,'히히히히히히히히ㅣ히힣ㅎ',to_date('20/04/07','RR/MM/DD'),to_date('20/04/07','RR/MM/DD'),'게시판',198,0,0,0,68,1,0);
Insert into DB_SAWEE.CM_COMMENT (CM_NO,M_NO,CM_CONTENT,CM_WRITTEN_DATE,CM_UPDATED_DATE,CM_TYPE,CM_NO2,CM_RECOMMEND_NUM,CM_REPORT_NUM,CM_RATING,CM_GROUP,CM_STEP,CM_INDENT) values (70,3,'re 히히히ㅣ히히',to_date('20/04/07','RR/MM/DD'),to_date('20/04/07','RR/MM/DD'),'게시판',198,0,0,0,68,1,1);
Insert into DB_SAWEE.CM_COMMENT (CM_NO,M_NO,CM_CONTENT,CM_WRITTEN_DATE,CM_UPDATED_DATE,CM_TYPE,CM_NO2,CM_RECOMMEND_NUM,CM_REPORT_NUM,CM_RATING,CM_GROUP,CM_STEP,CM_INDENT) values (71,14,'돌아이가',to_date('20/04/07','RR/MM/DD'),to_date('20/04/07','RR/MM/DD'),'게시판',198,0,0,0,71,0,0);
Insert into DB_SAWEE.CM_COMMENT (CM_NO,M_NO,CM_CONTENT,CM_WRITTEN_DATE,CM_UPDATED_DATE,CM_TYPE,CM_NO2,CM_RECOMMEND_NUM,CM_REPORT_NUM,CM_RATING,CM_GROUP,CM_STEP,CM_INDENT) values (72,5,'댓글',to_date('20/04/08','RR/MM/DD'),to_date('20/04/08','RR/MM/DD'),'카페리뷰',41,0,0,0,72,0,0);
Insert into DB_SAWEE.CM_COMMENT (CM_NO,M_NO,CM_CONTENT,CM_WRITTEN_DATE,CM_UPDATED_DATE,CM_TYPE,CM_NO2,CM_RECOMMEND_NUM,CM_REPORT_NUM,CM_RATING,CM_GROUP,CM_STEP,CM_INDENT) values (95,5,'여기 좋아용!!',to_date('20/04/08','RR/MM/DD'),to_date('20/04/08','RR/MM/DD'),'한줄평',2,0,0,0,95,0,0);
Insert into DB_SAWEE.CM_COMMENT (CM_NO,M_NO,CM_CONTENT,CM_WRITTEN_DATE,CM_UPDATED_DATE,CM_TYPE,CM_NO2,CM_RECOMMEND_NUM,CM_REPORT_NUM,CM_RATING,CM_GROUP,CM_STEP,CM_INDENT) values (96,5,'강추강추!!!',to_date('20/04/08','RR/MM/DD'),to_date('20/04/08','RR/MM/DD'),'한줄평',1,0,0,0,96,0,0);
Insert into DB_SAWEE.CM_COMMENT (CM_NO,M_NO,CM_CONTENT,CM_WRITTEN_DATE,CM_UPDATED_DATE,CM_TYPE,CM_NO2,CM_RECOMMEND_NUM,CM_REPORT_NUM,CM_RATING,CM_GROUP,CM_STEP,CM_INDENT) values (97,5,'여기 추천ㅎㅎ',to_date('20/04/08','RR/MM/DD'),to_date('20/04/08','RR/MM/DD'),'한줄평',1,1,0,0,97,0,0);
Insert into DB_SAWEE.CM_COMMENT (CM_NO,M_NO,CM_CONTENT,CM_WRITTEN_DATE,CM_UPDATED_DATE,CM_TYPE,CM_NO2,CM_RECOMMEND_NUM,CM_REPORT_NUM,CM_RATING,CM_GROUP,CM_STEP,CM_INDENT) values (98,5,'써지나??',to_date('20/04/08','RR/MM/DD'),to_date('20/04/08','RR/MM/DD'),'한줄평',1,0,0,0,98,0,0);
Insert into DB_SAWEE.CM_COMMENT (CM_NO,M_NO,CM_CONTENT,CM_WRITTEN_DATE,CM_UPDATED_DATE,CM_TYPE,CM_NO2,CM_RECOMMEND_NUM,CM_REPORT_NUM,CM_RATING,CM_GROUP,CM_STEP,CM_INDENT) values (77,14,'잘 되지?? 수정수정',to_date('20/04/08','RR/MM/DD'),to_date('20/04/08','RR/MM/DD'),'게시판',198,0,0,0,77,0,0);
Insert into DB_SAWEE.CM_COMMENT (CM_NO,M_NO,CM_CONTENT,CM_WRITTEN_DATE,CM_UPDATED_DATE,CM_TYPE,CM_NO2,CM_RECOMMEND_NUM,CM_REPORT_NUM,CM_RATING,CM_GROUP,CM_STEP,CM_INDENT) values (99,5,'써지나??',to_date('20/04/08','RR/MM/DD'),to_date('20/04/08','RR/MM/DD'),'한줄평',1,0,0,0,99,0,0);
Insert into DB_SAWEE.CM_COMMENT (CM_NO,M_NO,CM_CONTENT,CM_WRITTEN_DATE,CM_UPDATED_DATE,CM_TYPE,CM_NO2,CM_RECOMMEND_NUM,CM_REPORT_NUM,CM_RATING,CM_GROUP,CM_STEP,CM_INDENT) values (100,5,'댓글',to_date('20/04/08','RR/MM/DD'),to_date('20/04/08','RR/MM/DD'),'카페리뷰',13,0,0,0,100,0,0);
Insert into DB_SAWEE.CM_COMMENT (CM_NO,M_NO,CM_CONTENT,CM_WRITTEN_DATE,CM_UPDATED_DATE,CM_TYPE,CM_NO2,CM_RECOMMEND_NUM,CM_REPORT_NUM,CM_RATING,CM_GROUP,CM_STEP,CM_INDENT) values (287,14,'수정수정',to_date('20/04/09','RR/MM/DD'),to_date('20/04/09','RR/MM/DD'),'게시판',195,10,0,0,287,0,0);
Insert into DB_SAWEE.CM_COMMENT (CM_NO,M_NO,CM_CONTENT,CM_WRITTEN_DATE,CM_UPDATED_DATE,CM_TYPE,CM_NO2,CM_RECOMMEND_NUM,CM_REPORT_NUM,CM_RATING,CM_GROUP,CM_STEP,CM_INDENT) values (284,5,'ㅇㄴㅎㅇㄴㅎㅇㄴㅎㅇㄴㄹㅎ',to_date('20/04/09','RR/MM/DD'),to_date('20/04/09','RR/MM/DD'),'중고거래',17,0,0,0,284,0,0);
Insert into DB_SAWEE.CM_COMMENT (CM_NO,M_NO,CM_CONTENT,CM_WRITTEN_DATE,CM_UPDATED_DATE,CM_TYPE,CM_NO2,CM_RECOMMEND_NUM,CM_REPORT_NUM,CM_RATING,CM_GROUP,CM_STEP,CM_INDENT) values (285,5,'ㅎㅁㄴㅎㅇㄴㅎㅇㄴ',to_date('20/04/09','RR/MM/DD'),to_date('20/04/09','RR/MM/DD'),'중고거래',17,0,0,0,285,0,0);
Insert into DB_SAWEE.CM_COMMENT (CM_NO,M_NO,CM_CONTENT,CM_WRITTEN_DATE,CM_UPDATED_DATE,CM_TYPE,CM_NO2,CM_RECOMMEND_NUM,CM_REPORT_NUM,CM_RATING,CM_GROUP,CM_STEP,CM_INDENT) values (288,14,'리플',to_date('20/04/09','RR/MM/DD'),to_date('20/04/09','RR/MM/DD'),'게시판',195,0,0,0,287,3,1);
Insert into DB_SAWEE.CM_COMMENT (CM_NO,M_NO,CM_CONTENT,CM_WRITTEN_DATE,CM_UPDATED_DATE,CM_TYPE,CM_NO2,CM_RECOMMEND_NUM,CM_REPORT_NUM,CM_RATING,CM_GROUP,CM_STEP,CM_INDENT) values (289,14,'리플2',to_date('20/04/09','RR/MM/DD'),to_date('20/04/09','RR/MM/DD'),'게시판',195,0,0,0,287,1,1);
Insert into DB_SAWEE.CM_COMMENT (CM_NO,M_NO,CM_CONTENT,CM_WRITTEN_DATE,CM_UPDATED_DATE,CM_TYPE,CM_NO2,CM_RECOMMEND_NUM,CM_REPORT_NUM,CM_RATING,CM_GROUP,CM_STEP,CM_INDENT) values (290,14,'리플의 리플',to_date('20/04/09','RR/MM/DD'),to_date('20/04/09','RR/MM/DD'),'게시판',195,1,0,0,287,6,2);
Insert into DB_SAWEE.CM_COMMENT (CM_NO,M_NO,CM_CONTENT,CM_WRITTEN_DATE,CM_UPDATED_DATE,CM_TYPE,CM_NO2,CM_RECOMMEND_NUM,CM_REPORT_NUM,CM_RATING,CM_GROUP,CM_STEP,CM_INDENT) values (291,14,'뭐지..??',to_date('20/04/09','RR/MM/DD'),to_date('20/04/09','RR/MM/DD'),'게시판',195,1,0,0,291,0,0);
Insert into DB_SAWEE.CM_COMMENT (CM_NO,M_NO,CM_CONTENT,CM_WRITTEN_DATE,CM_UPDATED_DATE,CM_TYPE,CM_NO2,CM_RECOMMEND_NUM,CM_REPORT_NUM,CM_RATING,CM_GROUP,CM_STEP,CM_INDENT) values (292,14,'2222',to_date('20/04/09','RR/MM/DD'),to_date('20/04/09','RR/MM/DD'),'게시판',195,0,0,0,287,4,2);
Insert into DB_SAWEE.CM_COMMENT (CM_NO,M_NO,CM_CONTENT,CM_WRITTEN_DATE,CM_UPDATED_DATE,CM_TYPE,CM_NO2,CM_RECOMMEND_NUM,CM_REPORT_NUM,CM_RATING,CM_GROUP,CM_STEP,CM_INDENT) values (293,14,'리플의 리플의 리플',to_date('20/04/09','RR/MM/DD'),to_date('20/04/09','RR/MM/DD'),'게시판',195,0,0,0,287,7,3);
Insert into DB_SAWEE.CM_COMMENT (CM_NO,M_NO,CM_CONTENT,CM_WRITTEN_DATE,CM_UPDATED_DATE,CM_TYPE,CM_NO2,CM_RECOMMEND_NUM,CM_REPORT_NUM,CM_RATING,CM_GROUP,CM_STEP,CM_INDENT) values (294,14,'33333',to_date('20/04/09','RR/MM/DD'),to_date('20/04/09','RR/MM/DD'),'게시판',195,0,0,0,287,5,3);
Insert into DB_SAWEE.CM_COMMENT (CM_NO,M_NO,CM_CONTENT,CM_WRITTEN_DATE,CM_UPDATED_DATE,CM_TYPE,CM_NO2,CM_RECOMMEND_NUM,CM_REPORT_NUM,CM_RATING,CM_GROUP,CM_STEP,CM_INDENT) values (295,14,'리플33333',to_date('20/04/09','RR/MM/DD'),to_date('20/04/09','RR/MM/DD'),'게시판',195,1,0,0,287,2,2);
Insert into DB_SAWEE.CM_COMMENT (CM_NO,M_NO,CM_CONTENT,CM_WRITTEN_DATE,CM_UPDATED_DATE,CM_TYPE,CM_NO2,CM_RECOMMEND_NUM,CM_REPORT_NUM,CM_RATING,CM_GROUP,CM_STEP,CM_INDENT) values (315,3,'ㄴ아ㅣ럼니ㅏ러ㅣ남ㅇ러',to_date('20/04/10','RR/MM/DD'),to_date('20/04/10','RR/MM/DD'),'게시판',247,0,0,0,315,0,0);
Insert into DB_SAWEE.CM_COMMENT (CM_NO,M_NO,CM_CONTENT,CM_WRITTEN_DATE,CM_UPDATED_DATE,CM_TYPE,CM_NO2,CM_RECOMMEND_NUM,CM_REPORT_NUM,CM_RATING,CM_GROUP,CM_STEP,CM_INDENT) values (297,5,'아..아쉽네요',to_date('20/04/10','RR/MM/DD'),to_date('20/04/10','RR/MM/DD'),'중고거래',401,9,0,0,297,0,0);
Insert into DB_SAWEE.CM_COMMENT (CM_NO,M_NO,CM_CONTENT,CM_WRITTEN_DATE,CM_UPDATED_DATE,CM_TYPE,CM_NO2,CM_RECOMMEND_NUM,CM_REPORT_NUM,CM_RATING,CM_GROUP,CM_STEP,CM_INDENT) values (298,14,'오오오오오',to_date('20/04/10','RR/MM/DD'),to_date('20/04/10','RR/MM/DD'),'게시판',247,0,0,0,298,0,0);
Insert into DB_SAWEE.CM_COMMENT (CM_NO,M_NO,CM_CONTENT,CM_WRITTEN_DATE,CM_UPDATED_DATE,CM_TYPE,CM_NO2,CM_RECOMMEND_NUM,CM_REPORT_NUM,CM_RATING,CM_GROUP,CM_STEP,CM_INDENT) values (314,3,'댓글',to_date('20/04/10','RR/MM/DD'),to_date('20/04/10','RR/MM/DD'),'게시판',247,0,0,0,314,0,0);
Insert into DB_SAWEE.CM_COMMENT (CM_NO,M_NO,CM_CONTENT,CM_WRITTEN_DATE,CM_UPDATED_DATE,CM_TYPE,CM_NO2,CM_RECOMMEND_NUM,CM_REPORT_NUM,CM_RATING,CM_GROUP,CM_STEP,CM_INDENT) values (316,3,'ㅇㄴㄻㄴㅇㄻㄴㅇㄹ',to_date('20/04/10','RR/MM/DD'),to_date('20/04/10','RR/MM/DD'),'게시판',198,0,0,0,316,0,0);
Insert into DB_SAWEE.CM_COMMENT (CM_NO,M_NO,CM_CONTENT,CM_WRITTEN_DATE,CM_UPDATED_DATE,CM_TYPE,CM_NO2,CM_RECOMMEND_NUM,CM_REPORT_NUM,CM_RATING,CM_GROUP,CM_STEP,CM_INDENT) values (317,3,'ㅋㅍㅁㄴㅇㅎㅁㄴㅇㅀㅁㄹㄴ',to_date('20/04/10','RR/MM/DD'),to_date('20/04/10','RR/MM/DD'),'게시판',198,0,0,0,317,0,0);
Insert into DB_SAWEE.CM_COMMENT (CM_NO,M_NO,CM_CONTENT,CM_WRITTEN_DATE,CM_UPDATED_DATE,CM_TYPE,CM_NO2,CM_RECOMMEND_NUM,CM_REPORT_NUM,CM_RATING,CM_GROUP,CM_STEP,CM_INDENT) values (318,9,'어떻게 나에게.... 도와주는 게 아니라 거의 해결해주는 나에게...넘심...',to_date('20/04/10','RR/MM/DD'),to_date('20/04/10','RR/MM/DD'),'게시판',198,0,0,0,318,0,0);
Insert into DB_SAWEE.CM_COMMENT (CM_NO,M_NO,CM_CONTENT,CM_WRITTEN_DATE,CM_UPDATED_DATE,CM_TYPE,CM_NO2,CM_RECOMMEND_NUM,CM_REPORT_NUM,CM_RATING,CM_GROUP,CM_STEP,CM_INDENT) values (319,9,'하이하이',to_date('20/04/10','RR/MM/DD'),to_date('20/04/10','RR/MM/DD'),'게시판',247,0,0,0,315,1,1);
REM INSERTING into DB_SAWEE.FAQ
SET DEFINE OFF;
Insert into DB_SAWEE.FAQ (FAQ_NO,S_NO,FAQ_TITLE,FAQ_CONTENT,FAQ_WRITTEN_DATE,FAQ_UPDATED_DATE,FAQ_HIT) values (1,22,'회원ㄴㄴㄴㄴㄴㄴ','<p>ㅁ아ㅣㄹㄴㅁ이;ㄹㄴㅁ이ㅏㄹ밍ㄻㄴㅇㄹ</p>',to_date('20/04/06','RR/MM/DD'),to_date('20/04/06','RR/MM/DD'),0);
Insert into DB_SAWEE.FAQ (FAQ_NO,S_NO,FAQ_TITLE,FAQ_CONTENT,FAQ_WRITTEN_DATE,FAQ_UPDATED_DATE,FAQ_HIT) values (2,23,'결제결제결제','<p><span style="color:rgb(96,108,118);">너무나 밤을 새워 계십니다. 한 잔디가 남은 위에 이름과 별 이름을 별을 까닭입니다. 다 지나고 우는 피어나듯이 까닭이요, 못 봅니다. 별을 별에도 이런 슬퍼하는 파란 있습니다. 노새, 나의 언덕 오는 아직 어머니 아침이 내린 걱정도 계십니다. 내 까닭이요, 쉬이 별 아침이 아무 풀이 밤을 별들을 봅니다.</span><br><br><span style="color:rgb(96,108,118);">새겨지는 이런 어머님, 버리었습니다. 말 헤는 하나에 헤일 같이 둘 듯합니다. 이름과, 지나고 마디씩 별 것은 강아지, 계십니다. 이름과, 내 별 별 하나에 라이너 묻힌 어머님, 봅니다. 자랑처럼 패, 하나에 쓸쓸함과 그리고 때 멀리 된 계십니다. 보고, 별들을 언덕 그러나 이웃 프랑시스 때 별 새겨지는 계십니다. 시와 무엇인지 소학교 내린 이름과 했던 까닭입니다.</span></p>',to_date('20/04/06','RR/MM/DD'),to_date('20/04/06','RR/MM/DD'),0);
Insert into DB_SAWEE.FAQ (FAQ_NO,S_NO,FAQ_TITLE,FAQ_CONTENT,FAQ_WRITTEN_DATE,FAQ_UPDATED_DATE,FAQ_HIT) values (3,24,'정보수정입니다','<p><span style="color:rgb(96,108,118);">너무나 밤을 새워 계십니다. 한 잔디가 남은 위에 이름과 별 이름을 별을 까닭입니다. 다 지나고 우는 피어나듯이 까닭이요, 못 봅니다. 별을 별에도 이런 슬퍼하는 파란 있습니다. 노새, 나의 언덕 오는 아직 어머니 아침이 내린 걱정도 계십니다. 내 까닭이요, 쉬이 별 아침이 아무 풀이 밤을 별들을 봅니다.</span><br><br><span style="color:rgb(96,108,118);">새겨지는 이런 어머님, 버리었습니다. 말 헤는 하나에 헤일 같이 둘 듯합니다. 이름과, 지나고 마디씩 별 것은 강아지, 계십니다. 이름과, 내 별 별 하나에 라이너 묻힌 어머님, 봅니다. 자랑처럼 패, 하나에 쓸쓸함과 그리고 때 멀리 된 계십니다. 보고, 별들을 언덕 그러나 이웃 프랑시스 때 별 새겨지는 계십니다. 시와 무엇인지 소학교 내린 이름과 했던 까닭입니다.</span></p>',to_date('20/04/06','RR/MM/DD'),to_date('20/04/06','RR/MM/DD'),0);
Insert into DB_SAWEE.FAQ (FAQ_NO,S_NO,FAQ_TITLE,FAQ_CONTENT,FAQ_WRITTEN_DATE,FAQ_UPDATED_DATE,FAQ_HIT) values (4,25,'무인도....','<p><span style="color:rgb(96,108,118);">헤일 어머니 별빛이 애기 이름자 나는 버리었습니다. 라이너 못 가을로 같이 하늘에는 다 봅니다. 자랑처럼 밤이 이국 소녀들의 추억과 청춘이 까닭입니다. 시인의 봄이 시와 하나 까닭입니다. 이름과, 어머님, 별 걱정도 시인의 계십니다. 하늘에는 토끼, 나는 있습니다. 비둘기, 사랑과 새워 그러나 때 이국 마리아 무엇인지 듯합니다. 슬퍼하는 멀리 위에 이네들은 파란 쓸쓸함과 거외다. 없이 소학교 비둘기, 계십니다.</span><br><br><span style="color:rgb(96,108,118);">어머님, 노새, 나는 새워 아스라히 파란 헤일 잔디가 된 거외다. 잠, 다 하나에 계십니다. 가을로 별 피어나듯이 이름과 지나고 아직 거외다. 쓸쓸함과 잔디가 옥 무성할 마디씩 토끼, 라이너 다 하나에 거외다. 별 슬퍼하는 별에도 아이들의 이름자 쉬이 내 마리아 애기 까닭입니다. 새워 나는 하나에 마리아 지나고 밤이 별 있습니다. 당신은 흙으로 무엇인지 까닭입니다. 잠, 겨울이 이제 하나에 흙으로 이국 마리아 봅니다. 토끼, 내일 옥 말 듯합니다. 불러 어머니, 이름과, 멀리 흙으로 이름과 버리었습니다.</span></p>',to_date('20/04/06','RR/MM/DD'),to_date('20/04/06','RR/MM/DD'),0);
Insert into DB_SAWEE.FAQ (FAQ_NO,S_NO,FAQ_TITLE,FAQ_CONTENT,FAQ_WRITTEN_DATE,FAQ_UPDATED_DATE,FAQ_HIT) values (5,26,'기타기타기타타타타','<p><span style="color:rgb(96,108,118);">헤일 어머니 별빛이 애기 이름자 나는 버리었습니다. 라이너 못 가을로 같이 하늘에는 다 봅니다. 자랑처럼 밤이 이국 소녀들의 추억과 청춘이 까닭입니다. 시인의 봄이 시와 하나 까닭입니다. 이름과, 어머님, 별 걱정도 시인의 계십니다. 하늘에는 토끼, 나는 있습니다. 비둘기, 사랑과 새워 그러나 때 이국 마리아 무엇인지 듯합니다. 슬퍼하는 멀리 위에 이네들은 파란 쓸쓸함과 거외다. 없이 소학교 비둘기, 계십니다.</span><br><br><span style="color:rgb(96,108,118);">어머님, 노새, 나는 새워 아스라히 파란 헤일 잔디가 된 거외다. 잠, 다 하나에 계십니다. 가을로 별 피어나듯이 이름과 지나고 아직 거외다. 쓸쓸함과 잔디가 옥 무성할 마디씩 토끼, 라이너 다 하나에 거외다. 별 슬퍼하는 별에도 아이들의 이름자 쉬이 내 마리아 애기 까닭입니다. 새워 나는 하나에 마리아 지나고 밤이 별 있습니다. 당신은 흙으로 무엇인지 까닭입니다. 잠, 겨울이 이제 하나에 흙으로 이국 마리아 봅니다. 토끼, 내일 옥 말 듯합니다. 불러 어머니, 이름과, 멀리 흙으로 이름과 버리었습니다.헤일 어머니 별빛이 애기 이름자 나는 버리었습니다. 라이너 못 가을로 같이 하늘에는 다 봅니다. 자랑처럼 밤이 이국 소녀들의 추억과 청춘이 까닭입니다. 시인의 봄이 시와 하나 까닭입니다. 이름과, 어머님, 별 걱정도 시인의 계십니다. 하늘에는 토끼, 나는 있습니다. 비둘기, 사랑과 새워 그러나 때 이국 마리아 무엇인지 듯합니다. 슬퍼하는 멀리 위에 이네들은 파란 쓸쓸함과 거외다. 없이 소학교 비둘기, 계십니다.</span><br><br><span style="color:rgb(96,108,118);">어머님, 노새, 나는 새워 아스라히 파란 헤일 잔디가 된 거외다. 잠, 다 하나에 계십니다. 가을로 별 피어나듯이 이름과 지나고 아직 거외다. 쓸쓸함과 잔디가 옥 무성할 마디씩 토끼, 라이너 다 하나에 거외다. 별 슬퍼하는 별에도 아이들의 이름자 쉬이 내 마리아 애기 까닭입니다. 새워 나는 하나에 마리아 지나고 밤이 별 있습니다. 당신은 흙으로 무엇인지 까닭입니다. 잠, 겨울이 이제 하나에 흙으로 이국 마리아 봅니다. 토끼, 내일 옥 말 듯합니다. 불러 어머니, 이름과, 멀리 흙으로 이름과 버리었습니다.</span></p>',to_date('20/04/06','RR/MM/DD'),to_date('20/04/06','RR/MM/DD'),0);
Insert into DB_SAWEE.FAQ (FAQ_NO,S_NO,FAQ_TITLE,FAQ_CONTENT,FAQ_WRITTEN_DATE,FAQ_UPDATED_DATE,FAQ_HIT) values (6,22,'살려줘..','<p><span style="color:rgb(96,108,118);">헤일 어머니 별빛이 애기 이름자 나는 버리었습니다. 라이너 못 가을로 같이 하늘에는 다 봅니다. 자랑처럼 밤이 이국 소녀들의 추억과 청춘이 까닭입니다. 시인의 봄이 시와 하나 까닭입니다. 이름과, 어머님, 별 걱정도 시인의 계십니다. 하늘에는 토끼, 나는 있습니다. 비둘기, 사랑과 새워 그러나 때 이국 마리아 무엇인지 듯합니다. 슬퍼하는 멀리 위에 이네들은 파란 쓸쓸함과 거외다. 없이 소학교 비둘기, 계십니다.</span><br><br><span style="color:rgb(96,108,118);">어머님, 노새, 나는 새워 아스라히 파란 헤일 잔디가 된 거외다. 잠, 다 하나에 계십니다. 가을로 별 피어나듯이 이름과 지나고 아직 거외다. 쓸쓸함과 잔디가 옥 무성할 마디씩 토끼, 라이너 다 하나에 거외다. 별 슬퍼하는 별에도 아이들의 이름자 쉬이 내 마리아 애기 까닭입니다. 새워 나는 하나에 마리아 지나고 밤이 별 있습니다. 당신은 흙으로 무엇인지 까닭입니다. 잠, 겨울이 이제 하나에 흙으로 이국 마리아 봅니다. 토끼, 내일 옥 말 듯합니다. 불러 어머니, 이름과, 멀리 흙으로 이름과 버리었습니다.</span></p>',to_date('20/04/06','RR/MM/DD'),to_date('20/04/06','RR/MM/DD'),0);
REM INSERTING into DB_SAWEE.F_FILE
SET DEFINE OFF;
Insert into DB_SAWEE.F_FILE (F_NO,F_NAME,F_TYPE,F_PATH,F_USE) values (1,'TEST','TEST','TEST','TEST');
REM INSERTING into DB_SAWEE.GAME
SET DEFINE OFF;
Insert into DB_SAWEE.GAME (G_NO,G_NAME,G_WRITTEN_DATE,G_UPDATED_DATE,G_HIT,G_RECOMMEND_NUM,G_MIN,G_MAX,G_PLAYTIME,G_RELEASE,G_LEVEL,G_RULETIME,G_LANG,G_INTER,G_THEME,G_REPLAY,G_ARTWORK,G_CONTENTS,G_NUM,G_IMAGE,G_THUMBNAIL,G_NAME_KOR) values (520,'Valley of the Kings: Afterlife',to_date('20/04/09','RR/MM/DD'),to_date('20/04/09','RR/MM/DD'),0,0,1,4,45,2015,0,0,0,0,0,0,0,0,0,'https://cf.geekdo-images.com/original/img/4DuXzpHmvnozbgLPeZO-qbxWnxQ=/0x0/pic2456554.jpg','https://cf.geekdo-images.com/thumb/img/deNeXngg79CpMZLIYDn-_r3Rf-c=/fit-in/200x150/pic2456554.jpg',null);
Insert into DB_SAWEE.GAME (G_NO,G_NAME,G_WRITTEN_DATE,G_UPDATED_DATE,G_HIT,G_RECOMMEND_NUM,G_MIN,G_MAX,G_PLAYTIME,G_RELEASE,G_LEVEL,G_RULETIME,G_LANG,G_INTER,G_THEME,G_REPLAY,G_ARTWORK,G_CONTENTS,G_NUM,G_IMAGE,G_THUMBNAIL,G_NAME_KOR) values (521,'Viceroy',to_date('20/04/09','RR/MM/DD'),to_date('20/04/09','RR/MM/DD'),0,0,1,4,60,2014,0,0,0,0,0,0,0,0,0,'https://cf.geekdo-images.com/original/img/FwncKP5GkYJvBmVSYjBOBP28AL0=/0x0/pic2254354.jpg','https://cf.geekdo-images.com/thumb/img/0W8E-4ZbpzoW45BXrotfKej6Yg0=/fit-in/200x150/pic2254354.jpg',null);
Insert into DB_SAWEE.GAME (G_NO,G_NAME,G_WRITTEN_DATE,G_UPDATED_DATE,G_HIT,G_RECOMMEND_NUM,G_MIN,G_MAX,G_PLAYTIME,G_RELEASE,G_LEVEL,G_RULETIME,G_LANG,G_INTER,G_THEME,G_REPLAY,G_ARTWORK,G_CONTENTS,G_NUM,G_IMAGE,G_THUMBNAIL,G_NAME_KOR) values (522,'Village',to_date('20/04/09','RR/MM/DD'),to_date('20/04/09','RR/MM/DD'),0,0,2,4,90,2011,0,0,0,0,0,0,0,0,0,'https://cf.geekdo-images.com/original/img/XJ9DcBvOYgoSSNLjx0GP4If8hms=/0x0/pic2760568.jpg','https://cf.geekdo-images.com/thumb/img/qavzxzdsA436t0AAKpkeM7Wjq4c=/fit-in/200x150/pic2760568.jpg',null);
Insert into DB_SAWEE.GAME (G_NO,G_NAME,G_WRITTEN_DATE,G_UPDATED_DATE,G_HIT,G_RECOMMEND_NUM,G_MIN,G_MAX,G_PLAYTIME,G_RELEASE,G_LEVEL,G_RULETIME,G_LANG,G_INTER,G_THEME,G_REPLAY,G_ARTWORK,G_CONTENTS,G_NUM,G_IMAGE,G_THUMBNAIL,G_NAME_KOR) values (523,'Village: Inn',to_date('20/04/09','RR/MM/DD'),to_date('20/04/09','RR/MM/DD'),0,0,2,5,120,2013,0,0,0,0,0,0,0,0,0,'https://cf.geekdo-images.com/original/img/b9loXoWXlwGci_cjQH4gu_sll3s=/0x0/pic2760535.jpg','https://cf.geekdo-images.com/thumb/img/mR2mu4PIhBo-DQhysNsJMHFm4Gs=/fit-in/200x150/pic2760535.jpg',null);
Insert into DB_SAWEE.GAME (G_NO,G_NAME,G_WRITTEN_DATE,G_UPDATED_DATE,G_HIT,G_RECOMMEND_NUM,G_MIN,G_MAX,G_PLAYTIME,G_RELEASE,G_LEVEL,G_RULETIME,G_LANG,G_INTER,G_THEME,G_REPLAY,G_ARTWORK,G_CONTENTS,G_NUM,G_IMAGE,G_THUMBNAIL,G_NAME_KOR) values (524,'Village: Port',to_date('20/04/09','RR/MM/DD'),to_date('20/04/09','RR/MM/DD'),0,0,2,5,90,2014,0,0,0,0,0,0,0,0,0,'https://cf.geekdo-images.com/original/img/W-tV7rAy2rg-Sf3DuyaccvDTnmA=/0x0/pic2760541.jpg','https://cf.geekdo-images.com/thumb/img/oRKuFTqtLhjSI3TJ0x6N8rHXpsQ=/fit-in/200x150/pic2760541.jpg',null);
Insert into DB_SAWEE.GAME (G_NO,G_NAME,G_WRITTEN_DATE,G_UPDATED_DATE,G_HIT,G_RECOMMEND_NUM,G_MIN,G_MAX,G_PLAYTIME,G_RELEASE,G_LEVEL,G_RULETIME,G_LANG,G_INTER,G_THEME,G_REPLAY,G_ARTWORK,G_CONTENTS,G_NUM,G_IMAGE,G_THUMBNAIL,G_NAME_KOR) values (525,'Viticulture',to_date('20/04/09','RR/MM/DD'),to_date('20/04/09','RR/MM/DD'),0,0,2,6,90,2013,0,0,0,0,0,0,0,0,0,'https://cf.geekdo-images.com/original/img/ATjch6ZLh4gQEF6CjZPDKl1ZroM=/0x0/pic2619743.jpg','https://cf.geekdo-images.com/thumb/img/ziPU9-pzvClJE8HwidpjisHBKw0=/fit-in/200x150/pic2619743.jpg',null);
Insert into DB_SAWEE.GAME (G_NO,G_NAME,G_WRITTEN_DATE,G_UPDATED_DATE,G_HIT,G_RECOMMEND_NUM,G_MIN,G_MAX,G_PLAYTIME,G_RELEASE,G_LEVEL,G_RULETIME,G_LANG,G_INTER,G_THEME,G_REPLAY,G_ARTWORK,G_CONTENTS,G_NUM,G_IMAGE,G_THUMBNAIL,G_NAME_KOR) values (526,'Viticulture: Tuscany – Expand the World of Viticulture',to_date('20/04/09','RR/MM/DD'),to_date('20/04/09','RR/MM/DD'),0,0,1,6,120,2014,0,0,0,0,0,0,0,0,0,'https://cf.geekdo-images.com/original/img/4W5_SWLSqYrtb4MVSaHO8mWX2M8=/0x0/pic1886437.jpg','https://cf.geekdo-images.com/thumb/img/Cca-nVhHrCluIsQ35YQeSDbq-u4=/fit-in/200x150/pic1886437.jpg',null);
Insert into DB_SAWEE.GAME (G_NO,G_NAME,G_WRITTEN_DATE,G_UPDATED_DATE,G_HIT,G_RECOMMEND_NUM,G_MIN,G_MAX,G_PLAYTIME,G_RELEASE,G_LEVEL,G_RULETIME,G_LANG,G_INTER,G_THEME,G_REPLAY,G_ARTWORK,G_CONTENTS,G_NUM,G_IMAGE,G_THUMBNAIL,G_NAME_KOR) values (527,'The Voyages of Marco Polo',to_date('20/04/09','RR/MM/DD'),to_date('20/04/09','RR/MM/DD'),0,0,2,4,100,2015,0,0,0,0,0,0,0,0,0,'https://cf.geekdo-images.com/original/img/ewdBaa31ROM_gOmpYwp4xszuAHk=/0x0/pic2461346.png','https://cf.geekdo-images.com/thumb/img/HMtPzM7OaJwlKQopC5A1NC3cUUI=/fit-in/200x150/pic2461346.png',null);
Insert into DB_SAWEE.GAME (G_NO,G_NAME,G_WRITTEN_DATE,G_UPDATED_DATE,G_HIT,G_RECOMMEND_NUM,G_MIN,G_MAX,G_PLAYTIME,G_RELEASE,G_LEVEL,G_RULETIME,G_LANG,G_INTER,G_THEME,G_REPLAY,G_ARTWORK,G_CONTENTS,G_NUM,G_IMAGE,G_THUMBNAIL,G_NAME_KOR) values (528,'Warband: Against the Darkness',to_date('20/04/09','RR/MM/DD'),to_date('20/04/09','RR/MM/DD'),0,0,2,5,60,2015,0,0,0,0,0,0,0,0,0,'https://cf.geekdo-images.com/original/img/6CvqgLrtyMUjt0yIezcO1Crp90Q=/0x0/pic2060503.jpg','https://cf.geekdo-images.com/thumb/img/F1Lg71ykiDGzwhg7Cp8MPqp5w-Q=/fit-in/200x150/pic2060503.jpg',null);
Insert into DB_SAWEE.GAME (G_NO,G_NAME,G_WRITTEN_DATE,G_UPDATED_DATE,G_HIT,G_RECOMMEND_NUM,G_MIN,G_MAX,G_PLAYTIME,G_RELEASE,G_LEVEL,G_RULETIME,G_LANG,G_INTER,G_THEME,G_REPLAY,G_ARTWORK,G_CONTENTS,G_NUM,G_IMAGE,G_THUMBNAIL,G_NAME_KOR) values (529,'Warfighter: Expansion #1 – Reloading!',to_date('20/04/09','RR/MM/DD'),to_date('20/04/09','RR/MM/DD'),0,0,1,6,30,2014,0,0,0,0,0,0,0,0,0,'https://cf.geekdo-images.com/original/img/to2nevEWrNVA1fJCY7Y3PrLbPSg=/0x0/pic1856022.jpg','https://cf.geekdo-images.com/thumb/img/24aSDjJ6aY2FSBI0N9uGVI6MEA4=/fit-in/200x150/pic1856022.jpg',null);
Insert into DB_SAWEE.GAME (G_NO,G_NAME,G_WRITTEN_DATE,G_UPDATED_DATE,G_HIT,G_RECOMMEND_NUM,G_MIN,G_MAX,G_PLAYTIME,G_RELEASE,G_LEVEL,G_RULETIME,G_LANG,G_INTER,G_THEME,G_REPLAY,G_ARTWORK,G_CONTENTS,G_NUM,G_IMAGE,G_THUMBNAIL,G_NAME_KOR) values (530,'Warfighter: Expansion #2 – Stealth',to_date('20/04/09','RR/MM/DD'),to_date('20/04/09','RR/MM/DD'),0,0,1,6,30,2014,0,0,0,0,0,0,0,0,0,'https://cf.geekdo-images.com/original/img/U3Qyx_3e8m05_Y_2MhpqwfIWww8=/0x0/pic1856023.jpg','https://cf.geekdo-images.com/thumb/img/AJreq5l7mQ7eVUFPaqC1068qVeI=/fit-in/200x150/pic1856023.jpg',null);
Insert into DB_SAWEE.GAME (G_NO,G_NAME,G_WRITTEN_DATE,G_UPDATED_DATE,G_HIT,G_RECOMMEND_NUM,G_MIN,G_MAX,G_PLAYTIME,G_RELEASE,G_LEVEL,G_RULETIME,G_LANG,G_INTER,G_THEME,G_REPLAY,G_ARTWORK,G_CONTENTS,G_NUM,G_IMAGE,G_THUMBNAIL,G_NAME_KOR) values (531,'Warfighter: Expansion #3 – Support',to_date('20/04/09','RR/MM/DD'),to_date('20/04/09','RR/MM/DD'),0,0,1,6,30,2014,0,0,0,0,0,0,0,0,0,'https://cf.geekdo-images.com/original/img/81gRJ6rnUguG3EZEGnkiRAMv8eM=/0x0/pic1856021.jpg','https://cf.geekdo-images.com/thumb/img/DIZkNNjZpcBcipngout_Pnx0Ok0=/fit-in/200x150/pic1856021.jpg',null);
Insert into DB_SAWEE.GAME (G_NO,G_NAME,G_WRITTEN_DATE,G_UPDATED_DATE,G_HIT,G_RECOMMEND_NUM,G_MIN,G_MAX,G_PLAYTIME,G_RELEASE,G_LEVEL,G_RULETIME,G_LANG,G_INTER,G_THEME,G_REPLAY,G_ARTWORK,G_CONTENTS,G_NUM,G_IMAGE,G_THUMBNAIL,G_NAME_KOR) values (532,'Warfighter: The Tactical Special Forces Card Game',to_date('20/04/09','RR/MM/DD'),to_date('20/04/09','RR/MM/DD'),0,0,1,6,180,2014,0,0,0,0,0,0,0,0,0,'https://cf.geekdo-images.com/original/img/x_9wQPyRwWUA9td9imTBjkIe6h8=/0x0/pic3627881.jpg','https://cf.geekdo-images.com/thumb/img/M3kTC0VixDVC3so0LPtmTdpxfTM=/fit-in/200x150/pic3627881.jpg',null);
Insert into DB_SAWEE.GAME (G_NO,G_NAME,G_WRITTEN_DATE,G_UPDATED_DATE,G_HIT,G_RECOMMEND_NUM,G_MIN,G_MAX,G_PLAYTIME,G_RELEASE,G_LEVEL,G_RULETIME,G_LANG,G_INTER,G_THEME,G_REPLAY,G_ARTWORK,G_CONTENTS,G_NUM,G_IMAGE,G_THUMBNAIL,G_NAME_KOR) values (533,'Warfighter: The WWII Tactical Combat Card Game',to_date('20/04/09','RR/MM/DD'),to_date('20/04/09','RR/MM/DD'),0,0,1,6,90,2016,0,0,0,0,0,0,0,0,0,'https://cf.geekdo-images.com/original/img/LzF0D2OJWOqzCxqO1eUiKbHibGo=/0x0/pic4683556.png','https://cf.geekdo-images.com/thumb/img/kdNgJ3UDhTyR1ROAC6aVm07_-hc=/fit-in/200x150/pic4683556.png',null);
Insert into DB_SAWEE.GAME (G_NO,G_NAME,G_WRITTEN_DATE,G_UPDATED_DATE,G_HIT,G_RECOMMEND_NUM,G_MIN,G_MAX,G_PLAYTIME,G_RELEASE,G_LEVEL,G_RULETIME,G_LANG,G_INTER,G_THEME,G_REPLAY,G_ARTWORK,G_CONTENTS,G_NUM,G_IMAGE,G_THUMBNAIL,G_NAME_KOR) values (534,'Warhammer 40,000: Conquest',to_date('20/04/09','RR/MM/DD'),to_date('20/04/09','RR/MM/DD'),0,0,2,2,45,2014,0,0,0,0,0,0,0,0,0,'https://cf.geekdo-images.com/original/img/hq0ci9WVOrlud63_Of0gZeMzGPI=/0x0/pic2079275.jpg','https://cf.geekdo-images.com/thumb/img/xOZsrAm8NAXEXQ0giVa61IS4XNw=/fit-in/200x150/pic2079275.jpg',null);
Insert into DB_SAWEE.GAME (G_NO,G_NAME,G_WRITTEN_DATE,G_UPDATED_DATE,G_HIT,G_RECOMMEND_NUM,G_MIN,G_MAX,G_PLAYTIME,G_RELEASE,G_LEVEL,G_RULETIME,G_LANG,G_INTER,G_THEME,G_REPLAY,G_ARTWORK,G_CONTENTS,G_NUM,G_IMAGE,G_THUMBNAIL,G_NAME_KOR) values (535,'Warhammer Quest: The Adventure Card Game',to_date('20/04/09','RR/MM/DD'),to_date('20/04/09','RR/MM/DD'),0,0,1,4,60,2015,0,0,0,0,0,0,0,0,0,'https://cf.geekdo-images.com/original/img/diIBFCAnzwBFMsh8K1HbAJjNLn8=/0x0/pic2625794.jpg','https://cf.geekdo-images.com/thumb/img/cqdJtwvCIh_9aVnYaRLGC834Qbg=/fit-in/200x150/pic2625794.jpg',null);
Insert into DB_SAWEE.GAME (G_NO,G_NAME,G_WRITTEN_DATE,G_UPDATED_DATE,G_HIT,G_RECOMMEND_NUM,G_MIN,G_MAX,G_PLAYTIME,G_RELEASE,G_LEVEL,G_RULETIME,G_LANG,G_INTER,G_THEME,G_REPLAY,G_ARTWORK,G_CONTENTS,G_NUM,G_IMAGE,G_THUMBNAIL,G_NAME_KOR) values (536,'Welcome to the Dungeon',to_date('20/04/09','RR/MM/DD'),to_date('20/04/09','RR/MM/DD'),0,0,2,4,30,2013,0,0,0,0,0,0,0,0,0,'https://cf.geekdo-images.com/original/img/ySCDntUcGVCHV8O7sHGkUbvNkvs=/0x0/pic2436689.jpg','https://cf.geekdo-images.com/thumb/img/RXMjDdCe1FBQHiRylr9e6QibfeY=/fit-in/200x150/pic2436689.jpg',null);
Insert into DB_SAWEE.GAME (G_NO,G_NAME,G_WRITTEN_DATE,G_UPDATED_DATE,G_HIT,G_RECOMMEND_NUM,G_MIN,G_MAX,G_PLAYTIME,G_RELEASE,G_LEVEL,G_RULETIME,G_LANG,G_INTER,G_THEME,G_REPLAY,G_ARTWORK,G_CONTENTS,G_NUM,G_IMAGE,G_THUMBNAIL,G_NAME_KOR) values (537,'Wits & Wagers',to_date('20/04/09','RR/MM/DD'),to_date('20/04/09','RR/MM/DD'),0,0,3,7,25,2005,0,0,0,0,0,0,0,0,0,'https://cf.geekdo-images.com/original/img/lAFWaPYAyrgX10Yt8UZ5o9t6ujE=/0x0/pic2558555.jpg','https://cf.geekdo-images.com/thumb/img/dkLYvKiQjya4vywdsxjQvfrPs78=/fit-in/200x150/pic2558555.jpg',null);
Insert into DB_SAWEE.GAME (G_NO,G_NAME,G_WRITTEN_DATE,G_UPDATED_DATE,G_HIT,G_RECOMMEND_NUM,G_MIN,G_MAX,G_PLAYTIME,G_RELEASE,G_LEVEL,G_RULETIME,G_LANG,G_INTER,G_THEME,G_REPLAY,G_ARTWORK,G_CONTENTS,G_NUM,G_IMAGE,G_THUMBNAIL,G_NAME_KOR) values (538,'Wits & Wagers Family',to_date('20/04/09','RR/MM/DD'),to_date('20/04/09','RR/MM/DD'),0,0,3,10,20,2010,0,0,0,0,0,0,0,0,0,'https://cf.geekdo-images.com/original/img/c0aYB53Le1IkFMLYuAeXS4462gg=/0x0/pic664569.jpg','https://cf.geekdo-images.com/thumb/img/Sg-Hb4WIMhmWkMcVbA0V45xtXvw=/fit-in/200x150/pic664569.jpg',null);
Insert into DB_SAWEE.GAME (G_NO,G_NAME,G_WRITTEN_DATE,G_UPDATED_DATE,G_HIT,G_RECOMMEND_NUM,G_MIN,G_MAX,G_PLAYTIME,G_RELEASE,G_LEVEL,G_RULETIME,G_LANG,G_INTER,G_THEME,G_REPLAY,G_ARTWORK,G_CONTENTS,G_NUM,G_IMAGE,G_THUMBNAIL,G_NAME_KOR) values (539,'Wits & Wagers Party',to_date('20/04/09','RR/MM/DD'),to_date('20/04/09','RR/MM/DD'),0,0,4,18,25,2012,0,0,0,0,0,0,0,0,0,'https://cf.geekdo-images.com/original/img/Bomv8xOfJkg0E5Vl2bMNkAhCGh0=/0x0/pic1285411.jpg','https://cf.geekdo-images.com/thumb/img/fdiheWCizsVERw2s9ziTzmPbk74=/fit-in/200x150/pic1285411.jpg',null);
Insert into DB_SAWEE.GAME (G_NO,G_NAME,G_WRITTEN_DATE,G_UPDATED_DATE,G_HIT,G_RECOMMEND_NUM,G_MIN,G_MAX,G_PLAYTIME,G_RELEASE,G_LEVEL,G_RULETIME,G_LANG,G_INTER,G_THEME,G_REPLAY,G_ARTWORK,G_CONTENTS,G_NUM,G_IMAGE,G_THUMBNAIL,G_NAME_KOR) values (540,'XCOM: The Board Game',to_date('20/04/09','RR/MM/DD'),to_date('20/04/09','RR/MM/DD'),0,0,1,4,120,2015,0,0,0,0,0,0,0,0,0,'https://cf.geekdo-images.com/original/img/81qwLR9Qs-w-dEkocyZ32-qQbSs=/0x0/pic2247621.jpg','https://cf.geekdo-images.com/thumb/img/C46FRq3vQXPVG9e8kZDprnxkoFE=/fit-in/200x150/pic2247621.jpg',null);
Insert into DB_SAWEE.GAME (G_NO,G_NAME,G_WRITTEN_DATE,G_UPDATED_DATE,G_HIT,G_RECOMMEND_NUM,G_MIN,G_MAX,G_PLAYTIME,G_RELEASE,G_LEVEL,G_RULETIME,G_LANG,G_INTER,G_THEME,G_REPLAY,G_ARTWORK,G_CONTENTS,G_NUM,G_IMAGE,G_THUMBNAIL,G_NAME_KOR) values (541,'XenoShyft: Onslaught',to_date('20/04/09','RR/MM/DD'),to_date('20/04/09','RR/MM/DD'),0,0,1,4,60,2015,0,0,0,0,0,0,0,0,0,'https://cf.geekdo-images.com/original/img/yU1WF7XBfoYV3h_eKQbF9NhxgpU=/0x0/pic2015174.jpg','https://cf.geekdo-images.com/thumb/img/unmquW3pK70Gm3gbx1LQEmq9LSk=/fit-in/200x150/pic2015174.jpg',null);
Insert into DB_SAWEE.GAME (G_NO,G_NAME,G_WRITTEN_DATE,G_UPDATED_DATE,G_HIT,G_RECOMMEND_NUM,G_MIN,G_MAX,G_PLAYTIME,G_RELEASE,G_LEVEL,G_RULETIME,G_LANG,G_INTER,G_THEME,G_REPLAY,G_ARTWORK,G_CONTENTS,G_NUM,G_IMAGE,G_THUMBNAIL,G_NAME_KOR) values (542,'Zombicide',to_date('20/04/09','RR/MM/DD'),to_date('20/04/09','RR/MM/DD'),0,0,1,6,60,2012,0,0,0,0,0,0,0,0,0,'https://cf.geekdo-images.com/original/img/FwnbGGrU7av4j8kB11VZZRB58U4=/0x0/pic1196191.jpg','https://cf.geekdo-images.com/thumb/img/7DvrnMGOnvIpLUl33wBImJ1qPcw=/fit-in/200x150/pic1196191.jpg',null);
Insert into DB_SAWEE.GAME (G_NO,G_NAME,G_WRITTEN_DATE,G_UPDATED_DATE,G_HIT,G_RECOMMEND_NUM,G_MIN,G_MAX,G_PLAYTIME,G_RELEASE,G_LEVEL,G_RULETIME,G_LANG,G_INTER,G_THEME,G_REPLAY,G_ARTWORK,G_CONTENTS,G_NUM,G_IMAGE,G_THUMBNAIL,G_NAME_KOR) values (543,'Zombicide: Prison Outbreak',to_date('20/04/09','RR/MM/DD'),to_date('20/04/09','RR/MM/DD'),0,0,1,6,60,2013,0,0,0,0,0,0,0,0,0,'https://cf.geekdo-images.com/original/img/1yYpbANKllgIZMWSUq0xWSESRbU=/0x0/pic1805937.jpg','https://cf.geekdo-images.com/thumb/img/RWcnf5N-3gLE0sTbem7j9LHhB94=/fit-in/200x150/pic1805937.jpg',null);
Insert into DB_SAWEE.GAME (G_NO,G_NAME,G_WRITTEN_DATE,G_UPDATED_DATE,G_HIT,G_RECOMMEND_NUM,G_MIN,G_MAX,G_PLAYTIME,G_RELEASE,G_LEVEL,G_RULETIME,G_LANG,G_INTER,G_THEME,G_REPLAY,G_ARTWORK,G_CONTENTS,G_NUM,G_IMAGE,G_THUMBNAIL,G_NAME_KOR) values (544,'Zombicide: Toxic City Mall',to_date('20/04/09','RR/MM/DD'),to_date('20/04/09','RR/MM/DD'),0,0,1,6,60,2013,0,0,0,0,0,0,0,0,0,'https://cf.geekdo-images.com/original/img/xoUrVmUrKjpfaOLQGeMhGIyt7b4=/0x0/pic1805936.jpg','https://cf.geekdo-images.com/thumb/img/vw_vzAsBEfR_3CS2R07n3B9fdyk=/fit-in/200x150/pic1805936.jpg',null);
Insert into DB_SAWEE.GAME (G_NO,G_NAME,G_WRITTEN_DATE,G_UPDATED_DATE,G_HIT,G_RECOMMEND_NUM,G_MIN,G_MAX,G_PLAYTIME,G_RELEASE,G_LEVEL,G_RULETIME,G_LANG,G_INTER,G_THEME,G_REPLAY,G_ARTWORK,G_CONTENTS,G_NUM,G_IMAGE,G_THUMBNAIL,G_NAME_KOR) values (545,'Zombie Dice',to_date('20/04/09','RR/MM/DD'),to_date('20/04/09','RR/MM/DD'),0,0,2,99,20,2010,0,0,0,0,0,0,0,0,0,'https://cf.geekdo-images.com/original/img/qex1uTfDgaXKCgYLhyUM8hSCj6E=/0x0/pic4991962.jpg','https://cf.geekdo-images.com/thumb/img/bqmmrQLQTUXSGSjL40sZPBMJtiI=/fit-in/200x150/pic4991962.jpg',null);
Insert into DB_SAWEE.GAME (G_NO,G_NAME,G_WRITTEN_DATE,G_UPDATED_DATE,G_HIT,G_RECOMMEND_NUM,G_MIN,G_MAX,G_PLAYTIME,G_RELEASE,G_LEVEL,G_RULETIME,G_LANG,G_INTER,G_THEME,G_REPLAY,G_ARTWORK,G_CONTENTS,G_NUM,G_IMAGE,G_THUMBNAIL,G_NAME_KOR) values (493,'Ticket to Ride: Rails & Sails',to_date('20/04/09','RR/MM/DD'),to_date('20/04/09','RR/MM/DD'),0,0,2,5,120,2016,0,0,0,0,0,0,0,0,0,'https://cf.geekdo-images.com/original/img/z74MwT4fVOXMnwZMO7BhNfczCNE=/0x0/pic3066862.jpg','https://cf.geekdo-images.com/thumb/img/GEXgNg-ja85v3dIZLPPRvjCc06c=/fit-in/200x150/pic3066862.jpg',null);
Insert into DB_SAWEE.GAME (G_NO,G_NAME,G_WRITTEN_DATE,G_UPDATED_DATE,G_HIT,G_RECOMMEND_NUM,G_MIN,G_MAX,G_PLAYTIME,G_RELEASE,G_LEVEL,G_RULETIME,G_LANG,G_INTER,G_THEME,G_REPLAY,G_ARTWORK,G_CONTENTS,G_NUM,G_IMAGE,G_THUMBNAIL,G_NAME_KOR) values (494,'Ticket to Ride: USA 1910',to_date('20/04/09','RR/MM/DD'),to_date('20/04/09','RR/MM/DD'),0,0,2,5,60,2006,0,0,0,0,0,0,0,0,0,'https://cf.geekdo-images.com/original/img/-KdlixTSQ3z_yPGkZtReI8jAArI=/0x0/pic144599.jpg','https://cf.geekdo-images.com/thumb/img/e26tRY6C-oqDANPBOweAAXpbUzc=/fit-in/200x150/pic144599.jpg',null);
Insert into DB_SAWEE.GAME (G_NO,G_NAME,G_WRITTEN_DATE,G_UPDATED_DATE,G_HIT,G_RECOMMEND_NUM,G_MIN,G_MAX,G_PLAYTIME,G_RELEASE,G_LEVEL,G_RULETIME,G_LANG,G_INTER,G_THEME,G_REPLAY,G_ARTWORK,G_CONTENTS,G_NUM,G_IMAGE,G_THUMBNAIL,G_NAME_KOR) values (495,'Tides of Time',to_date('20/04/09','RR/MM/DD'),to_date('20/04/09','RR/MM/DD'),0,0,2,2,20,2015,0,0,0,0,0,0,0,0,0,'https://cf.geekdo-images.com/original/img/SY-5gl5sbCXXVprKElrYq32gLZQ=/0x0/pic2486726.jpg','https://cf.geekdo-images.com/thumb/img/IUDiM_IGXpaVI3AXQKrH5JGtwpI=/fit-in/200x150/pic2486726.jpg',null);
Insert into DB_SAWEE.GAME (G_NO,G_NAME,G_WRITTEN_DATE,G_UPDATED_DATE,G_HIT,G_RECOMMEND_NUM,G_MIN,G_MAX,G_PLAYTIME,G_RELEASE,G_LEVEL,G_RULETIME,G_LANG,G_INTER,G_THEME,G_REPLAY,G_ARTWORK,G_CONTENTS,G_NUM,G_IMAGE,G_THUMBNAIL,G_NAME_KOR) values (496,'Tigris & Euphrates',to_date('20/04/09','RR/MM/DD'),to_date('20/04/09','RR/MM/DD'),0,0,2,4,90,2015,0,0,0,0,0,0,0,0,0,'https://cf.geekdo-images.com/original/img/vd6LHDJ-u-TkAAWafD2yG9-U974=/0x0/pic2338267.jpg','https://cf.geekdo-images.com/thumb/img/DNfURmGP1yPr-9H4UEFgyoxd1qA=/fit-in/200x150/pic2338267.jpg',null);
Insert into DB_SAWEE.GAME (G_NO,G_NAME,G_WRITTEN_DATE,G_UPDATED_DATE,G_HIT,G_RECOMMEND_NUM,G_MIN,G_MAX,G_PLAYTIME,G_RELEASE,G_LEVEL,G_RULETIME,G_LANG,G_INTER,G_THEME,G_REPLAY,G_ARTWORK,G_CONTENTS,G_NUM,G_IMAGE,G_THUMBNAIL,G_NAME_KOR) values (497,'Timeline: Inventions',to_date('20/04/09','RR/MM/DD'),to_date('20/04/09','RR/MM/DD'),0,0,2,8,15,2010,0,0,0,0,0,0,0,0,0,'https://cf.geekdo-images.com/original/img/Golt8nm_WNqzIlo2C8x2PuGF3K4=/0x0/pic4239139.png','https://cf.geekdo-images.com/thumb/img/iY9_gglw8UmeVH8ZwtlnQ8WWKLw=/fit-in/200x150/pic4239139.png',null);
Insert into DB_SAWEE.GAME (G_NO,G_NAME,G_WRITTEN_DATE,G_UPDATED_DATE,G_HIT,G_RECOMMEND_NUM,G_MIN,G_MAX,G_PLAYTIME,G_RELEASE,G_LEVEL,G_RULETIME,G_LANG,G_INTER,G_THEME,G_REPLAY,G_ARTWORK,G_CONTENTS,G_NUM,G_IMAGE,G_THUMBNAIL,G_NAME_KOR) values (498,'Tiny Epic Defenders',to_date('20/04/09','RR/MM/DD'),to_date('20/04/09','RR/MM/DD'),0,0,1,4,30,2015,0,0,0,0,0,0,0,0,0,'https://cf.geekdo-images.com/original/img/lR8jqZdIPPCz0elaj9KY21rBMsE=/0x0/pic2044766.jpg','https://cf.geekdo-images.com/thumb/img/lsNXqefrz5HXumMg9eqOHNBazyY=/fit-in/200x150/pic2044766.jpg',null);
Insert into DB_SAWEE.GAME (G_NO,G_NAME,G_WRITTEN_DATE,G_UPDATED_DATE,G_HIT,G_RECOMMEND_NUM,G_MIN,G_MAX,G_PLAYTIME,G_RELEASE,G_LEVEL,G_RULETIME,G_LANG,G_INTER,G_THEME,G_REPLAY,G_ARTWORK,G_CONTENTS,G_NUM,G_IMAGE,G_THUMBNAIL,G_NAME_KOR) values (499,'Tokaido',to_date('20/04/09','RR/MM/DD'),to_date('20/04/09','RR/MM/DD'),0,0,2,5,45,2012,0,0,0,0,0,0,0,0,0,'https://cf.geekdo-images.com/original/img/F5OFQxeuYjEtPUnczM6tlXFAm2Y=/0x0/pic3747956.png','https://cf.geekdo-images.com/thumb/img/fhAMbCTDE7LFTOWoLsSnIfgaIEw=/fit-in/200x150/pic3747956.png',null);
Insert into DB_SAWEE.GAME (G_NO,G_NAME,G_WRITTEN_DATE,G_UPDATED_DATE,G_HIT,G_RECOMMEND_NUM,G_MIN,G_MAX,G_PLAYTIME,G_RELEASE,G_LEVEL,G_RULETIME,G_LANG,G_INTER,G_THEME,G_REPLAY,G_ARTWORK,G_CONTENTS,G_NUM,G_IMAGE,G_THUMBNAIL,G_NAME_KOR) values (500,'Tokaido: Crossroads',to_date('20/04/09','RR/MM/DD'),to_date('20/04/09','RR/MM/DD'),0,0,2,5,45,2013,0,0,0,0,0,0,0,0,0,'https://cf.geekdo-images.com/original/img/9H-sBCnpow7XZF9EMtCKA1-Rjww=/0x0/pic1717784.png','https://cf.geekdo-images.com/thumb/img/bPgYpRIRY_wsMZxIdxj7EzDxUEE=/fit-in/200x150/pic1717784.png',null);
Insert into DB_SAWEE.GAME (G_NO,G_NAME,G_WRITTEN_DATE,G_UPDATED_DATE,G_HIT,G_RECOMMEND_NUM,G_MIN,G_MAX,G_PLAYTIME,G_RELEASE,G_LEVEL,G_RULETIME,G_LANG,G_INTER,G_THEME,G_REPLAY,G_ARTWORK,G_CONTENTS,G_NUM,G_IMAGE,G_THUMBNAIL,G_NAME_KOR) values (501,'Town Center',to_date('20/04/09','RR/MM/DD'),to_date('20/04/09','RR/MM/DD'),0,0,2,4,30,2012,0,0,0,0,0,0,0,0,0,'https://cf.geekdo-images.com/original/img/4szmLkRxG0aAHZyISsNof8B-A40=/0x0/pic1834531.jpg','https://cf.geekdo-images.com/thumb/img/FUtg9WAMQH-V0kZp7Zy4gMu3Yy8=/fit-in/200x150/pic1834531.jpg',null);
Insert into DB_SAWEE.GAME (G_NO,G_NAME,G_WRITTEN_DATE,G_UPDATED_DATE,G_HIT,G_RECOMMEND_NUM,G_MIN,G_MAX,G_PLAYTIME,G_RELEASE,G_LEVEL,G_RULETIME,G_LANG,G_INTER,G_THEME,G_REPLAY,G_ARTWORK,G_CONTENTS,G_NUM,G_IMAGE,G_THUMBNAIL,G_NAME_KOR) values (502,'Tragedy Looper',to_date('20/04/09','RR/MM/DD'),to_date('20/04/09','RR/MM/DD'),0,0,2,4,120,2011,0,0,0,0,0,0,0,0,0,'https://cf.geekdo-images.com/original/img/5X-G9gh51GmTQqgawQoipQhCnm4=/0x0/pic2046290.png','https://cf.geekdo-images.com/thumb/img/cZEFAmQEknGO6vb52ONjIEpixKg=/fit-in/200x150/pic2046290.png',null);
Insert into DB_SAWEE.GAME (G_NO,G_NAME,G_WRITTEN_DATE,G_UPDATED_DATE,G_HIT,G_RECOMMEND_NUM,G_MIN,G_MAX,G_PLAYTIME,G_RELEASE,G_LEVEL,G_RULETIME,G_LANG,G_INTER,G_THEME,G_REPLAY,G_ARTWORK,G_CONTENTS,G_NUM,G_IMAGE,G_THUMBNAIL,G_NAME_KOR) values (503,'Trains',to_date('20/04/09','RR/MM/DD'),to_date('20/04/09','RR/MM/DD'),0,0,2,4,45,2012,0,0,0,0,0,0,0,0,0,'https://cf.geekdo-images.com/original/img/Xwi7sv6uH0z7lmuaUusg9BrfYms=/0x0/pic1606346.jpg','https://cf.geekdo-images.com/thumb/img/r8iyji1q5aNH6kuFCOMHco8dQ9U=/fit-in/200x150/pic1606346.jpg',null);
Insert into DB_SAWEE.GAME (G_NO,G_NAME,G_WRITTEN_DATE,G_UPDATED_DATE,G_HIT,G_RECOMMEND_NUM,G_MIN,G_MAX,G_PLAYTIME,G_RELEASE,G_LEVEL,G_RULETIME,G_LANG,G_INTER,G_THEME,G_REPLAY,G_ARTWORK,G_CONTENTS,G_NUM,G_IMAGE,G_THUMBNAIL,G_NAME_KOR) values (504,'Trains: Gen Con 2013',to_date('20/04/09','RR/MM/DD'),to_date('20/04/09','RR/MM/DD'),0,0,2,4,45,2013,0,0,0,0,0,0,0,0,0,'https://cf.geekdo-images.com/original/img/KZoxBEQ4lNrDCKybwYobX_FHk08=/0x0/pic1752832.jpg','https://cf.geekdo-images.com/thumb/img/WVdf7-4zECo2KTLT9BgZuWnaECE=/fit-in/200x150/pic1752832.jpg',null);
Insert into DB_SAWEE.GAME (G_NO,G_NAME,G_WRITTEN_DATE,G_UPDATED_DATE,G_HIT,G_RECOMMEND_NUM,G_MIN,G_MAX,G_PLAYTIME,G_RELEASE,G_LEVEL,G_RULETIME,G_LANG,G_INTER,G_THEME,G_REPLAY,G_ARTWORK,G_CONTENTS,G_NUM,G_IMAGE,G_THUMBNAIL,G_NAME_KOR) values (505,'Trains: Gen Con 2014',to_date('20/04/09','RR/MM/DD'),to_date('20/04/09','RR/MM/DD'),0,0,2,2,50,2014,0,0,0,0,0,0,0,0,0,'https://cf.geekdo-images.com/original/img/cwR-RV8bJD8xdA1bhPxWF2X2mMY=/0x0/pic2320304.jpg','https://cf.geekdo-images.com/thumb/img/LmhQsjXjmoXi12tmlNx0mRjwriI=/fit-in/200x150/pic2320304.jpg',null);
Insert into DB_SAWEE.GAME (G_NO,G_NAME,G_WRITTEN_DATE,G_UPDATED_DATE,G_HIT,G_RECOMMEND_NUM,G_MIN,G_MAX,G_PLAYTIME,G_RELEASE,G_LEVEL,G_RULETIME,G_LANG,G_INTER,G_THEME,G_REPLAY,G_ARTWORK,G_CONTENTS,G_NUM,G_IMAGE,G_THUMBNAIL,G_NAME_KOR) values (506,'Trains: Map Pack 1 – Germany/Northeastern USA',to_date('20/04/09','RR/MM/DD'),to_date('20/04/09','RR/MM/DD'),0,0,2,4,45,2012,0,0,0,0,0,0,0,0,0,'https://cf.geekdo-images.com/original/img/eu9h31YdWLzCQbuv9PJTFbu4sPQ=/0x0/pic2059136.jpg','https://cf.geekdo-images.com/thumb/img/KDigq89uCN46DBQggUX2xLb2K1E=/fit-in/200x150/pic2059136.jpg',null);
Insert into DB_SAWEE.GAME (G_NO,G_NAME,G_WRITTEN_DATE,G_UPDATED_DATE,G_HIT,G_RECOMMEND_NUM,G_MIN,G_MAX,G_PLAYTIME,G_RELEASE,G_LEVEL,G_RULETIME,G_LANG,G_INTER,G_THEME,G_REPLAY,G_ARTWORK,G_CONTENTS,G_NUM,G_IMAGE,G_THUMBNAIL,G_NAME_KOR) values (507,'Trains: Rising Sun',to_date('20/04/09','RR/MM/DD'),to_date('20/04/09','RR/MM/DD'),0,0,2,4,45,2014,0,0,0,0,0,0,0,0,0,'https://cf.geekdo-images.com/original/img/yfkg4M_oKOa0Jfs66lcZpKgAPA0=/0x0/pic2026066.jpg','https://cf.geekdo-images.com/thumb/img/cDQABT1dh6xR48NOGbbnXvD1sgc=/fit-in/200x150/pic2026066.jpg',null);
Insert into DB_SAWEE.GAME (G_NO,G_NAME,G_WRITTEN_DATE,G_UPDATED_DATE,G_HIT,G_RECOMMEND_NUM,G_MIN,G_MAX,G_PLAYTIME,G_RELEASE,G_LEVEL,G_RULETIME,G_LANG,G_INTER,G_THEME,G_REPLAY,G_ARTWORK,G_CONTENTS,G_NUM,G_IMAGE,G_THUMBNAIL,G_NAME_KOR) values (508,'Trajan',to_date('20/04/09','RR/MM/DD'),to_date('20/04/09','RR/MM/DD'),0,0,2,4,120,2011,0,0,0,0,0,0,0,0,0,'https://cf.geekdo-images.com/original/img/vIIoEst4xg9L1kr2TajY_6s-5Jo=/0x0/pic4336095.png','https://cf.geekdo-images.com/thumb/img/khG1yRnk4aXBPQ29OW83JtM7W9E=/fit-in/200x150/pic4336095.png',null);
Insert into DB_SAWEE.GAME (G_NO,G_NAME,G_WRITTEN_DATE,G_UPDATED_DATE,G_HIT,G_RECOMMEND_NUM,G_MIN,G_MAX,G_PLAYTIME,G_RELEASE,G_LEVEL,G_RULETIME,G_LANG,G_INTER,G_THEME,G_REPLAY,G_ARTWORK,G_CONTENTS,G_NUM,G_IMAGE,G_THUMBNAIL,G_NAME_KOR) values (509,'Treasure Chest',to_date('20/04/09','RR/MM/DD'),to_date('20/04/09','RR/MM/DD'),0,0,2,6,75,2009,0,0,0,0,0,0,0,0,0,'https://cf.geekdo-images.com/original/img/kjSWslWrFg2FMTHB6tdYJgSgcrU=/0x0/pic688564.jpg','https://cf.geekdo-images.com/thumb/img/gJHz5A8ZSSssBCy7RbR6ZmsiEZQ=/fit-in/200x150/pic688564.jpg',null);
Insert into DB_SAWEE.GAME (G_NO,G_NAME,G_WRITTEN_DATE,G_UPDATED_DATE,G_HIT,G_RECOMMEND_NUM,G_MIN,G_MAX,G_PLAYTIME,G_RELEASE,G_LEVEL,G_RULETIME,G_LANG,G_INTER,G_THEME,G_REPLAY,G_ARTWORK,G_CONTENTS,G_NUM,G_IMAGE,G_THUMBNAIL,G_NAME_KOR) values (510,'Trickerion: Legends of Illusion',to_date('20/04/09','RR/MM/DD'),to_date('20/04/09','RR/MM/DD'),0,0,2,4,180,2015,0,0,0,0,0,0,0,0,0,'https://cf.geekdo-images.com/original/img/RjRhDwIgGd2HGNkaZXPj29oWGdI=/0x0/pic2585510.png','https://cf.geekdo-images.com/thumb/img/gdC0DzxXC5qUEKSfAGjcnCz1xRo=/fit-in/200x150/pic2585510.png',null);
Insert into DB_SAWEE.GAME (G_NO,G_NAME,G_WRITTEN_DATE,G_UPDATED_DATE,G_HIT,G_RECOMMEND_NUM,G_MIN,G_MAX,G_PLAYTIME,G_RELEASE,G_LEVEL,G_RULETIME,G_LANG,G_INTER,G_THEME,G_REPLAY,G_ARTWORK,G_CONTENTS,G_NUM,G_IMAGE,G_THUMBNAIL,G_NAME_KOR) values (511,'Trieste',to_date('20/04/09','RR/MM/DD'),to_date('20/04/09','RR/MM/DD'),0,0,3,3,25,2013,0,0,0,0,0,0,0,0,0,'https://cf.geekdo-images.com/original/img/ZF96VT42vsdPKRCduuZa4M_KT-8=/0x0/pic1791231.jpg','https://cf.geekdo-images.com/thumb/img/d9NNhrkhwCxHVzVOgH0jbJtefPs=/fit-in/200x150/pic1791231.jpg',null);
Insert into DB_SAWEE.GAME (G_NO,G_NAME,G_WRITTEN_DATE,G_UPDATED_DATE,G_HIT,G_RECOMMEND_NUM,G_MIN,G_MAX,G_PLAYTIME,G_RELEASE,G_LEVEL,G_RULETIME,G_LANG,G_INTER,G_THEME,G_REPLAY,G_ARTWORK,G_CONTENTS,G_NUM,G_IMAGE,G_THUMBNAIL,G_NAME_KOR) values (512,'Tsuro',to_date('20/04/09','RR/MM/DD'),to_date('20/04/09','RR/MM/DD'),0,0,2,8,15,2004,0,0,0,0,0,0,0,0,0,'https://cf.geekdo-images.com/original/img/RnYj0vhdTav6LaS53HR3yKPo4ag=/0x0/pic875761.jpg','https://cf.geekdo-images.com/thumb/img/Dawqh509ZzihC7IxqfMM5w_s1Gs=/fit-in/200x150/pic875761.jpg',null);
Insert into DB_SAWEE.GAME (G_NO,G_NAME,G_WRITTEN_DATE,G_UPDATED_DATE,G_HIT,G_RECOMMEND_NUM,G_MIN,G_MAX,G_PLAYTIME,G_RELEASE,G_LEVEL,G_RULETIME,G_LANG,G_INTER,G_THEME,G_REPLAY,G_ARTWORK,G_CONTENTS,G_NUM,G_IMAGE,G_THUMBNAIL,G_NAME_KOR) values (513,'Tsuro of the Seas',to_date('20/04/09','RR/MM/DD'),to_date('20/04/09','RR/MM/DD'),0,0,2,8,30,2012,0,0,0,0,0,0,0,0,0,'https://cf.geekdo-images.com/original/img/tkptGaTBsPGiqR96AxYMeaOU0EY=/0x0/pic1301853.jpg','https://cf.geekdo-images.com/thumb/img/BFBz8HCIBVDQLBNEzkac2sMNCXo=/fit-in/200x150/pic1301853.jpg',null);
Insert into DB_SAWEE.GAME (G_NO,G_NAME,G_WRITTEN_DATE,G_UPDATED_DATE,G_HIT,G_RECOMMEND_NUM,G_MIN,G_MAX,G_PLAYTIME,G_RELEASE,G_LEVEL,G_RULETIME,G_LANG,G_INTER,G_THEME,G_REPLAY,G_ARTWORK,G_CONTENTS,G_NUM,G_IMAGE,G_THUMBNAIL,G_NAME_KOR) values (514,'The Twelve Doctors: Doctor Who Card Game',to_date('20/04/09','RR/MM/DD'),to_date('20/04/09','RR/MM/DD'),0,0,2,2,30,2009,0,0,0,0,0,0,0,0,0,'https://cf.geekdo-images.com/original/img/13vTErbW0FT4TV8WvfyUSidllb4=/0x0/pic841416.jpg','https://cf.geekdo-images.com/thumb/img/v0TcTM0iQbXd1exC6gHQMSFPgGI=/fit-in/200x150/pic841416.jpg',null);
Insert into DB_SAWEE.GAME (G_NO,G_NAME,G_WRITTEN_DATE,G_UPDATED_DATE,G_HIT,G_RECOMMEND_NUM,G_MIN,G_MAX,G_PLAYTIME,G_RELEASE,G_LEVEL,G_RULETIME,G_LANG,G_INTER,G_THEME,G_REPLAY,G_ARTWORK,G_CONTENTS,G_NUM,G_IMAGE,G_THUMBNAIL,G_NAME_KOR) values (515,'Twilight Struggle',to_date('20/04/09','RR/MM/DD'),to_date('20/04/09','RR/MM/DD'),0,0,2,2,180,2005,0,0,0,0,0,0,0,0,0,'https://cf.geekdo-images.com/original/img/ZPnnm7v2RTJ6fAZeeseA5WbC9DU=/0x0/pic361592.jpg','https://cf.geekdo-images.com/thumb/img/mEmeJrI3AbGTpWyeFOZnR0s_LcY=/fit-in/200x150/pic361592.jpg',null);
Insert into DB_SAWEE.GAME (G_NO,G_NAME,G_WRITTEN_DATE,G_UPDATED_DATE,G_HIT,G_RECOMMEND_NUM,G_MIN,G_MAX,G_PLAYTIME,G_RELEASE,G_LEVEL,G_RULETIME,G_LANG,G_INTER,G_THEME,G_REPLAY,G_ARTWORK,G_CONTENTS,G_NUM,G_IMAGE,G_THUMBNAIL,G_NAME_KOR) values (516,'Two Rooms and a Boom',to_date('20/04/09','RR/MM/DD'),to_date('20/04/09','RR/MM/DD'),0,0,6,30,20,2013,0,0,0,0,0,0,0,0,0,'https://cf.geekdo-images.com/original/img/59vCXZGUYwAeoe2nILFyiCmuDZA=/0x0/pic2335221.png','https://cf.geekdo-images.com/thumb/img/IJPe0CYJ9RC7jIvHLm7ixIHhY_Q=/fit-in/200x150/pic2335221.png',null);
Insert into DB_SAWEE.GAME (G_NO,G_NAME,G_WRITTEN_DATE,G_UPDATED_DATE,G_HIT,G_RECOMMEND_NUM,G_MIN,G_MAX,G_PLAYTIME,G_RELEASE,G_LEVEL,G_RULETIME,G_LANG,G_INTER,G_THEME,G_REPLAY,G_ARTWORK,G_CONTENTS,G_NUM,G_IMAGE,G_THUMBNAIL,G_NAME_KOR) values (517,'Tzolk''in: The Mayan Calendar',to_date('20/04/09','RR/MM/DD'),to_date('20/04/09','RR/MM/DD'),0,0,2,4,90,2012,0,0,0,0,0,0,0,0,0,'https://cf.geekdo-images.com/original/img/b_3SHZiUpcmrIT5hU8wVF0SDX8k=/0x0/pic1413480.jpg','https://cf.geekdo-images.com/thumb/img/RFxQzKDZgLqZ6oCtclSQHMbDlfk=/fit-in/200x150/pic1413480.jpg',null);
Insert into DB_SAWEE.GAME (G_NO,G_NAME,G_WRITTEN_DATE,G_UPDATED_DATE,G_HIT,G_RECOMMEND_NUM,G_MIN,G_MAX,G_PLAYTIME,G_RELEASE,G_LEVEL,G_RULETIME,G_LANG,G_INTER,G_THEME,G_REPLAY,G_ARTWORK,G_CONTENTS,G_NUM,G_IMAGE,G_THUMBNAIL,G_NAME_KOR) values (518,'Tzolk''in: The Mayan Calendar – Tribes & Prophecies',to_date('20/04/09','RR/MM/DD'),to_date('20/04/09','RR/MM/DD'),0,0,2,5,90,2013,0,0,0,0,0,0,0,0,0,'https://cf.geekdo-images.com/original/img/M03-baQf8J-08Y5_mdilEKhLcZQ=/0x0/pic1758469.png','https://cf.geekdo-images.com/thumb/img/vvVgX9eHFKY0DHnbeEy5XrwpOVg=/fit-in/200x150/pic1758469.png',null);
Insert into DB_SAWEE.GAME (G_NO,G_NAME,G_WRITTEN_DATE,G_UPDATED_DATE,G_HIT,G_RECOMMEND_NUM,G_MIN,G_MAX,G_PLAYTIME,G_RELEASE,G_LEVEL,G_RULETIME,G_LANG,G_INTER,G_THEME,G_REPLAY,G_ARTWORK,G_CONTENTS,G_NUM,G_IMAGE,G_THUMBNAIL,G_NAME_KOR) values (519,'Valeria: Card Kingdoms',to_date('20/04/09','RR/MM/DD'),to_date('20/04/09','RR/MM/DD'),0,0,1,5,45,2016,0,0,0,0,0,0,0,0,0,'https://cf.geekdo-images.com/original/img/kRK_p3Frl9_1xvJUAfSxqUFRzvI=/0x0/pic2919073.jpg','https://cf.geekdo-images.com/thumb/img/6PfktqSfqKQwinN-C-8hITRr_Lo=/fit-in/200x150/pic2919073.jpg',null);
Insert into DB_SAWEE.GAME (G_NO,G_NAME,G_WRITTEN_DATE,G_UPDATED_DATE,G_HIT,G_RECOMMEND_NUM,G_MIN,G_MAX,G_PLAYTIME,G_RELEASE,G_LEVEL,G_RULETIME,G_LANG,G_INTER,G_THEME,G_REPLAY,G_ARTWORK,G_CONTENTS,G_NUM,G_IMAGE,G_THUMBNAIL,G_NAME_KOR) values (468,'Talisman (Revised 4th Edition): The Dungeon Expansion',to_date('20/04/09','RR/MM/DD'),to_date('20/04/09','RR/MM/DD'),0,0,2,6,90,2009,0,0,0,0,0,0,0,0,0,'https://cf.geekdo-images.com/original/img/Pf4GmkXJM6QL-qZB2V10kx8BX9g=/0x0/pic5085649.jpg','https://cf.geekdo-images.com/thumb/img/UD3vpo5stbo3r6xVmQH_bymsvls=/fit-in/200x150/pic5085649.jpg',null);
Insert into DB_SAWEE.GAME (G_NO,G_NAME,G_WRITTEN_DATE,G_UPDATED_DATE,G_HIT,G_RECOMMEND_NUM,G_MIN,G_MAX,G_PLAYTIME,G_RELEASE,G_LEVEL,G_RULETIME,G_LANG,G_INTER,G_THEME,G_REPLAY,G_ARTWORK,G_CONTENTS,G_NUM,G_IMAGE,G_THUMBNAIL,G_NAME_KOR) values (469,'Talisman (Revised 4th Edition): The Highland Expansion',to_date('20/04/09','RR/MM/DD'),to_date('20/04/09','RR/MM/DD'),0,0,2,6,90,2010,0,0,0,0,0,0,0,0,0,'https://cf.geekdo-images.com/original/img/bytgTo7in7H3iZ059vdaJEhswDA=/0x0/pic5085617.jpg','https://cf.geekdo-images.com/thumb/img/6Vph60c5r_1G5BB3LFV53J1cdUw=/fit-in/200x150/pic5085617.jpg',null);
Insert into DB_SAWEE.GAME (G_NO,G_NAME,G_WRITTEN_DATE,G_UPDATED_DATE,G_HIT,G_RECOMMEND_NUM,G_MIN,G_MAX,G_PLAYTIME,G_RELEASE,G_LEVEL,G_RULETIME,G_LANG,G_INTER,G_THEME,G_REPLAY,G_ARTWORK,G_CONTENTS,G_NUM,G_IMAGE,G_THUMBNAIL,G_NAME_KOR) values (470,'Talisman (Revised 4th Edition): The Reaper Expansion',to_date('20/04/09','RR/MM/DD'),to_date('20/04/09','RR/MM/DD'),0,0,2,6,90,2008,0,0,0,0,0,0,0,0,0,'https://cf.geekdo-images.com/original/img/iu6kPp1TG7vZSL1VPh2UzwQCwMg=/0x0/pic5151633.jpg','https://cf.geekdo-images.com/thumb/img/AZgyacDwzOh6DDRy-wavuv2AdNU=/fit-in/200x150/pic5151633.jpg',null);
Insert into DB_SAWEE.GAME (G_NO,G_NAME,G_WRITTEN_DATE,G_UPDATED_DATE,G_HIT,G_RECOMMEND_NUM,G_MIN,G_MAX,G_PLAYTIME,G_RELEASE,G_LEVEL,G_RULETIME,G_LANG,G_INTER,G_THEME,G_REPLAY,G_ARTWORK,G_CONTENTS,G_NUM,G_IMAGE,G_THUMBNAIL,G_NAME_KOR) values (471,'Talisman (Revised 4th Edition): The Sacred Pool Expansion',to_date('20/04/09','RR/MM/DD'),to_date('20/04/09','RR/MM/DD'),0,0,2,6,90,2010,0,0,0,0,0,0,0,0,0,'https://cf.geekdo-images.com/original/img/UaDWZHHtICwjHCDQ_l5YMAeaYVU=/0x0/pic5085662.jpg','https://cf.geekdo-images.com/thumb/img/DFDRGnV4Il-sXOfx-KpFKupytUM=/fit-in/200x150/pic5085662.jpg',null);
Insert into DB_SAWEE.GAME (G_NO,G_NAME,G_WRITTEN_DATE,G_UPDATED_DATE,G_HIT,G_RECOMMEND_NUM,G_MIN,G_MAX,G_PLAYTIME,G_RELEASE,G_LEVEL,G_RULETIME,G_LANG,G_INTER,G_THEME,G_REPLAY,G_ARTWORK,G_CONTENTS,G_NUM,G_IMAGE,G_THUMBNAIL,G_NAME_KOR) values (472,'Talisman (Revised 4th Edition): The Woodland Expansion',to_date('20/04/09','RR/MM/DD'),to_date('20/04/09','RR/MM/DD'),0,0,2,6,90,2014,0,0,0,0,0,0,0,0,0,'https://cf.geekdo-images.com/original/img/ZzHlhdJwJwE5BZ2z-rUh0_K_m4k=/0x0/pic5091747.jpg','https://cf.geekdo-images.com/thumb/img/RPgDQM4pU1xmI86jMvPPucw8ZAk=/fit-in/200x150/pic5091747.jpg',null);
Insert into DB_SAWEE.GAME (G_NO,G_NAME,G_WRITTEN_DATE,G_UPDATED_DATE,G_HIT,G_RECOMMEND_NUM,G_MIN,G_MAX,G_PLAYTIME,G_RELEASE,G_LEVEL,G_RULETIME,G_LANG,G_INTER,G_THEME,G_REPLAY,G_ARTWORK,G_CONTENTS,G_NUM,G_IMAGE,G_THUMBNAIL,G_NAME_KOR) values (473,'Targi',to_date('20/04/09','RR/MM/DD'),to_date('20/04/09','RR/MM/DD'),0,0,2,2,60,2012,0,0,0,0,0,0,0,0,0,'https://cf.geekdo-images.com/original/img/7KQJcPVEw5kPRk45KGTlsIbZnwo=/0x0/pic3958793.jpg','https://cf.geekdo-images.com/thumb/img/cc6HWiK8agoUMzAQ84KZErFI6Yc=/fit-in/200x150/pic3958793.jpg',null);
Insert into DB_SAWEE.GAME (G_NO,G_NAME,G_WRITTEN_DATE,G_UPDATED_DATE,G_HIT,G_RECOMMEND_NUM,G_MIN,G_MAX,G_PLAYTIME,G_RELEASE,G_LEVEL,G_RULETIME,G_LANG,G_INTER,G_THEME,G_REPLAY,G_ARTWORK,G_CONTENTS,G_NUM,G_IMAGE,G_THUMBNAIL,G_NAME_KOR) values (474,'Tenka: Shogun Edition',to_date('20/04/09','RR/MM/DD'),to_date('20/04/09','RR/MM/DD'),0,0,3,8,45,2014,0,0,0,0,0,0,0,0,0,'https://cf.geekdo-images.com/original/img/75EWEKQhqcc-ZtnsgXoWITn30Vw=/0x0/pic2204892.jpg','https://cf.geekdo-images.com/thumb/img/N6yb-szIktBJXtcaQqOzOeZ3MgI=/fit-in/200x150/pic2204892.jpg',null);
Insert into DB_SAWEE.GAME (G_NO,G_NAME,G_WRITTEN_DATE,G_UPDATED_DATE,G_HIT,G_RECOMMEND_NUM,G_MIN,G_MAX,G_PLAYTIME,G_RELEASE,G_LEVEL,G_RULETIME,G_LANG,G_INTER,G_THEME,G_REPLAY,G_ARTWORK,G_CONTENTS,G_NUM,G_IMAGE,G_THUMBNAIL,G_NAME_KOR) values (475,'Terraforming Mars',to_date('20/04/09','RR/MM/DD'),to_date('20/04/09','RR/MM/DD'),0,0,1,5,120,2016,0,0,0,0,0,0,0,0,0,'https://cf.geekdo-images.com/original/img/o8z_levBVArPUKI7ZrIysZEs1A0=/0x0/pic3536616.jpg','https://cf.geekdo-images.com/thumb/img/yFqQ569DfL8NSTGTUw0vF9SCR7k=/fit-in/200x150/pic3536616.jpg',null);
Insert into DB_SAWEE.GAME (G_NO,G_NAME,G_WRITTEN_DATE,G_UPDATED_DATE,G_HIT,G_RECOMMEND_NUM,G_MIN,G_MAX,G_PLAYTIME,G_RELEASE,G_LEVEL,G_RULETIME,G_LANG,G_INTER,G_THEME,G_REPLAY,G_ARTWORK,G_CONTENTS,G_NUM,G_IMAGE,G_THUMBNAIL,G_NAME_KOR) values (476,'A Terrible Time',to_date('20/04/09','RR/MM/DD'),to_date('20/04/09','RR/MM/DD'),0,0,4,16,45,2014,0,0,0,0,0,0,0,0,0,'https://cf.geekdo-images.com/original/img/U9RuWSfDbp_phI86QOXvBGj2W2s=/0x0/pic2094046.jpg','https://cf.geekdo-images.com/thumb/img/k8efXiMhn2k7iSeKakmpCvG-_Ro=/fit-in/200x150/pic2094046.jpg',null);
Insert into DB_SAWEE.GAME (G_NO,G_NAME,G_WRITTEN_DATE,G_UPDATED_DATE,G_HIT,G_RECOMMEND_NUM,G_MIN,G_MAX,G_PLAYTIME,G_RELEASE,G_LEVEL,G_RULETIME,G_LANG,G_INTER,G_THEME,G_REPLAY,G_ARTWORK,G_CONTENTS,G_NUM,G_IMAGE,G_THUMBNAIL,G_NAME_KOR) values (477,'Terra Mystica',to_date('20/04/09','RR/MM/DD'),to_date('20/04/09','RR/MM/DD'),0,0,2,5,150,2012,0,0,0,0,0,0,0,0,0,'https://cf.geekdo-images.com/original/img/CynjY3GgwPTg34abNIv8eLX1pXs=/0x0/pic1356616.jpg','https://cf.geekdo-images.com/thumb/img/P-H2xOKpbkVCoDTGOZL_B8jLdgc=/fit-in/200x150/pic1356616.jpg',null);
Insert into DB_SAWEE.GAME (G_NO,G_NAME,G_WRITTEN_DATE,G_UPDATED_DATE,G_HIT,G_RECOMMEND_NUM,G_MIN,G_MAX,G_PLAYTIME,G_RELEASE,G_LEVEL,G_RULETIME,G_LANG,G_INTER,G_THEME,G_REPLAY,G_ARTWORK,G_CONTENTS,G_NUM,G_IMAGE,G_THUMBNAIL,G_NAME_KOR) values (478,'Terra Mystica: Fire & Ice',to_date('20/04/09','RR/MM/DD'),to_date('20/04/09','RR/MM/DD'),0,0,2,5,100,2014,0,0,0,0,0,0,0,0,0,'https://cf.geekdo-images.com/original/img/A7bqS9GlQUpZ1eoMGID0bbIvDN0=/0x0/pic2227159.png','https://cf.geekdo-images.com/thumb/img/VE_g85F04Bzw07vg15EFo5NfVhk=/fit-in/200x150/pic2227159.png',null);
Insert into DB_SAWEE.GAME (G_NO,G_NAME,G_WRITTEN_DATE,G_UPDATED_DATE,G_HIT,G_RECOMMEND_NUM,G_MIN,G_MAX,G_PLAYTIME,G_RELEASE,G_LEVEL,G_RULETIME,G_LANG,G_INTER,G_THEME,G_REPLAY,G_ARTWORK,G_CONTENTS,G_NUM,G_IMAGE,G_THUMBNAIL,G_NAME_KOR) values (479,'Through the Ages: A New Story of Civilization',to_date('20/04/09','RR/MM/DD'),to_date('20/04/09','RR/MM/DD'),0,0,2,4,120,2015,0,0,0,0,0,0,0,0,0,'https://cf.geekdo-images.com/original/img/1d2h-kr4r_9xsss2Br6iMvjR9q0=/0x0/pic2663291.jpg','https://cf.geekdo-images.com/thumb/img/Ohqc2KTYdureA4PNjMqLXP4mUlU=/fit-in/200x150/pic2663291.jpg',null);
Insert into DB_SAWEE.GAME (G_NO,G_NAME,G_WRITTEN_DATE,G_UPDATED_DATE,G_HIT,G_RECOMMEND_NUM,G_MIN,G_MAX,G_PLAYTIME,G_RELEASE,G_LEVEL,G_RULETIME,G_LANG,G_INTER,G_THEME,G_REPLAY,G_ARTWORK,G_CONTENTS,G_NUM,G_IMAGE,G_THUMBNAIL,G_NAME_KOR) values (480,'Through the Ages: A Story of Civilization',to_date('20/04/09','RR/MM/DD'),to_date('20/04/09','RR/MM/DD'),0,0,2,4,120,2006,0,0,0,0,0,0,0,0,0,'https://cf.geekdo-images.com/original/img/xeBBIO9BN7HGMxQdTw5zk5Hxou8=/0x0/pic236169.jpg','https://cf.geekdo-images.com/thumb/img/dZz-qOBJAE-JIsBt1Fvg4DXKwQ0=/fit-in/200x150/pic236169.jpg',null);
Insert into DB_SAWEE.GAME (G_NO,G_NAME,G_WRITTEN_DATE,G_UPDATED_DATE,G_HIT,G_RECOMMEND_NUM,G_MIN,G_MAX,G_PLAYTIME,G_RELEASE,G_LEVEL,G_RULETIME,G_LANG,G_INTER,G_THEME,G_REPLAY,G_ARTWORK,G_CONTENTS,G_NUM,G_IMAGE,G_THUMBNAIL,G_NAME_KOR) values (481,'Thunderstone Advance: Caverns of Bane',to_date('20/04/09','RR/MM/DD'),to_date('20/04/09','RR/MM/DD'),0,0,1,5,45,2012,0,0,0,0,0,0,0,0,0,'https://cf.geekdo-images.com/original/img/nKzzth3UcOprQDLVT6ibwq5mSlA=/0x0/pic1288215.jpg','https://cf.geekdo-images.com/thumb/img/Ff1cxHPI2OfuqRdyN8Yxvzs8-oQ=/fit-in/200x150/pic1288215.jpg',null);
Insert into DB_SAWEE.GAME (G_NO,G_NAME,G_WRITTEN_DATE,G_UPDATED_DATE,G_HIT,G_RECOMMEND_NUM,G_MIN,G_MAX,G_PLAYTIME,G_RELEASE,G_LEVEL,G_RULETIME,G_LANG,G_INTER,G_THEME,G_REPLAY,G_ARTWORK,G_CONTENTS,G_NUM,G_IMAGE,G_THUMBNAIL,G_NAME_KOR) values (482,'Thunderstone Advance: Into the Abyss',to_date('20/04/09','RR/MM/DD'),to_date('20/04/09','RR/MM/DD'),0,0,1,5,60,2014,0,0,0,0,0,0,0,0,0,'https://cf.geekdo-images.com/original/img/3aV2hDKiltZNSdi3PCrOr_udIP0=/0x0/pic2020116.jpg','https://cf.geekdo-images.com/thumb/img/Mpdef46DIXit2SmYwxb_rPHfXf0=/fit-in/200x150/pic2020116.jpg',null);
Insert into DB_SAWEE.GAME (G_NO,G_NAME,G_WRITTEN_DATE,G_UPDATED_DATE,G_HIT,G_RECOMMEND_NUM,G_MIN,G_MAX,G_PLAYTIME,G_RELEASE,G_LEVEL,G_RULETIME,G_LANG,G_INTER,G_THEME,G_REPLAY,G_ARTWORK,G_CONTENTS,G_NUM,G_IMAGE,G_THUMBNAIL,G_NAME_KOR) values (483,'Thunderstone Advance: Numenera',to_date('20/04/09','RR/MM/DD'),to_date('20/04/09','RR/MM/DD'),0,0,1,5,90,2013,0,0,0,0,0,0,0,0,0,'https://cf.geekdo-images.com/original/img/3Ft5kVWkBpOmKRQmIItzjpIhPu8=/0x0/pic1683747.jpg','https://cf.geekdo-images.com/thumb/img/9g_LOW8pTdyRDj8TdbIyZCpDK-o=/fit-in/200x150/pic1683747.jpg',null);
Insert into DB_SAWEE.GAME (G_NO,G_NAME,G_WRITTEN_DATE,G_UPDATED_DATE,G_HIT,G_RECOMMEND_NUM,G_MIN,G_MAX,G_PLAYTIME,G_RELEASE,G_LEVEL,G_RULETIME,G_LANG,G_INTER,G_THEME,G_REPLAY,G_ARTWORK,G_CONTENTS,G_NUM,G_IMAGE,G_THUMBNAIL,G_NAME_KOR) values (484,'Thunderstone Advance: Root of Corruption',to_date('20/04/09','RR/MM/DD'),to_date('20/04/09','RR/MM/DD'),0,0,1,5,45,2012,0,0,0,0,0,0,0,0,0,'https://cf.geekdo-images.com/original/img/fLJ_nbtgOioi9iFYF6xa-iECz_Q=/0x0/pic1437796.jpg','https://cf.geekdo-images.com/thumb/img/UAID1w7fgf3iSkOMRnHXcBng0JQ=/fit-in/200x150/pic1437796.jpg',null);
Insert into DB_SAWEE.GAME (G_NO,G_NAME,G_WRITTEN_DATE,G_UPDATED_DATE,G_HIT,G_RECOMMEND_NUM,G_MIN,G_MAX,G_PLAYTIME,G_RELEASE,G_LEVEL,G_RULETIME,G_LANG,G_INTER,G_THEME,G_REPLAY,G_ARTWORK,G_CONTENTS,G_NUM,G_IMAGE,G_THUMBNAIL,G_NAME_KOR) values (485,'Thunderstone Advance: Towers of Ruin',to_date('20/04/09','RR/MM/DD'),to_date('20/04/09','RR/MM/DD'),0,0,1,5,45,2012,0,0,0,0,0,0,0,0,0,'https://cf.geekdo-images.com/original/img/CCBJ5D-E-mwJwl0btqHFPlJ7d8Y=/0x0/pic1196537.jpg','https://cf.geekdo-images.com/thumb/img/gfFfQ72w1Vg31_Rgs3P7iCDnppU=/fit-in/200x150/pic1196537.jpg',null);
Insert into DB_SAWEE.GAME (G_NO,G_NAME,G_WRITTEN_DATE,G_UPDATED_DATE,G_HIT,G_RECOMMEND_NUM,G_MIN,G_MAX,G_PLAYTIME,G_RELEASE,G_LEVEL,G_RULETIME,G_LANG,G_INTER,G_THEME,G_REPLAY,G_ARTWORK,G_CONTENTS,G_NUM,G_IMAGE,G_THUMBNAIL,G_NAME_KOR) values (486,'Thunderstone Advance: Worlds Collide',to_date('20/04/09','RR/MM/DD'),to_date('20/04/09','RR/MM/DD'),0,0,1,5,60,2014,0,0,0,0,0,0,0,0,0,'https://cf.geekdo-images.com/original/img/--QylT59b0WGvtc0lBlED38zkng=/0x0/pic1888624.jpg','https://cf.geekdo-images.com/thumb/img/g555Umh_fVoZtzl4ZPtpCbL7W0w=/fit-in/200x150/pic1888624.jpg',null);
Insert into DB_SAWEE.GAME (G_NO,G_NAME,G_WRITTEN_DATE,G_UPDATED_DATE,G_HIT,G_RECOMMEND_NUM,G_MIN,G_MAX,G_PLAYTIME,G_RELEASE,G_LEVEL,G_RULETIME,G_LANG,G_INTER,G_THEME,G_REPLAY,G_ARTWORK,G_CONTENTS,G_NUM,G_IMAGE,G_THUMBNAIL,G_NAME_KOR) values (487,'Ticket to Ride',to_date('20/04/09','RR/MM/DD'),to_date('20/04/09','RR/MM/DD'),0,0,2,5,60,2004,0,0,0,0,0,0,0,0,0,'https://cf.geekdo-images.com/original/img/bOcAJxw-W-B2Gz0x67z8bjqzJgY=/0x0/pic38668.jpg','https://cf.geekdo-images.com/thumb/img/WRanmC5bMp81aFJHqzOi7Kcj-5g=/fit-in/200x150/pic38668.jpg',null);
Insert into DB_SAWEE.GAME (G_NO,G_NAME,G_WRITTEN_DATE,G_UPDATED_DATE,G_HIT,G_RECOMMEND_NUM,G_MIN,G_MAX,G_PLAYTIME,G_RELEASE,G_LEVEL,G_RULETIME,G_LANG,G_INTER,G_THEME,G_REPLAY,G_ARTWORK,G_CONTENTS,G_NUM,G_IMAGE,G_THUMBNAIL,G_NAME_KOR) values (488,'Ticket to Ride Map Collection: Volume 5 – United Kingdom & Pennsylvania',to_date('20/04/09','RR/MM/DD'),to_date('20/04/09','RR/MM/DD'),0,0,2,5,75,2015,0,0,0,0,0,0,0,0,0,'https://cf.geekdo-images.com/original/img/VL27hu3dmmyRy4tU0nrF6Idb0ZU=/0x0/pic2640876.jpg','https://cf.geekdo-images.com/thumb/img/-qH8EBQalWLNxugyzqYBujN1H9E=/fit-in/200x150/pic2640876.jpg',null);
Insert into DB_SAWEE.GAME (G_NO,G_NAME,G_WRITTEN_DATE,G_UPDATED_DATE,G_HIT,G_RECOMMEND_NUM,G_MIN,G_MAX,G_PLAYTIME,G_RELEASE,G_LEVEL,G_RULETIME,G_LANG,G_INTER,G_THEME,G_REPLAY,G_ARTWORK,G_CONTENTS,G_NUM,G_IMAGE,G_THUMBNAIL,G_NAME_KOR) values (489,'Ticket to Ride: 10th Anniversary',to_date('20/04/09','RR/MM/DD'),to_date('20/04/09','RR/MM/DD'),0,0,2,5,60,2014,0,0,0,0,0,0,0,0,0,'https://cf.geekdo-images.com/original/img/9k-BzSgfdQ6tCt_79mMsMgY2kd8=/0x0/pic1927856.jpg','https://cf.geekdo-images.com/thumb/img/2ad5x7FpMRqU7hb84dQRrQpDpdY=/fit-in/200x150/pic1927856.jpg',null);
Insert into DB_SAWEE.GAME (G_NO,G_NAME,G_WRITTEN_DATE,G_UPDATED_DATE,G_HIT,G_RECOMMEND_NUM,G_MIN,G_MAX,G_PLAYTIME,G_RELEASE,G_LEVEL,G_RULETIME,G_LANG,G_INTER,G_THEME,G_REPLAY,G_ARTWORK,G_CONTENTS,G_NUM,G_IMAGE,G_THUMBNAIL,G_NAME_KOR) values (490,'Ticket to Ride: India & Switzerland',to_date('20/04/09','RR/MM/DD'),to_date('20/04/09','RR/MM/DD'),0,0,2,4,60,2011,0,0,0,0,0,0,0,0,0,'https://cf.geekdo-images.com/original/img/8s0j8M-_ItLfr3Bum1QVKHLDb4g=/0x0/pic1077595.jpg','https://cf.geekdo-images.com/thumb/img/UbPCh54t6MpfvhkSXBnAJ-WTGgo=/fit-in/200x150/pic1077595.jpg',null);
Insert into DB_SAWEE.GAME (G_NO,G_NAME,G_WRITTEN_DATE,G_UPDATED_DATE,G_HIT,G_RECOMMEND_NUM,G_MIN,G_MAX,G_PLAYTIME,G_RELEASE,G_LEVEL,G_RULETIME,G_LANG,G_INTER,G_THEME,G_REPLAY,G_ARTWORK,G_CONTENTS,G_NUM,G_IMAGE,G_THUMBNAIL,G_NAME_KOR) values (491,'Ticket to Ride: Märklin',to_date('20/04/09','RR/MM/DD'),to_date('20/04/09','RR/MM/DD'),0,0,2,5,60,2006,0,0,0,0,0,0,0,0,0,'https://cf.geekdo-images.com/original/img/ywSVi0CRXd1SpW21GIP70eYAVYQ=/0x0/pic162026.jpg','https://cf.geekdo-images.com/thumb/img/qlKaveJbkaWE1lgIW-ekK8eXGPI=/fit-in/200x150/pic162026.jpg',null);
Insert into DB_SAWEE.GAME (G_NO,G_NAME,G_WRITTEN_DATE,G_UPDATED_DATE,G_HIT,G_RECOMMEND_NUM,G_MIN,G_MAX,G_PLAYTIME,G_RELEASE,G_LEVEL,G_RULETIME,G_LANG,G_INTER,G_THEME,G_REPLAY,G_ARTWORK,G_CONTENTS,G_NUM,G_IMAGE,G_THUMBNAIL,G_NAME_KOR) values (492,'Ticket to Ride: Nordic Countries',to_date('20/04/09','RR/MM/DD'),to_date('20/04/09','RR/MM/DD'),0,0,2,3,60,2007,0,0,0,0,0,0,0,0,0,'https://cf.geekdo-images.com/original/img/GU-wGnipNb0UVXT9ebQBl86UrRk=/0x0/pic369616.jpg','https://cf.geekdo-images.com/thumb/img/JZf3hCTimfC3TmseSjHIlhmf2oQ=/fit-in/200x150/pic369616.jpg',null);
Insert into DB_SAWEE.GAME (G_NO,G_NAME,G_WRITTEN_DATE,G_UPDATED_DATE,G_HIT,G_RECOMMEND_NUM,G_MIN,G_MAX,G_PLAYTIME,G_RELEASE,G_LEVEL,G_RULETIME,G_LANG,G_INTER,G_THEME,G_REPLAY,G_ARTWORK,G_CONTENTS,G_NUM,G_IMAGE,G_THUMBNAIL,G_NAME_KOR) values (442,'Stone Age',to_date('20/04/09','RR/MM/DD'),to_date('20/04/09','RR/MM/DD'),0,0,2,4,90,2008,0,0,0,0,0,0,0,0,0,'https://cf.geekdo-images.com/original/img/Dt2tBgnvuWww89kSQqOW0vvEJr4=/0x0/pic1632539.jpg','https://cf.geekdo-images.com/thumb/img/59G6_Csm5HEfb3xik6W-_6sihuQ=/fit-in/200x150/pic1632539.jpg',null);
Insert into DB_SAWEE.GAME (G_NO,G_NAME,G_WRITTEN_DATE,G_UPDATED_DATE,G_HIT,G_RECOMMEND_NUM,G_MIN,G_MAX,G_PLAYTIME,G_RELEASE,G_LEVEL,G_RULETIME,G_LANG,G_INTER,G_THEME,G_REPLAY,G_ARTWORK,G_CONTENTS,G_NUM,G_IMAGE,G_THUMBNAIL,G_NAME_KOR) values (443,'Stronghold (2nd edition)',to_date('20/04/09','RR/MM/DD'),to_date('20/04/09','RR/MM/DD'),0,0,2,2,90,2015,0,0,0,0,0,0,0,0,0,'https://cf.geekdo-images.com/original/img/OF5W46gXSXNuNIq_sCycUl5bavs=/0x0/pic2642989.jpg','https://cf.geekdo-images.com/thumb/img/3y5gVvT1fYAyb585QOnM81J0P7k=/fit-in/200x150/pic2642989.jpg',null);
Insert into DB_SAWEE.GAME (G_NO,G_NAME,G_WRITTEN_DATE,G_UPDATED_DATE,G_HIT,G_RECOMMEND_NUM,G_MIN,G_MAX,G_PLAYTIME,G_RELEASE,G_LEVEL,G_RULETIME,G_LANG,G_INTER,G_THEME,G_REPLAY,G_ARTWORK,G_CONTENTS,G_NUM,G_IMAGE,G_THUMBNAIL,G_NAME_KOR) values (444,'Subdivision',to_date('20/04/09','RR/MM/DD'),to_date('20/04/09','RR/MM/DD'),0,0,1,4,45,2014,0,0,0,0,0,0,0,0,0,'https://cf.geekdo-images.com/original/img/Gu6qBMCodPoxpjdoRhixiKmijrM=/0x0/pic1961853.jpg','https://cf.geekdo-images.com/thumb/img/8J9ytznCOFOl0SBadvbbQGZq3uw=/fit-in/200x150/pic1961853.jpg',null);
Insert into DB_SAWEE.GAME (G_NO,G_NAME,G_WRITTEN_DATE,G_UPDATED_DATE,G_HIT,G_RECOMMEND_NUM,G_MIN,G_MAX,G_PLAYTIME,G_RELEASE,G_LEVEL,G_RULETIME,G_LANG,G_INTER,G_THEME,G_REPLAY,G_ARTWORK,G_CONTENTS,G_NUM,G_IMAGE,G_THUMBNAIL,G_NAME_KOR) values (445,'Suburbia',to_date('20/04/09','RR/MM/DD'),to_date('20/04/09','RR/MM/DD'),0,0,1,4,90,2012,0,0,0,0,0,0,0,0,0,'https://cf.geekdo-images.com/original/img/v2kosqFeCkidrDEnKQYZSk-qH_k=/0x0/pic1418335.jpg','https://cf.geekdo-images.com/thumb/img/ErmY_grQAOtH4zy2Hxg2AIeiAf8=/fit-in/200x150/pic1418335.jpg',null);
Insert into DB_SAWEE.GAME (G_NO,G_NAME,G_WRITTEN_DATE,G_UPDATED_DATE,G_HIT,G_RECOMMEND_NUM,G_MIN,G_MAX,G_PLAYTIME,G_RELEASE,G_LEVEL,G_RULETIME,G_LANG,G_INTER,G_THEME,G_REPLAY,G_ARTWORK,G_CONTENTS,G_NUM,G_IMAGE,G_THUMBNAIL,G_NAME_KOR) values (446,'Suburbia Inc',to_date('20/04/09','RR/MM/DD'),to_date('20/04/09','RR/MM/DD'),0,0,1,4,90,2013,0,0,0,0,0,0,0,0,0,'https://cf.geekdo-images.com/original/img/tMPikpQuyQnXYh2C_owlQlhVgBw=/0x0/pic1722753.jpg','https://cf.geekdo-images.com/thumb/img/AhQ5mVAMbDhU6LXu1sqKvn4K1HU=/fit-in/200x150/pic1722753.jpg',null);
Insert into DB_SAWEE.GAME (G_NO,G_NAME,G_WRITTEN_DATE,G_UPDATED_DATE,G_HIT,G_RECOMMEND_NUM,G_MIN,G_MAX,G_PLAYTIME,G_RELEASE,G_LEVEL,G_RULETIME,G_LANG,G_INTER,G_THEME,G_REPLAY,G_ARTWORK,G_CONTENTS,G_NUM,G_IMAGE,G_THUMBNAIL,G_NAME_KOR) values (447,'Summoner Wars',to_date('20/04/09','RR/MM/DD'),to_date('20/04/09','RR/MM/DD'),0,0,2,4,60,2009,0,0,0,0,0,0,0,0,0,'https://cf.geekdo-images.com/original/img/8rnrCP0OuE3bv86vsoeLy3oqmhk=/0x0/pic5152378.png','https://cf.geekdo-images.com/thumb/img/ikVyW9brE0qeQXMAZXq9-vvNbKM=/fit-in/200x150/pic5152378.png',null);
Insert into DB_SAWEE.GAME (G_NO,G_NAME,G_WRITTEN_DATE,G_UPDATED_DATE,G_HIT,G_RECOMMEND_NUM,G_MIN,G_MAX,G_PLAYTIME,G_RELEASE,G_LEVEL,G_RULETIME,G_LANG,G_INTER,G_THEME,G_REPLAY,G_ARTWORK,G_CONTENTS,G_NUM,G_IMAGE,G_THUMBNAIL,G_NAME_KOR) values (448,'Summoner Wars: Alliances Master Set',to_date('20/04/09','RR/MM/DD'),to_date('20/04/09','RR/MM/DD'),0,0,2,4,45,2014,0,0,0,0,0,0,0,0,0,'https://cf.geekdo-images.com/original/img/qvGGadEpHrOygCvd9aaWPo7b6yc=/0x0/pic2045253.jpg','https://cf.geekdo-images.com/thumb/img/uqSDnnxyJbeaLQ9QhSwWWz121Yg=/fit-in/200x150/pic2045253.jpg',null);
Insert into DB_SAWEE.GAME (G_NO,G_NAME,G_WRITTEN_DATE,G_UPDATED_DATE,G_HIT,G_RECOMMEND_NUM,G_MIN,G_MAX,G_PLAYTIME,G_RELEASE,G_LEVEL,G_RULETIME,G_LANG,G_INTER,G_THEME,G_REPLAY,G_ARTWORK,G_CONTENTS,G_NUM,G_IMAGE,G_THUMBNAIL,G_NAME_KOR) values (449,'Summoner Wars: Fallen Kingdom Faction Deck',to_date('20/04/09','RR/MM/DD'),to_date('20/04/09','RR/MM/DD'),0,0,2,4,30,2010,0,0,0,0,0,0,0,0,0,'https://cf.geekdo-images.com/original/img/5xLViG5g5IZMOpnFfMHYCaPOcMY=/0x0/pic891318.jpg','https://cf.geekdo-images.com/thumb/img/OJMjtPChCou0OQhl3M4YY2rLsGI=/fit-in/200x150/pic891318.jpg',null);
Insert into DB_SAWEE.GAME (G_NO,G_NAME,G_WRITTEN_DATE,G_UPDATED_DATE,G_HIT,G_RECOMMEND_NUM,G_MIN,G_MAX,G_PLAYTIME,G_RELEASE,G_LEVEL,G_RULETIME,G_LANG,G_INTER,G_THEME,G_REPLAY,G_ARTWORK,G_CONTENTS,G_NUM,G_IMAGE,G_THUMBNAIL,G_NAME_KOR) values (450,'Summoner Wars: Guild Dwarves vs Cave Goblins',to_date('20/04/09','RR/MM/DD'),to_date('20/04/09','RR/MM/DD'),0,0,2,4,30,2009,0,0,0,0,0,0,0,0,0,'https://cf.geekdo-images.com/original/img/Wzc0oTcXPU95dMdFJ9wp6GbXFU4=/0x0/pic1218282.jpg','https://cf.geekdo-images.com/thumb/img/8yerAgnHc37XnGYPbyP3V4SO60Y=/fit-in/200x150/pic1218282.jpg',null);
Insert into DB_SAWEE.GAME (G_NO,G_NAME,G_WRITTEN_DATE,G_UPDATED_DATE,G_HIT,G_RECOMMEND_NUM,G_MIN,G_MAX,G_PLAYTIME,G_RELEASE,G_LEVEL,G_RULETIME,G_LANG,G_INTER,G_THEME,G_REPLAY,G_ARTWORK,G_CONTENTS,G_NUM,G_IMAGE,G_THUMBNAIL,G_NAME_KOR) values (451,'Summoner Wars: Master Set',to_date('20/04/09','RR/MM/DD'),to_date('20/04/09','RR/MM/DD'),0,0,2,4,60,2011,0,0,0,0,0,0,0,0,0,'https://cf.geekdo-images.com/original/img/iiv0TpOaWT8UeJItLHbsrT0VARw=/0x0/pic923048.jpg','https://cf.geekdo-images.com/thumb/img/esptsZZdSvfwJnD5lL63OVJcNvM=/fit-in/200x150/pic923048.jpg',null);
Insert into DB_SAWEE.GAME (G_NO,G_NAME,G_WRITTEN_DATE,G_UPDATED_DATE,G_HIT,G_RECOMMEND_NUM,G_MIN,G_MAX,G_PLAYTIME,G_RELEASE,G_LEVEL,G_RULETIME,G_LANG,G_INTER,G_THEME,G_REPLAY,G_ARTWORK,G_CONTENTS,G_NUM,G_IMAGE,G_THUMBNAIL,G_NAME_KOR) values (452,'Summoner Wars: Mercenaries Faction Deck',to_date('20/04/09','RR/MM/DD'),to_date('20/04/09','RR/MM/DD'),0,0,2,4,30,2012,0,0,0,0,0,0,0,0,0,'https://cf.geekdo-images.com/original/img/u30JXDK8Nt8eArK95kiCSMFspDw=/0x0/pic1224444.jpg','https://cf.geekdo-images.com/thumb/img/5skWWwOkI7zZE35WAP6YcsPXznY=/fit-in/200x150/pic1224444.jpg',null);
Insert into DB_SAWEE.GAME (G_NO,G_NAME,G_WRITTEN_DATE,G_UPDATED_DATE,G_HIT,G_RECOMMEND_NUM,G_MIN,G_MAX,G_PLAYTIME,G_RELEASE,G_LEVEL,G_RULETIME,G_LANG,G_INTER,G_THEME,G_REPLAY,G_ARTWORK,G_CONTENTS,G_NUM,G_IMAGE,G_THUMBNAIL,G_NAME_KOR) values (453,'Summoner Wars: Phoenix Elves vs Tundra Orcs',to_date('20/04/09','RR/MM/DD'),to_date('20/04/09','RR/MM/DD'),0,0,2,4,30,2009,0,0,0,0,0,0,0,0,0,'https://cf.geekdo-images.com/original/img/EW2JhuHk9HtAYLuXhhcwZg3oQYI=/0x0/pic1222742.jpg','https://cf.geekdo-images.com/thumb/img/69Hhvll8OdDDh_4j2vaq1Izpd38=/fit-in/200x150/pic1222742.jpg',null);
Insert into DB_SAWEE.GAME (G_NO,G_NAME,G_WRITTEN_DATE,G_UPDATED_DATE,G_HIT,G_RECOMMEND_NUM,G_MIN,G_MAX,G_PLAYTIME,G_RELEASE,G_LEVEL,G_RULETIME,G_LANG,G_INTER,G_THEME,G_REPLAY,G_ARTWORK,G_CONTENTS,G_NUM,G_IMAGE,G_THUMBNAIL,G_NAME_KOR) values (454,'Summoner Wars: Vanguards Faction Deck',to_date('20/04/09','RR/MM/DD'),to_date('20/04/09','RR/MM/DD'),0,0,2,4,30,2010,0,0,0,0,0,0,0,0,0,'https://cf.geekdo-images.com/original/img/48EtxVHwoXuiGlacCO1bM_kz2IM=/0x0/pic1426692.jpg','https://cf.geekdo-images.com/thumb/img/DC1DmQ2aOtwYcFLDN0AbOBKoV_Q=/fit-in/200x150/pic1426692.jpg',null);
Insert into DB_SAWEE.GAME (G_NO,G_NAME,G_WRITTEN_DATE,G_UPDATED_DATE,G_HIT,G_RECOMMEND_NUM,G_MIN,G_MAX,G_PLAYTIME,G_RELEASE,G_LEVEL,G_RULETIME,G_LANG,G_INTER,G_THEME,G_REPLAY,G_ARTWORK,G_CONTENTS,G_NUM,G_IMAGE,G_THUMBNAIL,G_NAME_KOR) values (455,'Survive: Escape from Atlantis!',to_date('20/04/09','RR/MM/DD'),to_date('20/04/09','RR/MM/DD'),0,0,2,4,60,2012,0,0,0,0,0,0,0,0,0,'https://cf.geekdo-images.com/original/img/FiTVbnX8ZOWsdgBe87x4Lz3wFsk=/0x0/pic1300182.png','https://cf.geekdo-images.com/thumb/img/rNnnvjF1JSa3JUXJ-wU5Et0Qzho=/fit-in/200x150/pic1300182.png',null);
Insert into DB_SAWEE.GAME (G_NO,G_NAME,G_WRITTEN_DATE,G_UPDATED_DATE,G_HIT,G_RECOMMEND_NUM,G_MIN,G_MAX,G_PLAYTIME,G_RELEASE,G_LEVEL,G_RULETIME,G_LANG,G_INTER,G_THEME,G_REPLAY,G_ARTWORK,G_CONTENTS,G_NUM,G_IMAGE,G_THUMBNAIL,G_NAME_KOR) values (456,'Survive: Escape from Atlantis! - 5-6 Player Mini Expansion',to_date('20/04/09','RR/MM/DD'),to_date('20/04/09','RR/MM/DD'),0,0,2,6,45,2011,0,0,0,0,0,0,0,0,0,'https://cf.geekdo-images.com/original/img/1Kxfnj4XZK4QxN2MJ_LPKD-k6hc=/0x0/pic1586886.jpg','https://cf.geekdo-images.com/thumb/img/qJqdwAaAsSJEuHOlfiuZpULhnD8=/fit-in/200x150/pic1586886.jpg',null);
Insert into DB_SAWEE.GAME (G_NO,G_NAME,G_WRITTEN_DATE,G_UPDATED_DATE,G_HIT,G_RECOMMEND_NUM,G_MIN,G_MAX,G_PLAYTIME,G_RELEASE,G_LEVEL,G_RULETIME,G_LANG,G_INTER,G_THEME,G_REPLAY,G_ARTWORK,G_CONTENTS,G_NUM,G_IMAGE,G_THUMBNAIL,G_NAME_KOR) values (457,'Survive: Escape from Atlantis! - Dolphins & Dive Dice Mini Extension',to_date('20/04/09','RR/MM/DD'),to_date('20/04/09','RR/MM/DD'),0,0,2,4,60,2013,0,0,0,0,0,0,0,0,0,'https://cf.geekdo-images.com/original/img/Pz2nAqU0yF3DbNhevlrdnFxbYTo=/0x0/pic1586882.jpg','https://cf.geekdo-images.com/thumb/img/woujznFETL_LnWQp9_zcz9yakqs=/fit-in/200x150/pic1586882.jpg',null);
Insert into DB_SAWEE.GAME (G_NO,G_NAME,G_WRITTEN_DATE,G_UPDATED_DATE,G_HIT,G_RECOMMEND_NUM,G_MIN,G_MAX,G_PLAYTIME,G_RELEASE,G_LEVEL,G_RULETIME,G_LANG,G_INTER,G_THEME,G_REPLAY,G_ARTWORK,G_CONTENTS,G_NUM,G_IMAGE,G_THUMBNAIL,G_NAME_KOR) values (458,'Survive: Space Attack!',to_date('20/04/09','RR/MM/DD'),to_date('20/04/09','RR/MM/DD'),0,0,2,4,60,2015,0,0,0,0,0,0,0,0,0,'https://cf.geekdo-images.com/original/img/ULhWFH6EpMC56_tRgi1d1dPkplM=/0x0/pic2506676.jpg','https://cf.geekdo-images.com/thumb/img/tXEvWoebov1J8Pjq0SLGo236vQg=/fit-in/200x150/pic2506676.jpg',null);
Insert into DB_SAWEE.GAME (G_NO,G_NAME,G_WRITTEN_DATE,G_UPDATED_DATE,G_HIT,G_RECOMMEND_NUM,G_MIN,G_MAX,G_PLAYTIME,G_RELEASE,G_LEVEL,G_RULETIME,G_LANG,G_INTER,G_THEME,G_REPLAY,G_ARTWORK,G_CONTENTS,G_NUM,G_IMAGE,G_THUMBNAIL,G_NAME_KOR) values (459,'Sushi Go!',to_date('20/04/09','RR/MM/DD'),to_date('20/04/09','RR/MM/DD'),0,0,2,5,15,2013,0,0,0,0,0,0,0,0,0,'https://cf.geekdo-images.com/original/img/IlYW00i351ucPwf_aHiE0v-HNdM=/0x0/pic1900075.jpg','https://cf.geekdo-images.com/thumb/img/0y6Je0vh3QP_BhYHNxn6w8TafHk=/fit-in/200x150/pic1900075.jpg',null);
Insert into DB_SAWEE.GAME (G_NO,G_NAME,G_WRITTEN_DATE,G_UPDATED_DATE,G_HIT,G_RECOMMEND_NUM,G_MIN,G_MAX,G_PLAYTIME,G_RELEASE,G_LEVEL,G_RULETIME,G_LANG,G_INTER,G_THEME,G_REPLAY,G_ARTWORK,G_CONTENTS,G_NUM,G_IMAGE,G_THUMBNAIL,G_NAME_KOR) values (460,'T.I.M.E Stories',to_date('20/04/09','RR/MM/DD'),to_date('20/04/09','RR/MM/DD'),0,0,2,4,90,2015,0,0,0,0,0,0,0,0,0,'https://cf.geekdo-images.com/original/img/HgvRM7737qYJn6nFvfZ5IlSf800=/0x0/pic2617634.png','https://cf.geekdo-images.com/thumb/img/LKZSyC93AhCvIKSrJH4jLGPqfNY=/fit-in/200x150/pic2617634.png',null);
Insert into DB_SAWEE.GAME (G_NO,G_NAME,G_WRITTEN_DATE,G_UPDATED_DATE,G_HIT,G_RECOMMEND_NUM,G_MIN,G_MAX,G_PLAYTIME,G_RELEASE,G_LEVEL,G_RULETIME,G_LANG,G_INTER,G_THEME,G_REPLAY,G_ARTWORK,G_CONTENTS,G_NUM,G_IMAGE,G_THUMBNAIL,G_NAME_KOR) values (461,'Tail Feathers',to_date('20/04/09','RR/MM/DD'),to_date('20/04/09','RR/MM/DD'),0,0,2,4,90,2015,0,0,0,0,0,0,0,0,0,'https://cf.geekdo-images.com/original/img/eWcA5O4qtQQ_dVtR8sPzOKNfCfE=/0x0/pic2661822.jpg','https://cf.geekdo-images.com/thumb/img/SDzBTn-snSxoQH3eOzTTwxT7nKc=/fit-in/200x150/pic2661822.jpg',null);
Insert into DB_SAWEE.GAME (G_NO,G_NAME,G_WRITTEN_DATE,G_UPDATED_DATE,G_HIT,G_RECOMMEND_NUM,G_MIN,G_MAX,G_PLAYTIME,G_RELEASE,G_LEVEL,G_RULETIME,G_LANG,G_INTER,G_THEME,G_REPLAY,G_ARTWORK,G_CONTENTS,G_NUM,G_IMAGE,G_THUMBNAIL,G_NAME_KOR) values (462,'Takenoko',to_date('20/04/09','RR/MM/DD'),to_date('20/04/09','RR/MM/DD'),0,0,2,4,45,2011,0,0,0,0,0,0,0,0,0,'https://cf.geekdo-images.com/original/img/7SDbClO-4sN6LICvfySB3jrFUhU=/0x0/pic1912529.jpg','https://cf.geekdo-images.com/thumb/img/6KTmKEfbsPgEFnMnHlYL5DIHHmU=/fit-in/200x150/pic1912529.jpg',null);
Insert into DB_SAWEE.GAME (G_NO,G_NAME,G_WRITTEN_DATE,G_UPDATED_DATE,G_HIT,G_RECOMMEND_NUM,G_MIN,G_MAX,G_PLAYTIME,G_RELEASE,G_LEVEL,G_RULETIME,G_LANG,G_INTER,G_THEME,G_REPLAY,G_ARTWORK,G_CONTENTS,G_NUM,G_IMAGE,G_THUMBNAIL,G_NAME_KOR) values (463,'Tales of the Arabian Nights',to_date('20/04/09','RR/MM/DD'),to_date('20/04/09','RR/MM/DD'),0,0,1,6,120,2009,0,0,0,0,0,0,0,0,0,'https://cf.geekdo-images.com/original/img/IoU1CZk6B__VdzzKcXGs7oPVFzM=/0x0/pic486114.jpg','https://cf.geekdo-images.com/thumb/img/icrjPEkH2kc4F6unJR6HTpFqBSI=/fit-in/200x150/pic486114.jpg',null);
Insert into DB_SAWEE.GAME (G_NO,G_NAME,G_WRITTEN_DATE,G_UPDATED_DATE,G_HIT,G_RECOMMEND_NUM,G_MIN,G_MAX,G_PLAYTIME,G_RELEASE,G_LEVEL,G_RULETIME,G_LANG,G_INTER,G_THEME,G_REPLAY,G_ARTWORK,G_CONTENTS,G_NUM,G_IMAGE,G_THUMBNAIL,G_NAME_KOR) values (464,'Talisman (Revised 4th Edition)',to_date('20/04/09','RR/MM/DD'),to_date('20/04/09','RR/MM/DD'),0,0,2,6,90,2007,0,0,0,0,0,0,0,0,0,'https://cf.geekdo-images.com/original/img/AfIL4yT86Q1foF_fXo-qNs-kGnU=/0x0/pic332870.jpg','https://cf.geekdo-images.com/thumb/img/TgsMMscmcsKL9zxzbK8Va99w4Dc=/fit-in/200x150/pic332870.jpg',null);
Insert into DB_SAWEE.GAME (G_NO,G_NAME,G_WRITTEN_DATE,G_UPDATED_DATE,G_HIT,G_RECOMMEND_NUM,G_MIN,G_MAX,G_PLAYTIME,G_RELEASE,G_LEVEL,G_RULETIME,G_LANG,G_INTER,G_THEME,G_REPLAY,G_ARTWORK,G_CONTENTS,G_NUM,G_IMAGE,G_THUMBNAIL,G_NAME_KOR) values (465,'Talisman (Revised 4th Edition): The Cataclysm Expansion',to_date('20/04/09','RR/MM/DD'),to_date('20/04/09','RR/MM/DD'),0,0,2,6,90,2016,0,0,0,0,0,0,0,0,0,'https://cf.geekdo-images.com/original/img/otf2KjkqIPMNRM4r7By1cE-ulUg=/0x0/pic5089804.jpg','https://cf.geekdo-images.com/thumb/img/hdyCnbXPU-VDBb8Obdi3LyHmcYY=/fit-in/200x150/pic5089804.jpg',null);
Insert into DB_SAWEE.GAME (G_NO,G_NAME,G_WRITTEN_DATE,G_UPDATED_DATE,G_HIT,G_RECOMMEND_NUM,G_MIN,G_MAX,G_PLAYTIME,G_RELEASE,G_LEVEL,G_RULETIME,G_LANG,G_INTER,G_THEME,G_REPLAY,G_ARTWORK,G_CONTENTS,G_NUM,G_IMAGE,G_THUMBNAIL,G_NAME_KOR) values (466,'Talisman (Revised 4th Edition): The City Expansion',to_date('20/04/09','RR/MM/DD'),to_date('20/04/09','RR/MM/DD'),0,0,2,6,90,2013,0,0,0,0,0,0,0,0,0,'https://cf.geekdo-images.com/original/img/g7BwpNNyRUHnHT8BB967Cdt0TT8=/0x0/pic5085807.jpg','https://cf.geekdo-images.com/thumb/img/cexIwj6tv3bLop4J7X1uAr4rP90=/fit-in/200x150/pic5085807.jpg',null);
Insert into DB_SAWEE.GAME (G_NO,G_NAME,G_WRITTEN_DATE,G_UPDATED_DATE,G_HIT,G_RECOMMEND_NUM,G_MIN,G_MAX,G_PLAYTIME,G_RELEASE,G_LEVEL,G_RULETIME,G_LANG,G_INTER,G_THEME,G_REPLAY,G_ARTWORK,G_CONTENTS,G_NUM,G_IMAGE,G_THUMBNAIL,G_NAME_KOR) values (467,'Talisman (Revised 4th Edition): The Dragon Expansion',to_date('20/04/09','RR/MM/DD'),to_date('20/04/09','RR/MM/DD'),0,0,2,6,90,2011,0,0,0,0,0,0,0,0,0,'https://cf.geekdo-images.com/original/img/IISNDr8XO7FOdHWr3kTV-UufrDQ=/0x0/pic5085801.jpg','https://cf.geekdo-images.com/thumb/img/OQOvqT_Epw4-XbQrBNFKbcKYr-A=/fit-in/200x150/pic5085801.jpg',null);
Insert into DB_SAWEE.GAME (G_NO,G_NAME,G_WRITTEN_DATE,G_UPDATED_DATE,G_HIT,G_RECOMMEND_NUM,G_MIN,G_MAX,G_PLAYTIME,G_RELEASE,G_LEVEL,G_RULETIME,G_LANG,G_INTER,G_THEME,G_REPLAY,G_ARTWORK,G_CONTENTS,G_NUM,G_IMAGE,G_THUMBNAIL,G_NAME_KOR) values (416,'Space Alert',to_date('20/04/09','RR/MM/DD'),to_date('20/04/09','RR/MM/DD'),0,0,1,5,30,2008,0,0,0,0,0,0,0,0,0,'https://cf.geekdo-images.com/original/img/bASSKEPd4V_exZ73z4EG0pg9ZrI=/0x0/pic384313.jpg','https://cf.geekdo-images.com/thumb/img/jeviWowUhmLLFnohiRJtG022flc=/fit-in/200x150/pic384313.jpg',null);
Insert into DB_SAWEE.GAME (G_NO,G_NAME,G_WRITTEN_DATE,G_UPDATED_DATE,G_HIT,G_RECOMMEND_NUM,G_MIN,G_MAX,G_PLAYTIME,G_RELEASE,G_LEVEL,G_RULETIME,G_LANG,G_INTER,G_THEME,G_REPLAY,G_ARTWORK,G_CONTENTS,G_NUM,G_IMAGE,G_THUMBNAIL,G_NAME_KOR) values (417,'Space Hulk (fourth edition)',to_date('20/04/09','RR/MM/DD'),to_date('20/04/09','RR/MM/DD'),0,0,2,2,60,2014,0,0,0,0,0,0,0,0,0,'https://cf.geekdo-images.com/original/img/t3kjavT_7gFZvXp2HYOkT6npCcw=/0x0/pic2245229.jpg','https://cf.geekdo-images.com/thumb/img/MAOA0TKxfu6mab-8n2TT3JlGP1w=/fit-in/200x150/pic2245229.jpg',null);
Insert into DB_SAWEE.GAME (G_NO,G_NAME,G_WRITTEN_DATE,G_UPDATED_DATE,G_HIT,G_RECOMMEND_NUM,G_MIN,G_MAX,G_PLAYTIME,G_RELEASE,G_LEVEL,G_RULETIME,G_LANG,G_INTER,G_THEME,G_REPLAY,G_ARTWORK,G_CONTENTS,G_NUM,G_IMAGE,G_THUMBNAIL,G_NAME_KOR) values (418,'Space Hulk: Death Angel – The Card Game',to_date('20/04/09','RR/MM/DD'),to_date('20/04/09','RR/MM/DD'),0,0,1,6,60,2010,0,0,0,0,0,0,0,0,0,'https://cf.geekdo-images.com/original/img/iZOeIT5ITTM2lLZ4RdXdQJLmH-Q=/0x0/pic1873572.jpg','https://cf.geekdo-images.com/thumb/img/HF722wks82SmRgVfVKz3Umk7A0o=/fit-in/200x150/pic1873572.jpg',null);
Insert into DB_SAWEE.GAME (G_NO,G_NAME,G_WRITTEN_DATE,G_UPDATED_DATE,G_HIT,G_RECOMMEND_NUM,G_MIN,G_MAX,G_PLAYTIME,G_RELEASE,G_LEVEL,G_RULETIME,G_LANG,G_INTER,G_THEME,G_REPLAY,G_ARTWORK,G_CONTENTS,G_NUM,G_IMAGE,G_THUMBNAIL,G_NAME_KOR) values (419,'Space Hulk: Death Angel – The Card Game – Mission Pack 1',to_date('20/04/09','RR/MM/DD'),to_date('20/04/09','RR/MM/DD'),0,0,1,6,30,2011,0,0,0,0,0,0,0,0,0,'https://cf.geekdo-images.com/original/img/nvgp5-3DF2Kyt_nXqLuJlgEZxvw=/0x0/pic1431153.jpg','https://cf.geekdo-images.com/thumb/img/T4E3qaN_PpP1kR7feIc3jDiMNPc=/fit-in/200x150/pic1431153.jpg',null);
Insert into DB_SAWEE.GAME (G_NO,G_NAME,G_WRITTEN_DATE,G_UPDATED_DATE,G_HIT,G_RECOMMEND_NUM,G_MIN,G_MAX,G_PLAYTIME,G_RELEASE,G_LEVEL,G_RULETIME,G_LANG,G_INTER,G_THEME,G_REPLAY,G_ARTWORK,G_CONTENTS,G_NUM,G_IMAGE,G_THUMBNAIL,G_NAME_KOR) values (420,'Space Hulk: Death Angel – The Card Game: Space Marine Pack 1',to_date('20/04/09','RR/MM/DD'),to_date('20/04/09','RR/MM/DD'),0,0,1,6,30,2011,0,0,0,0,0,0,0,0,0,'https://cf.geekdo-images.com/original/img/Z_k5EumOtCQLKjG7zYGAXgYrrdU=/0x0/pic1431151.jpg','https://cf.geekdo-images.com/thumb/img/MFIp9CvPiVE1A8wzbah5NLQzeOw=/fit-in/200x150/pic1431151.jpg',null);
Insert into DB_SAWEE.GAME (G_NO,G_NAME,G_WRITTEN_DATE,G_UPDATED_DATE,G_HIT,G_RECOMMEND_NUM,G_MIN,G_MAX,G_PLAYTIME,G_RELEASE,G_LEVEL,G_RULETIME,G_LANG,G_INTER,G_THEME,G_REPLAY,G_ARTWORK,G_CONTENTS,G_NUM,G_IMAGE,G_THUMBNAIL,G_NAME_KOR) values (421,'Space Hulk: Death Angel – The Card Game: Tyranid Enemy Pack',to_date('20/04/09','RR/MM/DD'),to_date('20/04/09','RR/MM/DD'),0,0,1,6,30,2011,0,0,0,0,0,0,0,0,0,'https://cf.geekdo-images.com/original/img/wAt20QVJqiH_qGvxbTC1BiGYPWM=/0x0/pic1331840.jpg','https://cf.geekdo-images.com/thumb/img/QpdH3jxKIlVCysFnatjqu7jQJ4Y=/fit-in/200x150/pic1331840.jpg',null);
Insert into DB_SAWEE.GAME (G_NO,G_NAME,G_WRITTEN_DATE,G_UPDATED_DATE,G_HIT,G_RECOMMEND_NUM,G_MIN,G_MAX,G_PLAYTIME,G_RELEASE,G_LEVEL,G_RULETIME,G_LANG,G_INTER,G_THEME,G_REPLAY,G_ARTWORK,G_CONTENTS,G_NUM,G_IMAGE,G_THUMBNAIL,G_NAME_KOR) values (422,'Splendor',to_date('20/04/09','RR/MM/DD'),to_date('20/04/09','RR/MM/DD'),0,0,2,4,30,2014,0,0,0,0,0,0,0,0,0,'https://cf.geekdo-images.com/original/img/PgaVULm0QKeFV2zTro4hJEb70Yk=/0x0/pic1904079.jpg','https://cf.geekdo-images.com/thumb/img/x-l6MKgcj-wBZfgX1ttvO5MRcJ4=/fit-in/200x150/pic1904079.jpg',null);
Insert into DB_SAWEE.GAME (G_NO,G_NAME,G_WRITTEN_DATE,G_UPDATED_DATE,G_HIT,G_RECOMMEND_NUM,G_MIN,G_MAX,G_PLAYTIME,G_RELEASE,G_LEVEL,G_RULETIME,G_LANG,G_INTER,G_THEME,G_REPLAY,G_ARTWORK,G_CONTENTS,G_NUM,G_IMAGE,G_THUMBNAIL,G_NAME_KOR) values (423,'Spyfall',to_date('20/04/09','RR/MM/DD'),to_date('20/04/09','RR/MM/DD'),0,0,3,8,15,2014,0,0,0,0,0,0,0,0,0,'https://cf.geekdo-images.com/original/img/yiOudtz0yeRa8axxBWr94WuCwbM=/0x0/pic2453926.jpg','https://cf.geekdo-images.com/thumb/img/6TauOkp3QbGx6V2m924QgMBc858=/fit-in/200x150/pic2453926.jpg',null);
Insert into DB_SAWEE.GAME (G_NO,G_NAME,G_WRITTEN_DATE,G_UPDATED_DATE,G_HIT,G_RECOMMEND_NUM,G_MIN,G_MAX,G_PLAYTIME,G_RELEASE,G_LEVEL,G_RULETIME,G_LANG,G_INTER,G_THEME,G_REPLAY,G_ARTWORK,G_CONTENTS,G_NUM,G_IMAGE,G_THUMBNAIL,G_NAME_KOR) values (424,'Spyrium',to_date('20/04/09','RR/MM/DD'),to_date('20/04/09','RR/MM/DD'),0,0,2,5,75,2013,0,0,0,0,0,0,0,0,0,'https://cf.geekdo-images.com/original/img/rGitckEaVK8dGWyM5kFcamV-ZG0=/0x0/pic1808509.jpg','https://cf.geekdo-images.com/thumb/img/oNA6i3aCAKQKyZlgq9IgZppzwo8=/fit-in/200x150/pic1808509.jpg',null);
Insert into DB_SAWEE.GAME (G_NO,G_NAME,G_WRITTEN_DATE,G_UPDATED_DATE,G_HIT,G_RECOMMEND_NUM,G_MIN,G_MAX,G_PLAYTIME,G_RELEASE,G_LEVEL,G_RULETIME,G_LANG,G_INTER,G_THEME,G_REPLAY,G_ARTWORK,G_CONTENTS,G_NUM,G_IMAGE,G_THUMBNAIL,G_NAME_KOR) values (425,'Star Realms',to_date('20/04/09','RR/MM/DD'),to_date('20/04/09','RR/MM/DD'),0,0,2,2,20,2014,0,0,0,0,0,0,0,0,0,'https://cf.geekdo-images.com/original/img/XRgMJVv4YweLlANgVvxeZsQ4lm0=/0x0/pic1903816.jpg','https://cf.geekdo-images.com/thumb/img/457OeNXcnwr4r_5KPj3xyltK0QI=/fit-in/200x150/pic1903816.jpg',null);
Insert into DB_SAWEE.GAME (G_NO,G_NAME,G_WRITTEN_DATE,G_UPDATED_DATE,G_HIT,G_RECOMMEND_NUM,G_MIN,G_MAX,G_PLAYTIME,G_RELEASE,G_LEVEL,G_RULETIME,G_LANG,G_INTER,G_THEME,G_REPLAY,G_ARTWORK,G_CONTENTS,G_NUM,G_IMAGE,G_THUMBNAIL,G_NAME_KOR) values (426,'Star Realms: Crisis – Bases & Battleships',to_date('20/04/09','RR/MM/DD'),to_date('20/04/09','RR/MM/DD'),0,0,2,6,20,2014,0,0,0,0,0,0,0,0,0,'https://cf.geekdo-images.com/original/img/6pvLFSnAwLj5PHeoVbZ3HDWJsn4=/0x0/pic2255562.png','https://cf.geekdo-images.com/thumb/img/_Ru_F6rsoXAzeaO2TIbslqigLNs=/fit-in/200x150/pic2255562.png',null);
Insert into DB_SAWEE.GAME (G_NO,G_NAME,G_WRITTEN_DATE,G_UPDATED_DATE,G_HIT,G_RECOMMEND_NUM,G_MIN,G_MAX,G_PLAYTIME,G_RELEASE,G_LEVEL,G_RULETIME,G_LANG,G_INTER,G_THEME,G_REPLAY,G_ARTWORK,G_CONTENTS,G_NUM,G_IMAGE,G_THUMBNAIL,G_NAME_KOR) values (427,'Star Realms: Crisis – Events',to_date('20/04/09','RR/MM/DD'),to_date('20/04/09','RR/MM/DD'),0,0,2,6,20,2014,0,0,0,0,0,0,0,0,0,'https://cf.geekdo-images.com/original/img/NiH0HM6lZLmBoHGUeeXgRZS22ts=/0x0/pic2255575.png','https://cf.geekdo-images.com/thumb/img/p7Te4NJYZ8f4x9MuiSxqUJfgtg8=/fit-in/200x150/pic2255575.png',null);
Insert into DB_SAWEE.GAME (G_NO,G_NAME,G_WRITTEN_DATE,G_UPDATED_DATE,G_HIT,G_RECOMMEND_NUM,G_MIN,G_MAX,G_PLAYTIME,G_RELEASE,G_LEVEL,G_RULETIME,G_LANG,G_INTER,G_THEME,G_REPLAY,G_ARTWORK,G_CONTENTS,G_NUM,G_IMAGE,G_THUMBNAIL,G_NAME_KOR) values (428,'Star Realms: Crisis – Fleets & Fortresses',to_date('20/04/09','RR/MM/DD'),to_date('20/04/09','RR/MM/DD'),0,0,2,6,20,2014,0,0,0,0,0,0,0,0,0,'https://cf.geekdo-images.com/original/img/5Ho0iRZFMCUwPdyCiDGwpI9YMx4=/0x0/pic2255568.png','https://cf.geekdo-images.com/thumb/img/EYKd_bO1OJgGFNeWJKivBzRsd2E=/fit-in/200x150/pic2255568.png',null);
Insert into DB_SAWEE.GAME (G_NO,G_NAME,G_WRITTEN_DATE,G_UPDATED_DATE,G_HIT,G_RECOMMEND_NUM,G_MIN,G_MAX,G_PLAYTIME,G_RELEASE,G_LEVEL,G_RULETIME,G_LANG,G_INTER,G_THEME,G_REPLAY,G_ARTWORK,G_CONTENTS,G_NUM,G_IMAGE,G_THUMBNAIL,G_NAME_KOR) values (429,'Star Realms: Crisis – Heroes',to_date('20/04/09','RR/MM/DD'),to_date('20/04/09','RR/MM/DD'),0,0,2,6,20,2014,0,0,0,0,0,0,0,0,0,'https://cf.geekdo-images.com/original/img/Bex-SKdSWPZn8JHYeNlUnbeF424=/0x0/pic2255577.png','https://cf.geekdo-images.com/thumb/img/DIrOf68iqAmyNx5mFJvb_qOBUFY=/fit-in/200x150/pic2255577.png',null);
Insert into DB_SAWEE.GAME (G_NO,G_NAME,G_WRITTEN_DATE,G_UPDATED_DATE,G_HIT,G_RECOMMEND_NUM,G_MIN,G_MAX,G_PLAYTIME,G_RELEASE,G_LEVEL,G_RULETIME,G_LANG,G_INTER,G_THEME,G_REPLAY,G_ARTWORK,G_CONTENTS,G_NUM,G_IMAGE,G_THUMBNAIL,G_NAME_KOR) values (430,'Star Trek Deck Building Game: The Next Generation',to_date('20/04/09','RR/MM/DD'),to_date('20/04/09','RR/MM/DD'),0,0,2,5,90,2011,0,0,0,0,0,0,0,0,0,'https://cf.geekdo-images.com/original/img/-PEqYqNYkiWG-eQT9PVMn6eMJtg=/0x0/pic1158378.jpg','https://cf.geekdo-images.com/thumb/img/dKb5s1qG-t-HHaNXm-1SgNh4y1Y=/fit-in/200x150/pic1158378.jpg',null);
Insert into DB_SAWEE.GAME (G_NO,G_NAME,G_WRITTEN_DATE,G_UPDATED_DATE,G_HIT,G_RECOMMEND_NUM,G_MIN,G_MAX,G_PLAYTIME,G_RELEASE,G_LEVEL,G_RULETIME,G_LANG,G_INTER,G_THEME,G_REPLAY,G_ARTWORK,G_CONTENTS,G_NUM,G_IMAGE,G_THUMBNAIL,G_NAME_KOR) values (431,'Star Trek Deck Building Game: The Next Generation – Next Phase',to_date('20/04/09','RR/MM/DD'),to_date('20/04/09','RR/MM/DD'),0,0,2,4,90,2012,0,0,0,0,0,0,0,0,0,'https://cf.geekdo-images.com/original/img/bDzwSA173PVwb8L70UcLhsu4owY=/0x0/pic1903299.jpg','https://cf.geekdo-images.com/thumb/img/f-DJ-HPuE6qKHJPQzO7Q2Rb9-M0=/fit-in/200x150/pic1903299.jpg',null);
Insert into DB_SAWEE.GAME (G_NO,G_NAME,G_WRITTEN_DATE,G_UPDATED_DATE,G_HIT,G_RECOMMEND_NUM,G_MIN,G_MAX,G_PLAYTIME,G_RELEASE,G_LEVEL,G_RULETIME,G_LANG,G_INTER,G_THEME,G_REPLAY,G_ARTWORK,G_CONTENTS,G_NUM,G_IMAGE,G_THUMBNAIL,G_NAME_KOR) values (432,'Star Trek Deck Building Game: The Original Series',to_date('20/04/09','RR/MM/DD'),to_date('20/04/09','RR/MM/DD'),0,0,2,4,90,2012,0,0,0,0,0,0,0,0,0,'https://cf.geekdo-images.com/original/img/m_rc6HLiwOE5NZ3UrRDAg2q6-BA=/0x0/pic1537370.jpg','https://cf.geekdo-images.com/thumb/img/0VgXvqdG_KEOcB-Pfh8Nly4pcZ0=/fit-in/200x150/pic1537370.jpg',null);
Insert into DB_SAWEE.GAME (G_NO,G_NAME,G_WRITTEN_DATE,G_UPDATED_DATE,G_HIT,G_RECOMMEND_NUM,G_MIN,G_MAX,G_PLAYTIME,G_RELEASE,G_LEVEL,G_RULETIME,G_LANG,G_INTER,G_THEME,G_REPLAY,G_ARTWORK,G_CONTENTS,G_NUM,G_IMAGE,G_THUMBNAIL,G_NAME_KOR) values (433,'Star Trek Panic',to_date('20/04/09','RR/MM/DD'),to_date('20/04/09','RR/MM/DD'),0,0,1,6,90,2016,0,0,0,0,0,0,0,0,0,'https://cf.geekdo-images.com/original/img/LB5sNdoZydfo5GfKEcuQMcNlugo=/0x0/pic2887923.jpg','https://cf.geekdo-images.com/thumb/img/ZTxrAuhsNs50SoolcZtYMytsdYc=/fit-in/200x150/pic2887923.jpg',null);
Insert into DB_SAWEE.GAME (G_NO,G_NAME,G_WRITTEN_DATE,G_UPDATED_DATE,G_HIT,G_RECOMMEND_NUM,G_MIN,G_MAX,G_PLAYTIME,G_RELEASE,G_LEVEL,G_RULETIME,G_LANG,G_INTER,G_THEME,G_REPLAY,G_ARTWORK,G_CONTENTS,G_NUM,G_IMAGE,G_THUMBNAIL,G_NAME_KOR) values (434,'Star Trek: Catan',to_date('20/04/09','RR/MM/DD'),to_date('20/04/09','RR/MM/DD'),0,0,3,4,75,2012,0,0,0,0,0,0,0,0,0,'https://cf.geekdo-images.com/original/img/I4pKss-jiTraGPeIMfGJr6OKpe8=/0x0/pic4528659.jpg','https://cf.geekdo-images.com/thumb/img/FDMJVegAYI0WnuijlgAgdifM5gg=/fit-in/200x150/pic4528659.jpg',null);
Insert into DB_SAWEE.GAME (G_NO,G_NAME,G_WRITTEN_DATE,G_UPDATED_DATE,G_HIT,G_RECOMMEND_NUM,G_MIN,G_MAX,G_PLAYTIME,G_RELEASE,G_LEVEL,G_RULETIME,G_LANG,G_INTER,G_THEME,G_REPLAY,G_ARTWORK,G_CONTENTS,G_NUM,G_IMAGE,G_THUMBNAIL,G_NAME_KOR) values (435,'Star Trek: Expeditions',to_date('20/04/09','RR/MM/DD'),to_date('20/04/09','RR/MM/DD'),0,0,1,4,60,2011,0,0,0,0,0,0,0,0,0,'https://cf.geekdo-images.com/original/img/bYE6G4HhyEywlKwQU8UEsYQsKmc=/0x0/pic1021598.jpg','https://cf.geekdo-images.com/thumb/img/uEskBygrsA9GugDtZ6sz_5vVE-A=/fit-in/200x150/pic1021598.jpg',null);
Insert into DB_SAWEE.GAME (G_NO,G_NAME,G_WRITTEN_DATE,G_UPDATED_DATE,G_HIT,G_RECOMMEND_NUM,G_MIN,G_MAX,G_PLAYTIME,G_RELEASE,G_LEVEL,G_RULETIME,G_LANG,G_INTER,G_THEME,G_REPLAY,G_ARTWORK,G_CONTENTS,G_NUM,G_IMAGE,G_THUMBNAIL,G_NAME_KOR) values (436,'Star Trek: Expeditions – Expansion Set',to_date('20/04/09','RR/MM/DD'),to_date('20/04/09','RR/MM/DD'),0,0,1,5,60,2012,0,0,0,0,0,0,0,0,0,'https://cf.geekdo-images.com/original/img/7vxjQDhGtZwM-elfnXo36DKorxQ=/0x0/pic1523049.jpg','https://cf.geekdo-images.com/thumb/img/yxfrqHMHGYnrxCEc2RE_j-GvJs8=/fit-in/200x150/pic1523049.jpg',null);
Insert into DB_SAWEE.GAME (G_NO,G_NAME,G_WRITTEN_DATE,G_UPDATED_DATE,G_HIT,G_RECOMMEND_NUM,G_MIN,G_MAX,G_PLAYTIME,G_RELEASE,G_LEVEL,G_RULETIME,G_LANG,G_INTER,G_THEME,G_REPLAY,G_ARTWORK,G_CONTENTS,G_NUM,G_IMAGE,G_THUMBNAIL,G_NAME_KOR) values (437,'Star Trek: Fleet Captains',to_date('20/04/09','RR/MM/DD'),to_date('20/04/09','RR/MM/DD'),0,0,2,4,120,2011,0,0,0,0,0,0,0,0,0,'https://cf.geekdo-images.com/original/img/hVIKp6ek8yYRdmxZXfweUU37cMs=/0x0/pic1081488.jpg','https://cf.geekdo-images.com/thumb/img/zGTjJKjmoSD3o6ijqcoedDPHW_c=/fit-in/200x150/pic1081488.jpg',null);
Insert into DB_SAWEE.GAME (G_NO,G_NAME,G_WRITTEN_DATE,G_UPDATED_DATE,G_HIT,G_RECOMMEND_NUM,G_MIN,G_MAX,G_PLAYTIME,G_RELEASE,G_LEVEL,G_RULETIME,G_LANG,G_INTER,G_THEME,G_REPLAY,G_ARTWORK,G_CONTENTS,G_NUM,G_IMAGE,G_THUMBNAIL,G_NAME_KOR) values (438,'Star Trek: Frontiers',to_date('20/04/09','RR/MM/DD'),to_date('20/04/09','RR/MM/DD'),0,0,1,4,240,2016,0,0,0,0,0,0,0,0,0,'https://cf.geekdo-images.com/original/img/5eEQnpTCPfVDG-IXR3YqoouVIVg=/0x0/pic3008535.jpg','https://cf.geekdo-images.com/thumb/img/ZopGDFL9yy14fuJOVeJK4Qe7pS4=/fit-in/200x150/pic3008535.jpg',null);
Insert into DB_SAWEE.GAME (G_NO,G_NAME,G_WRITTEN_DATE,G_UPDATED_DATE,G_HIT,G_RECOMMEND_NUM,G_MIN,G_MAX,G_PLAYTIME,G_RELEASE,G_LEVEL,G_RULETIME,G_LANG,G_INTER,G_THEME,G_REPLAY,G_ARTWORK,G_CONTENTS,G_NUM,G_IMAGE,G_THUMBNAIL,G_NAME_KOR) values (439,'Starfighter',to_date('20/04/09','RR/MM/DD'),to_date('20/04/09','RR/MM/DD'),0,0,2,2,30,2015,0,0,0,0,0,0,0,0,0,'https://cf.geekdo-images.com/original/img/tVuHplEbn9lQnl_l-JWHFD_WKAw=/0x0/pic2628590.jpg','https://cf.geekdo-images.com/thumb/img/-BIyC75_Va5pIshjxXyHdvIfJx4=/fit-in/200x150/pic2628590.jpg',null);
Insert into DB_SAWEE.GAME (G_NO,G_NAME,G_WRITTEN_DATE,G_UPDATED_DATE,G_HIT,G_RECOMMEND_NUM,G_MIN,G_MAX,G_PLAYTIME,G_RELEASE,G_LEVEL,G_RULETIME,G_LANG,G_INTER,G_THEME,G_REPLAY,G_ARTWORK,G_CONTENTS,G_NUM,G_IMAGE,G_THUMBNAIL,G_NAME_KOR) values (440,'Steampunk Rally',to_date('20/04/09','RR/MM/DD'),to_date('20/04/09','RR/MM/DD'),0,0,2,8,60,2015,0,0,0,0,0,0,0,0,0,'https://cf.geekdo-images.com/original/img/IES-u9aBUVz1mPixKeQv5df3V6Y=/0x0/pic2073821.jpg','https://cf.geekdo-images.com/thumb/img/zCHrtk5frNP7BIqnMklVReL9BP4=/fit-in/200x150/pic2073821.jpg',null);
Insert into DB_SAWEE.GAME (G_NO,G_NAME,G_WRITTEN_DATE,G_UPDATED_DATE,G_HIT,G_RECOMMEND_NUM,G_MIN,G_MAX,G_PLAYTIME,G_RELEASE,G_LEVEL,G_RULETIME,G_LANG,G_INTER,G_THEME,G_REPLAY,G_ARTWORK,G_CONTENTS,G_NUM,G_IMAGE,G_THUMBNAIL,G_NAME_KOR) values (441,'Stockpile',to_date('20/04/09','RR/MM/DD'),to_date('20/04/09','RR/MM/DD'),0,0,2,5,45,2015,0,0,0,0,0,0,0,0,0,'https://cf.geekdo-images.com/original/img/8cAEMIcbIiJtdiUh8xVzWFteO3M=/0x0/pic2537618.jpg','https://cf.geekdo-images.com/thumb/img/QWe7CSk58qXmLJt8zWBgmvEcHw8=/fit-in/200x150/pic2537618.jpg',null);
Insert into DB_SAWEE.GAME (G_NO,G_NAME,G_WRITTEN_DATE,G_UPDATED_DATE,G_HIT,G_RECOMMEND_NUM,G_MIN,G_MAX,G_PLAYTIME,G_RELEASE,G_LEVEL,G_RULETIME,G_LANG,G_INTER,G_THEME,G_REPLAY,G_ARTWORK,G_CONTENTS,G_NUM,G_IMAGE,G_THUMBNAIL,G_NAME_KOR) values (389,'Roll Through the Ages: The Iron Age',to_date('20/04/09','RR/MM/DD'),to_date('20/04/09','RR/MM/DD'),0,0,1,4,60,2014,0,0,0,0,0,0,0,0,0,'https://cf.geekdo-images.com/original/img/rZL-u3Fv48eGl36Kk0_deFTzUS0=/0x0/pic1840147.jpg','https://cf.geekdo-images.com/thumb/img/Dm7R-588K5TBmstwgUufaBN7Qjg=/fit-in/200x150/pic1840147.jpg',null);
Insert into DB_SAWEE.GAME (G_NO,G_NAME,G_WRITTEN_DATE,G_UPDATED_DATE,G_HIT,G_RECOMMEND_NUM,G_MIN,G_MAX,G_PLAYTIME,G_RELEASE,G_LEVEL,G_RULETIME,G_LANG,G_INTER,G_THEME,G_REPLAY,G_ARTWORK,G_CONTENTS,G_NUM,G_IMAGE,G_THUMBNAIL,G_NAME_KOR) values (390,'Romance of the Nine Empires',to_date('20/04/09','RR/MM/DD'),to_date('20/04/09','RR/MM/DD'),0,0,2,5,45,2013,0,0,0,0,0,0,0,0,0,'https://cf.geekdo-images.com/original/img/kAm2QOD-xIZ_Z88LUZVaJZ6hZXg=/0x0/pic1683905.jpg','https://cf.geekdo-images.com/thumb/img/QPFx4YsUDy2nIwOmD4KQF9SHCP0=/fit-in/200x150/pic1683905.jpg',null);
Insert into DB_SAWEE.GAME (G_NO,G_NAME,G_WRITTEN_DATE,G_UPDATED_DATE,G_HIT,G_RECOMMEND_NUM,G_MIN,G_MAX,G_PLAYTIME,G_RELEASE,G_LEVEL,G_RULETIME,G_LANG,G_INTER,G_THEME,G_REPLAY,G_ARTWORK,G_CONTENTS,G_NUM,G_IMAGE,G_THUMBNAIL,G_NAME_KOR) values (391,'Run, Fight, or Die!',to_date('20/04/09','RR/MM/DD'),to_date('20/04/09','RR/MM/DD'),0,0,1,4,40,2014,0,0,0,0,0,0,0,0,0,'https://cf.geekdo-images.com/original/img/pHvV_ql-2UBXpJYutpn8igHiOik=/0x0/pic2039968.jpg','https://cf.geekdo-images.com/thumb/img/cVXrp30-NMNMW-wsg-aG6m7aWtU=/fit-in/200x150/pic2039968.jpg',null);
Insert into DB_SAWEE.GAME (G_NO,G_NAME,G_WRITTEN_DATE,G_UPDATED_DATE,G_HIT,G_RECOMMEND_NUM,G_MIN,G_MAX,G_PLAYTIME,G_RELEASE,G_LEVEL,G_RULETIME,G_LANG,G_INTER,G_THEME,G_REPLAY,G_ARTWORK,G_CONTENTS,G_NUM,G_IMAGE,G_THUMBNAIL,G_NAME_KOR) values (392,'Russian Railroads',to_date('20/04/09','RR/MM/DD'),to_date('20/04/09','RR/MM/DD'),0,0,2,4,120,2013,0,0,0,0,0,0,0,0,0,'https://cf.geekdo-images.com/original/img/QgRFOE3J6RK3ZfJk2qa3Xbgl0GY=/0x0/pic1772936.jpg','https://cf.geekdo-images.com/thumb/img/gQy2n70lajyjsXzaBY6vWrK4z8c=/fit-in/200x150/pic1772936.jpg',null);
Insert into DB_SAWEE.GAME (G_NO,G_NAME,G_WRITTEN_DATE,G_UPDATED_DATE,G_HIT,G_RECOMMEND_NUM,G_MIN,G_MAX,G_PLAYTIME,G_RELEASE,G_LEVEL,G_RULETIME,G_LANG,G_INTER,G_THEME,G_REPLAY,G_ARTWORK,G_CONTENTS,G_NUM,G_IMAGE,G_THUMBNAIL,G_NAME_KOR) values (393,'Saboteur',to_date('20/04/09','RR/MM/DD'),to_date('20/04/09','RR/MM/DD'),0,0,3,10,30,2004,0,0,0,0,0,0,0,0,0,'https://cf.geekdo-images.com/original/img/jhL_ucB9VxMroXQc5Zx0oGstH2U=/0x0/pic3989824.jpg','https://cf.geekdo-images.com/thumb/img/G3hBcPutljcUb7_JSG9sNDJ4ZRY=/fit-in/200x150/pic3989824.jpg',null);
Insert into DB_SAWEE.GAME (G_NO,G_NAME,G_WRITTEN_DATE,G_UPDATED_DATE,G_HIT,G_RECOMMEND_NUM,G_MIN,G_MAX,G_PLAYTIME,G_RELEASE,G_LEVEL,G_RULETIME,G_LANG,G_INTER,G_THEME,G_REPLAY,G_ARTWORK,G_CONTENTS,G_NUM,G_IMAGE,G_THUMBNAIL,G_NAME_KOR) values (394,'Saboteur 2',to_date('20/04/09','RR/MM/DD'),to_date('20/04/09','RR/MM/DD'),0,0,2,12,45,2011,0,0,0,0,0,0,0,0,0,'https://cf.geekdo-images.com/original/img/P49caM5pKgxLwgYxBn-0e3ZNjt0=/0x0/pic3989507.png','https://cf.geekdo-images.com/thumb/img/JfSKy6uwzYv1nyTROo4VOJ65y7E=/fit-in/200x150/pic3989507.png',null);
Insert into DB_SAWEE.GAME (G_NO,G_NAME,G_WRITTEN_DATE,G_UPDATED_DATE,G_HIT,G_RECOMMEND_NUM,G_MIN,G_MAX,G_PLAYTIME,G_RELEASE,G_LEVEL,G_RULETIME,G_LANG,G_INTER,G_THEME,G_REPLAY,G_ARTWORK,G_CONTENTS,G_NUM,G_IMAGE,G_THUMBNAIL,G_NAME_KOR) values (395,'Sail to India',to_date('20/04/09','RR/MM/DD'),to_date('20/04/09','RR/MM/DD'),0,0,3,4,60,2013,0,0,0,0,0,0,0,0,0,'https://cf.geekdo-images.com/original/img/SgbHwa7UI0_eVQ2i3d_FEnNud0g=/0x0/pic1756958.jpg','https://cf.geekdo-images.com/thumb/img/xeqLzCovUB5SvDaZY24NQW8GLWc=/fit-in/200x150/pic1756958.jpg',null);
Insert into DB_SAWEE.GAME (G_NO,G_NAME,G_WRITTEN_DATE,G_UPDATED_DATE,G_HIT,G_RECOMMEND_NUM,G_MIN,G_MAX,G_PLAYTIME,G_RELEASE,G_LEVEL,G_RULETIME,G_LANG,G_INTER,G_THEME,G_REPLAY,G_ARTWORK,G_CONTENTS,G_NUM,G_IMAGE,G_THUMBNAIL,G_NAME_KOR) values (396,'Samurai',to_date('20/04/09','RR/MM/DD'),to_date('20/04/09','RR/MM/DD'),0,0,2,4,60,2015,0,0,0,0,0,0,0,0,0,'https://cf.geekdo-images.com/original/img/mPS50ts53753q5-kb5vWbTDN8Z0=/0x0/pic3211873.jpg','https://cf.geekdo-images.com/thumb/img/BOzp5hzTDSHjXf0yijvREDXxQos=/fit-in/200x150/pic3211873.jpg',null);
Insert into DB_SAWEE.GAME (G_NO,G_NAME,G_WRITTEN_DATE,G_UPDATED_DATE,G_HIT,G_RECOMMEND_NUM,G_MIN,G_MAX,G_PLAYTIME,G_RELEASE,G_LEVEL,G_RULETIME,G_LANG,G_INTER,G_THEME,G_REPLAY,G_ARTWORK,G_CONTENTS,G_NUM,G_IMAGE,G_THUMBNAIL,G_NAME_KOR) values (397,'Schotten Totten',to_date('20/04/09','RR/MM/DD'),to_date('20/04/09','RR/MM/DD'),0,0,2,2,20,1999,0,0,0,0,0,0,0,0,0,'https://cf.geekdo-images.com/original/img/AGu9cA6dK9POOBnE07f935TSTLQ=/0x0/pic2932872.jpg','https://cf.geekdo-images.com/thumb/img/OQR_JpMBvXzmvOV4KbO_iDVV6_8=/fit-in/200x150/pic2932872.jpg',null);
Insert into DB_SAWEE.GAME (G_NO,G_NAME,G_WRITTEN_DATE,G_UPDATED_DATE,G_HIT,G_RECOMMEND_NUM,G_MIN,G_MAX,G_PLAYTIME,G_RELEASE,G_LEVEL,G_RULETIME,G_LANG,G_INTER,G_THEME,G_REPLAY,G_ARTWORK,G_CONTENTS,G_NUM,G_IMAGE,G_THUMBNAIL,G_NAME_KOR) values (398,'Scoville',to_date('20/04/09','RR/MM/DD'),to_date('20/04/09','RR/MM/DD'),0,0,2,6,90,2014,0,0,0,0,0,0,0,0,0,'https://cf.geekdo-images.com/original/img/eksuZRUexg40DnFbPuNE5pvPxXA=/0x0/pic1903464.jpg','https://cf.geekdo-images.com/thumb/img/Wpoc45CnkUyWQS9GZsWbIklF_3w=/fit-in/200x150/pic1903464.jpg',null);
Insert into DB_SAWEE.GAME (G_NO,G_NAME,G_WRITTEN_DATE,G_UPDATED_DATE,G_HIT,G_RECOMMEND_NUM,G_MIN,G_MAX,G_PLAYTIME,G_RELEASE,G_LEVEL,G_RULETIME,G_LANG,G_INTER,G_THEME,G_REPLAY,G_ARTWORK,G_CONTENTS,G_NUM,G_IMAGE,G_THUMBNAIL,G_NAME_KOR) values (399,'Scythe',to_date('20/04/09','RR/MM/DD'),to_date('20/04/09','RR/MM/DD'),0,0,1,5,115,2016,0,0,0,0,0,0,0,0,0,'https://cf.geekdo-images.com/original/img/enxCZt0Cn78-rlvmPvGtOej1ios=/0x0/pic3163924.jpg','https://cf.geekdo-images.com/thumb/img/ZpuWhZuKrFry__SY8CTRuQp35rk=/fit-in/200x150/pic3163924.jpg',null);
Insert into DB_SAWEE.GAME (G_NO,G_NAME,G_WRITTEN_DATE,G_UPDATED_DATE,G_HIT,G_RECOMMEND_NUM,G_MIN,G_MAX,G_PLAYTIME,G_RELEASE,G_LEVEL,G_RULETIME,G_LANG,G_INTER,G_THEME,G_REPLAY,G_ARTWORK,G_CONTENTS,G_NUM,G_IMAGE,G_THUMBNAIL,G_NAME_KOR) values (400,'Seasons',to_date('20/04/09','RR/MM/DD'),to_date('20/04/09','RR/MM/DD'),0,0,2,4,60,2012,0,0,0,0,0,0,0,0,0,'https://cf.geekdo-images.com/original/img/KIQ10GbCcfxPNQKUOMWEMVKA9Ao=/0x0/pic1299390.jpg','https://cf.geekdo-images.com/thumb/img/TC3PSimD_9eYhEhQ-fNzAy6Xdpo=/fit-in/200x150/pic1299390.jpg',null);
Insert into DB_SAWEE.GAME (G_NO,G_NAME,G_WRITTEN_DATE,G_UPDATED_DATE,G_HIT,G_RECOMMEND_NUM,G_MIN,G_MAX,G_PLAYTIME,G_RELEASE,G_LEVEL,G_RULETIME,G_LANG,G_INTER,G_THEME,G_REPLAY,G_ARTWORK,G_CONTENTS,G_NUM,G_IMAGE,G_THUMBNAIL,G_NAME_KOR) values (401,'Secret Hitler',to_date('20/04/09','RR/MM/DD'),to_date('20/04/09','RR/MM/DD'),0,0,5,10,45,2016,0,0,0,0,0,0,0,0,0,'https://cf.geekdo-images.com/original/img/XB4NTIrGp1HTtP_vxW7gNvwXqWk=/0x0/pic5164305.jpg','https://cf.geekdo-images.com/thumb/img/cF_reCqD9G0zOv9rUwhkNRc7GAQ=/fit-in/200x150/pic5164305.jpg',null);
Insert into DB_SAWEE.GAME (G_NO,G_NAME,G_WRITTEN_DATE,G_UPDATED_DATE,G_HIT,G_RECOMMEND_NUM,G_MIN,G_MAX,G_PLAYTIME,G_RELEASE,G_LEVEL,G_RULETIME,G_LANG,G_INTER,G_THEME,G_REPLAY,G_ARTWORK,G_CONTENTS,G_NUM,G_IMAGE,G_THUMBNAIL,G_NAME_KOR) values (402,'Shadow Hunters',to_date('20/04/09','RR/MM/DD'),to_date('20/04/09','RR/MM/DD'),0,0,4,8,60,2005,0,0,0,0,0,0,0,0,0,'https://cf.geekdo-images.com/original/img/3mPh8j7VztH-s2G1yU6sY10Ln60=/0x0/pic1215982.jpg','https://cf.geekdo-images.com/thumb/img/lxu7ERfDt2gzEka-LqR7YvjAdJk=/fit-in/200x150/pic1215982.jpg',null);
Insert into DB_SAWEE.GAME (G_NO,G_NAME,G_WRITTEN_DATE,G_UPDATED_DATE,G_HIT,G_RECOMMEND_NUM,G_MIN,G_MAX,G_PLAYTIME,G_RELEASE,G_LEVEL,G_RULETIME,G_LANG,G_INTER,G_THEME,G_REPLAY,G_ARTWORK,G_CONTENTS,G_NUM,G_IMAGE,G_THUMBNAIL,G_NAME_KOR) values (403,'Shadowrift',to_date('20/04/09','RR/MM/DD'),to_date('20/04/09','RR/MM/DD'),0,0,1,6,120,2012,0,0,0,0,0,0,0,0,0,'https://cf.geekdo-images.com/original/img/1vWDgKN6Rbp_DQkZGKEnYi_wJAM=/0x0/pic2570089.jpg','https://cf.geekdo-images.com/thumb/img/kwTbXSJT2X-4SIGIZ_iCNcZZul0=/fit-in/200x150/pic2570089.jpg',null);
Insert into DB_SAWEE.GAME (G_NO,G_NAME,G_WRITTEN_DATE,G_UPDATED_DATE,G_HIT,G_RECOMMEND_NUM,G_MIN,G_MAX,G_PLAYTIME,G_RELEASE,G_LEVEL,G_RULETIME,G_LANG,G_INTER,G_THEME,G_REPLAY,G_ARTWORK,G_CONTENTS,G_NUM,G_IMAGE,G_THUMBNAIL,G_NAME_KOR) values (404,'Shadowrift: Archfiends',to_date('20/04/09','RR/MM/DD'),to_date('20/04/09','RR/MM/DD'),0,0,1,6,45,2015,0,0,0,0,0,0,0,0,0,'https://cf.geekdo-images.com/original/img/EmmF1YPak1aRAofw88VVKhz9jfQ=/0x0/pic1903394.jpg','https://cf.geekdo-images.com/thumb/img/eNPfGZbHEYIOoU3U8A9RhTgqUA8=/fit-in/200x150/pic1903394.jpg',null);
Insert into DB_SAWEE.GAME (G_NO,G_NAME,G_WRITTEN_DATE,G_UPDATED_DATE,G_HIT,G_RECOMMEND_NUM,G_MIN,G_MAX,G_PLAYTIME,G_RELEASE,G_LEVEL,G_RULETIME,G_LANG,G_INTER,G_THEME,G_REPLAY,G_ARTWORK,G_CONTENTS,G_NUM,G_IMAGE,G_THUMBNAIL,G_NAME_KOR) values (405,'Shadowrun: Crossfire',to_date('20/04/09','RR/MM/DD'),to_date('20/04/09','RR/MM/DD'),0,0,1,4,60,2014,0,0,0,0,0,0,0,0,0,'https://cf.geekdo-images.com/original/img/_FvtZVmPzGL-M-zAUfNXcYKxYiQ=/0x0/pic2060466.jpg','https://cf.geekdo-images.com/thumb/img/C2R9PO0PjHB_gmH-Avwd3d0ZOf8=/fit-in/200x150/pic2060466.jpg',null);
Insert into DB_SAWEE.GAME (G_NO,G_NAME,G_WRITTEN_DATE,G_UPDATED_DATE,G_HIT,G_RECOMMEND_NUM,G_MIN,G_MAX,G_PLAYTIME,G_RELEASE,G_LEVEL,G_RULETIME,G_LANG,G_INTER,G_THEME,G_REPLAY,G_ARTWORK,G_CONTENTS,G_NUM,G_IMAGE,G_THUMBNAIL,G_NAME_KOR) values (406,'Sheriff of Nottingham',to_date('20/04/09','RR/MM/DD'),to_date('20/04/09','RR/MM/DD'),0,0,3,5,60,2014,0,0,0,0,0,0,0,0,0,'https://cf.geekdo-images.com/original/img/LhRnbdwJ77VnRI_yQg2ZFiwEq1E=/0x0/pic2075830.jpg','https://cf.geekdo-images.com/thumb/img/18ToCY0hvajoDtgqXaB6T7inL8Y=/fit-in/200x150/pic2075830.jpg',null);
Insert into DB_SAWEE.GAME (G_NO,G_NAME,G_WRITTEN_DATE,G_UPDATED_DATE,G_HIT,G_RECOMMEND_NUM,G_MIN,G_MAX,G_PLAYTIME,G_RELEASE,G_LEVEL,G_RULETIME,G_LANG,G_INTER,G_THEME,G_REPLAY,G_ARTWORK,G_CONTENTS,G_NUM,G_IMAGE,G_THUMBNAIL,G_NAME_KOR) values (407,'Sherlock Holmes Consulting Detective: The Thames Murders & Other Cases',to_date('20/04/09','RR/MM/DD'),to_date('20/04/09','RR/MM/DD'),0,0,1,8,120,1981,0,0,0,0,0,0,0,0,0,'https://cf.geekdo-images.com/original/img/e0abWKqZdzwxb0Keyxjf-Y5sZsw=/0x0/pic3514298.jpg','https://cf.geekdo-images.com/thumb/img/wbBjlSJodaCuoGAiQAsmnkDEuQA=/fit-in/200x150/pic3514298.jpg',null);
Insert into DB_SAWEE.GAME (G_NO,G_NAME,G_WRITTEN_DATE,G_UPDATED_DATE,G_HIT,G_RECOMMEND_NUM,G_MIN,G_MAX,G_PLAYTIME,G_RELEASE,G_LEVEL,G_RULETIME,G_LANG,G_INTER,G_THEME,G_REPLAY,G_ARTWORK,G_CONTENTS,G_NUM,G_IMAGE,G_THUMBNAIL,G_NAME_KOR) values (408,'Ships',to_date('20/04/09','RR/MM/DD'),to_date('20/04/09','RR/MM/DD'),0,0,2,4,120,2015,0,0,0,0,0,0,0,0,0,'https://cf.geekdo-images.com/original/img/p5p4EBbHiZFInawf0FK4GEFFzcQ=/0x0/pic2721731.jpg','https://cf.geekdo-images.com/thumb/img/oAUOmOhijeTkB0kRob2DCygl7ec=/fit-in/200x150/pic2721731.jpg',null);
Insert into DB_SAWEE.GAME (G_NO,G_NAME,G_WRITTEN_DATE,G_UPDATED_DATE,G_HIT,G_RECOMMEND_NUM,G_MIN,G_MAX,G_PLAYTIME,G_RELEASE,G_LEVEL,G_RULETIME,G_LANG,G_INTER,G_THEME,G_REPLAY,G_ARTWORK,G_CONTENTS,G_NUM,G_IMAGE,G_THUMBNAIL,G_NAME_KOR) values (409,'Signorie',to_date('20/04/09','RR/MM/DD'),to_date('20/04/09','RR/MM/DD'),0,0,2,4,120,2015,0,0,0,0,0,0,0,0,0,'https://cf.geekdo-images.com/original/img/FOqwMQqsXUmA3Ru5KuVhqss9w8Q=/0x0/pic2684003.jpg','https://cf.geekdo-images.com/thumb/img/9Gsp8xRsNF86cIsgCU8Lqe9trH8=/fit-in/200x150/pic2684003.jpg',null);
Insert into DB_SAWEE.GAME (G_NO,G_NAME,G_WRITTEN_DATE,G_UPDATED_DATE,G_HIT,G_RECOMMEND_NUM,G_MIN,G_MAX,G_PLAYTIME,G_RELEASE,G_LEVEL,G_RULETIME,G_LANG,G_INTER,G_THEME,G_REPLAY,G_ARTWORK,G_CONTENTS,G_NUM,G_IMAGE,G_THUMBNAIL,G_NAME_KOR) values (410,'San Juan',to_date('20/04/09','RR/MM/DD'),to_date('20/04/09','RR/MM/DD'),0,0,2,4,60,2004,0,0,0,0,0,0,0,0,0,'https://cf.geekdo-images.com/original/img/FPl9jlozK3-QIbkWtK-RAE34Nr0=/0x0/pic174174.jpg','https://cf.geekdo-images.com/thumb/img/hQY32VlhXKFW61iyvbTsIv_MuDI=/fit-in/200x150/pic174174.jpg',null);
Insert into DB_SAWEE.GAME (G_NO,G_NAME,G_WRITTEN_DATE,G_UPDATED_DATE,G_HIT,G_RECOMMEND_NUM,G_MIN,G_MAX,G_PLAYTIME,G_RELEASE,G_LEVEL,G_RULETIME,G_LANG,G_INTER,G_THEME,G_REPLAY,G_ARTWORK,G_CONTENTS,G_NUM,G_IMAGE,G_THUMBNAIL,G_NAME_KOR) values (411,'Smash Up',to_date('20/04/09','RR/MM/DD'),to_date('20/04/09','RR/MM/DD'),0,0,2,4,45,2012,0,0,0,0,0,0,0,0,0,'https://cf.geekdo-images.com/original/img/OS_VOWW91RutPZMh-uFK0CD4Nnw=/0x0/pic1269874.jpg','https://cf.geekdo-images.com/thumb/img/7FU2Q8DP1D5OcJPzLHST0T3zRxA=/fit-in/200x150/pic1269874.jpg',null);
Insert into DB_SAWEE.GAME (G_NO,G_NAME,G_WRITTEN_DATE,G_UPDATED_DATE,G_HIT,G_RECOMMEND_NUM,G_MIN,G_MAX,G_PLAYTIME,G_RELEASE,G_LEVEL,G_RULETIME,G_LANG,G_INTER,G_THEME,G_REPLAY,G_ARTWORK,G_CONTENTS,G_NUM,G_IMAGE,G_THUMBNAIL,G_NAME_KOR) values (412,'Smash Up: Monster Smash',to_date('20/04/09','RR/MM/DD'),to_date('20/04/09','RR/MM/DD'),0,0,2,2,45,2014,0,0,0,0,0,0,0,0,0,'https://cf.geekdo-images.com/original/img/RRqDxfLH_GlA1R1G7a7QKQfBCyU=/0x0/pic2038798.jpg','https://cf.geekdo-images.com/thumb/img/rr-BVRHfnM9QZ8pfovHgO3RwgRQ=/fit-in/200x150/pic2038798.jpg',null);
Insert into DB_SAWEE.GAME (G_NO,G_NAME,G_WRITTEN_DATE,G_UPDATED_DATE,G_HIT,G_RECOMMEND_NUM,G_MIN,G_MAX,G_PLAYTIME,G_RELEASE,G_LEVEL,G_RULETIME,G_LANG,G_INTER,G_THEME,G_REPLAY,G_ARTWORK,G_CONTENTS,G_NUM,G_IMAGE,G_THUMBNAIL,G_NAME_KOR) values (413,'Smash Up: Science Fiction Double Feature',to_date('20/04/09','RR/MM/DD'),to_date('20/04/09','RR/MM/DD'),0,0,2,2,45,2014,0,0,0,0,0,0,0,0,0,'https://cf.geekdo-images.com/original/img/ubxYsHJ4yw5Pbb7chP8YWp3q--Q=/0x0/pic1857661.jpg','https://cf.geekdo-images.com/thumb/img/ZShNh4Jl-7Q3v3f3tbo6BkyYIzI=/fit-in/200x150/pic1857661.jpg',null);
Insert into DB_SAWEE.GAME (G_NO,G_NAME,G_WRITTEN_DATE,G_UPDATED_DATE,G_HIT,G_RECOMMEND_NUM,G_MIN,G_MAX,G_PLAYTIME,G_RELEASE,G_LEVEL,G_RULETIME,G_LANG,G_INTER,G_THEME,G_REPLAY,G_ARTWORK,G_CONTENTS,G_NUM,G_IMAGE,G_THUMBNAIL,G_NAME_KOR) values (414,'Smash Up: The Big Geeky Box',to_date('20/04/09','RR/MM/DD'),to_date('20/04/09','RR/MM/DD'),0,0,2,4,45,2014,0,0,0,0,0,0,0,0,0,'https://cf.geekdo-images.com/original/img/ljVmLmIr6Dckz9ZAHqLFqgChXTg=/0x0/pic1987355.jpg','https://cf.geekdo-images.com/thumb/img/r5PxbCHAvL8gZ35m3856PEdv_WM=/fit-in/200x150/pic1987355.jpg',null);
Insert into DB_SAWEE.GAME (G_NO,G_NAME,G_WRITTEN_DATE,G_UPDATED_DATE,G_HIT,G_RECOMMEND_NUM,G_MIN,G_MAX,G_PLAYTIME,G_RELEASE,G_LEVEL,G_RULETIME,G_LANG,G_INTER,G_THEME,G_REPLAY,G_ARTWORK,G_CONTENTS,G_NUM,G_IMAGE,G_THUMBNAIL,G_NAME_KOR) values (415,'Snow Tails',to_date('20/04/09','RR/MM/DD'),to_date('20/04/09','RR/MM/DD'),0,0,2,5,60,2008,0,0,0,0,0,0,0,0,0,'https://cf.geekdo-images.com/original/img/DeEuRqzid-CalItOhAGHGYL2b_E=/0x0/pic2574022.png','https://cf.geekdo-images.com/thumb/img/FPJFy-2uTuVIPMvmQA9tHTlCkiI=/fit-in/200x150/pic2574022.png',null);
Insert into DB_SAWEE.GAME (G_NO,G_NAME,G_WRITTEN_DATE,G_UPDATED_DATE,G_HIT,G_RECOMMEND_NUM,G_MIN,G_MAX,G_PLAYTIME,G_RELEASE,G_LEVEL,G_RULETIME,G_LANG,G_INTER,G_THEME,G_REPLAY,G_ARTWORK,G_CONTENTS,G_NUM,G_IMAGE,G_THUMBNAIL,G_NAME_KOR) values (363,'Puerto Rico',to_date('20/04/09','RR/MM/DD'),to_date('20/04/09','RR/MM/DD'),0,0,3,5,150,2002,0,0,0,0,0,0,0,0,0,'https://cf.geekdo-images.com/original/img/RvdWBkmDks7AN8sodR4PyVcponA=/0x0/pic158548.jpg','https://cf.geekdo-images.com/thumb/img/pYFq1WbW-LIQCvWCFxjQuDC-nho=/fit-in/200x150/pic158548.jpg',null);
Insert into DB_SAWEE.GAME (G_NO,G_NAME,G_WRITTEN_DATE,G_UPDATED_DATE,G_HIT,G_RECOMMEND_NUM,G_MIN,G_MAX,G_PLAYTIME,G_RELEASE,G_LEVEL,G_RULETIME,G_LANG,G_INTER,G_THEME,G_REPLAY,G_ARTWORK,G_CONTENTS,G_NUM,G_IMAGE,G_THUMBNAIL,G_NAME_KOR) values (364,'Puerto Rico: Expansion I – New Buildings',to_date('20/04/09','RR/MM/DD'),to_date('20/04/09','RR/MM/DD'),0,0,2,5,90,2004,0,0,0,0,0,0,0,0,0,'https://cf.geekdo-images.com/original/img/ARjRLITOVqLnaDCTeVkkro2jcY0=/0x0/pic182535.jpg','https://cf.geekdo-images.com/thumb/img/4GADKtp9oBCwexatY48RchVnzgU=/fit-in/200x150/pic182535.jpg',null);
Insert into DB_SAWEE.GAME (G_NO,G_NAME,G_WRITTEN_DATE,G_UPDATED_DATE,G_HIT,G_RECOMMEND_NUM,G_MIN,G_MAX,G_PLAYTIME,G_RELEASE,G_LEVEL,G_RULETIME,G_LANG,G_INTER,G_THEME,G_REPLAY,G_ARTWORK,G_CONTENTS,G_NUM,G_IMAGE,G_THUMBNAIL,G_NAME_KOR) values (365,'Quadropolis',to_date('20/04/09','RR/MM/DD'),to_date('20/04/09','RR/MM/DD'),0,0,2,4,60,2016,0,0,0,0,0,0,0,0,0,'https://cf.geekdo-images.com/original/img/0zD0P3JssKs0DRFSeR-7VQs1Z1E=/0x0/pic2840020.jpg','https://cf.geekdo-images.com/thumb/img/m9uWiYufHeYbiuSLNFdM6jQBDYo=/fit-in/200x150/pic2840020.jpg',null);
Insert into DB_SAWEE.GAME (G_NO,G_NAME,G_WRITTEN_DATE,G_UPDATED_DATE,G_HIT,G_RECOMMEND_NUM,G_MIN,G_MAX,G_PLAYTIME,G_RELEASE,G_LEVEL,G_RULETIME,G_LANG,G_INTER,G_THEME,G_REPLAY,G_ARTWORK,G_CONTENTS,G_NUM,G_IMAGE,G_THUMBNAIL,G_NAME_KOR) values (366,'Queen''s Architect',to_date('20/04/09','RR/MM/DD'),to_date('20/04/09','RR/MM/DD'),0,0,2,4,60,2015,0,0,0,0,0,0,0,0,0,'https://cf.geekdo-images.com/original/img/9pKV5Sxxpi80TJbLzR2Hmh_kR0E=/0x0/pic2448516.jpg','https://cf.geekdo-images.com/thumb/img/XTTIHo4FHhOMPcFLmNG9fUVC6pg=/fit-in/200x150/pic2448516.jpg',null);
Insert into DB_SAWEE.GAME (G_NO,G_NAME,G_WRITTEN_DATE,G_UPDATED_DATE,G_HIT,G_RECOMMEND_NUM,G_MIN,G_MAX,G_PLAYTIME,G_RELEASE,G_LEVEL,G_RULETIME,G_LANG,G_INTER,G_THEME,G_REPLAY,G_ARTWORK,G_CONTENTS,G_NUM,G_IMAGE,G_THUMBNAIL,G_NAME_KOR) values (367,'Qwirkle',to_date('20/04/09','RR/MM/DD'),to_date('20/04/09','RR/MM/DD'),0,0,2,4,45,2006,0,0,0,0,0,0,0,0,0,'https://cf.geekdo-images.com/original/img/FnLhG5NDbel24voh8nbdYXAYji0=/0x0/pic309353.jpg','https://cf.geekdo-images.com/thumb/img/clWvZBP-uXugwC4BnJUo5kdRxsU=/fit-in/200x150/pic309353.jpg',null);
Insert into DB_SAWEE.GAME (G_NO,G_NAME,G_WRITTEN_DATE,G_UPDATED_DATE,G_HIT,G_RECOMMEND_NUM,G_MIN,G_MAX,G_PLAYTIME,G_RELEASE,G_LEVEL,G_RULETIME,G_LANG,G_INTER,G_THEME,G_REPLAY,G_ARTWORK,G_CONTENTS,G_NUM,G_IMAGE,G_THUMBNAIL,G_NAME_KOR) values (368,'Ra: The Dice Game',to_date('20/04/09','RR/MM/DD'),to_date('20/04/09','RR/MM/DD'),0,0,2,4,45,2009,0,0,0,0,0,0,0,0,0,'https://cf.geekdo-images.com/original/img/QLIYK8Ch1Tm-rNLi7jYjxBg_rMk=/0x0/pic533845.jpg','https://cf.geekdo-images.com/thumb/img/85dPzSUhJEPqPjKkMpNs1ce_RmU=/fit-in/200x150/pic533845.jpg',null);
Insert into DB_SAWEE.GAME (G_NO,G_NAME,G_WRITTEN_DATE,G_UPDATED_DATE,G_HIT,G_RECOMMEND_NUM,G_MIN,G_MAX,G_PLAYTIME,G_RELEASE,G_LEVEL,G_RULETIME,G_LANG,G_INTER,G_THEME,G_REPLAY,G_ARTWORK,G_CONTENTS,G_NUM,G_IMAGE,G_THUMBNAIL,G_NAME_KOR) values (369,'Race for the Galaxy',to_date('20/04/09','RR/MM/DD'),to_date('20/04/09','RR/MM/DD'),0,0,2,4,60,2007,0,0,0,0,0,0,0,0,0,'https://cf.geekdo-images.com/original/img/-2F-mPR0ssTm2IAsMAvnZzR0dn4=/0x0/pic236327.jpg','https://cf.geekdo-images.com/thumb/img/rORrfB3lPWLRN_tfdDl_oSbzwyo=/fit-in/200x150/pic236327.jpg',null);
Insert into DB_SAWEE.GAME (G_NO,G_NAME,G_WRITTEN_DATE,G_UPDATED_DATE,G_HIT,G_RECOMMEND_NUM,G_MIN,G_MAX,G_PLAYTIME,G_RELEASE,G_LEVEL,G_RULETIME,G_LANG,G_INTER,G_THEME,G_REPLAY,G_ARTWORK,G_CONTENTS,G_NUM,G_IMAGE,G_THUMBNAIL,G_NAME_KOR) values (370,'Race for the Galaxy: Alien Artifacts',to_date('20/04/09','RR/MM/DD'),to_date('20/04/09','RR/MM/DD'),0,0,2,5,45,2013,0,0,0,0,0,0,0,0,0,'https://cf.geekdo-images.com/original/img/dJ7eKamDqnVRPbPBCJpHivnUxc4=/0x0/pic1839311.jpg','https://cf.geekdo-images.com/thumb/img/V4Ucckw1EBke6MhrMh3epbTuwA0=/fit-in/200x150/pic1839311.jpg',null);
Insert into DB_SAWEE.GAME (G_NO,G_NAME,G_WRITTEN_DATE,G_UPDATED_DATE,G_HIT,G_RECOMMEND_NUM,G_MIN,G_MAX,G_PLAYTIME,G_RELEASE,G_LEVEL,G_RULETIME,G_LANG,G_INTER,G_THEME,G_REPLAY,G_ARTWORK,G_CONTENTS,G_NUM,G_IMAGE,G_THUMBNAIL,G_NAME_KOR) values (371,'Race for the Galaxy: Rebel vs Imperium',to_date('20/04/09','RR/MM/DD'),to_date('20/04/09','RR/MM/DD'),0,0,1,6,60,2009,0,0,0,0,0,0,0,0,0,'https://cf.geekdo-images.com/original/img/9OZeA_17F5amuIZO2Gli7jwUWts=/0x0/pic445501.jpg','https://cf.geekdo-images.com/thumb/img/lN51T2ekSTWWjZL0uUuqFdCUKhM=/fit-in/200x150/pic445501.jpg',null);
Insert into DB_SAWEE.GAME (G_NO,G_NAME,G_WRITTEN_DATE,G_UPDATED_DATE,G_HIT,G_RECOMMEND_NUM,G_MIN,G_MAX,G_PLAYTIME,G_RELEASE,G_LEVEL,G_RULETIME,G_LANG,G_INTER,G_THEME,G_REPLAY,G_ARTWORK,G_CONTENTS,G_NUM,G_IMAGE,G_THUMBNAIL,G_NAME_KOR) values (372,'Race for the Galaxy: The Gathering Storm',to_date('20/04/09','RR/MM/DD'),to_date('20/04/09','RR/MM/DD'),0,0,1,5,60,2008,0,0,0,0,0,0,0,0,0,'https://cf.geekdo-images.com/original/img/sxU7KBOz6bF3861tkeJpyw4XalM=/0x0/pic376993.jpg','https://cf.geekdo-images.com/thumb/img/6NdLQNMTP1gVpLw6iv7LZTg90kY=/fit-in/200x150/pic376993.jpg',null);
Insert into DB_SAWEE.GAME (G_NO,G_NAME,G_WRITTEN_DATE,G_UPDATED_DATE,G_HIT,G_RECOMMEND_NUM,G_MIN,G_MAX,G_PLAYTIME,G_RELEASE,G_LEVEL,G_RULETIME,G_LANG,G_INTER,G_THEME,G_REPLAY,G_ARTWORK,G_CONTENTS,G_NUM,G_IMAGE,G_THUMBNAIL,G_NAME_KOR) values (373,'Race for the Galaxy: Xeno Invasion',to_date('20/04/09','RR/MM/DD'),to_date('20/04/09','RR/MM/DD'),0,0,2,5,60,2015,0,0,0,0,0,0,0,0,0,'https://cf.geekdo-images.com/original/img/UPTPQDuojL5SM_jlrrBtX8Y3H4k=/0x0/pic2682884.jpg','https://cf.geekdo-images.com/thumb/img/kqUpMsAvG3iTfyit70n4Ts5hAp4=/fit-in/200x150/pic2682884.jpg',null);
Insert into DB_SAWEE.GAME (G_NO,G_NAME,G_WRITTEN_DATE,G_UPDATED_DATE,G_HIT,G_RECOMMEND_NUM,G_MIN,G_MAX,G_PLAYTIME,G_RELEASE,G_LEVEL,G_RULETIME,G_LANG,G_INTER,G_THEME,G_REPLAY,G_ARTWORK,G_CONTENTS,G_NUM,G_IMAGE,G_THUMBNAIL,G_NAME_KOR) values (374,'Railways of Europe',to_date('20/04/09','RR/MM/DD'),to_date('20/04/09','RR/MM/DD'),0,0,2,5,120,2008,0,0,0,0,0,0,0,0,0,'https://cf.geekdo-images.com/original/img/mynkmMJLGDiaJsyEnp1U6SqZz0Y=/0x0/pic787500.jpg','https://cf.geekdo-images.com/thumb/img/V0tEJIqgLQZijc5EUC2aQEZMzFs=/fit-in/200x150/pic787500.jpg',null);
Insert into DB_SAWEE.GAME (G_NO,G_NAME,G_WRITTEN_DATE,G_UPDATED_DATE,G_HIT,G_RECOMMEND_NUM,G_MIN,G_MAX,G_PLAYTIME,G_RELEASE,G_LEVEL,G_RULETIME,G_LANG,G_INTER,G_THEME,G_REPLAY,G_ARTWORK,G_CONTENTS,G_NUM,G_IMAGE,G_THUMBNAIL,G_NAME_KOR) values (375,'Railways of the World',to_date('20/04/09','RR/MM/DD'),to_date('20/04/09','RR/MM/DD'),0,0,2,6,120,2005,0,0,0,0,0,0,0,0,0,'https://cf.geekdo-images.com/original/img/xeEMH5X0jBoXeY48Q5pE0JDOHP8=/0x0/pic3869603.jpg','https://cf.geekdo-images.com/thumb/img/kxjFY0569Y0-JEDkwa1MEkI012U=/fit-in/200x150/pic3869603.jpg',null);
Insert into DB_SAWEE.GAME (G_NO,G_NAME,G_WRITTEN_DATE,G_UPDATED_DATE,G_HIT,G_RECOMMEND_NUM,G_MIN,G_MAX,G_PLAYTIME,G_RELEASE,G_LEVEL,G_RULETIME,G_LANG,G_INTER,G_THEME,G_REPLAY,G_ARTWORK,G_CONTENTS,G_NUM,G_IMAGE,G_THUMBNAIL,G_NAME_KOR) values (376,'Railways of the World: Event Deck',to_date('20/04/09','RR/MM/DD'),to_date('20/04/09','RR/MM/DD'),0,0,2,6,120,2011,0,0,0,0,0,0,0,0,0,'https://cf.geekdo-images.com/original/img/4QqcisaFitle8tGEWU2DdCOsCjo=/0x0/pic2845787.jpg','https://cf.geekdo-images.com/thumb/img/6F0hwtfulS_YDvk62SDiGqvqx90=/fit-in/200x150/pic2845787.jpg',null);
Insert into DB_SAWEE.GAME (G_NO,G_NAME,G_WRITTEN_DATE,G_UPDATED_DATE,G_HIT,G_RECOMMEND_NUM,G_MIN,G_MAX,G_PLAYTIME,G_RELEASE,G_LEVEL,G_RULETIME,G_LANG,G_INTER,G_THEME,G_REPLAY,G_ARTWORK,G_CONTENTS,G_NUM,G_IMAGE,G_THUMBNAIL,G_NAME_KOR) values (377,'The Resistance',to_date('20/04/09','RR/MM/DD'),to_date('20/04/09','RR/MM/DD'),0,0,5,10,30,2009,0,0,0,0,0,0,0,0,0,'https://cf.geekdo-images.com/original/img/VDXFwn8wDc4yObdS5kUABZK6nhI=/0x0/pic2576459.jpg','https://cf.geekdo-images.com/thumb/img/TiLJY5V47pk3vvidXcfMoeUcRd8=/fit-in/200x150/pic2576459.jpg',null);
Insert into DB_SAWEE.GAME (G_NO,G_NAME,G_WRITTEN_DATE,G_UPDATED_DATE,G_HIT,G_RECOMMEND_NUM,G_MIN,G_MAX,G_PLAYTIME,G_RELEASE,G_LEVEL,G_RULETIME,G_LANG,G_INTER,G_THEME,G_REPLAY,G_ARTWORK,G_CONTENTS,G_NUM,G_IMAGE,G_THUMBNAIL,G_NAME_KOR) values (378,'The Resistance: Avalon',to_date('20/04/09','RR/MM/DD'),to_date('20/04/09','RR/MM/DD'),0,0,5,10,30,2012,0,0,0,0,0,0,0,0,0,'https://cf.geekdo-images.com/original/img/kFDTpCfe476T1bzZUtNAbGyIjNg=/0x0/pic1398895.jpg','https://cf.geekdo-images.com/thumb/img/rSivtcma94IGqMyHgzgfhjcyYDs=/fit-in/200x150/pic1398895.jpg',null);
Insert into DB_SAWEE.GAME (G_NO,G_NAME,G_WRITTEN_DATE,G_UPDATED_DATE,G_HIT,G_RECOMMEND_NUM,G_MIN,G_MAX,G_PLAYTIME,G_RELEASE,G_LEVEL,G_RULETIME,G_LANG,G_INTER,G_THEME,G_REPLAY,G_ARTWORK,G_CONTENTS,G_NUM,G_IMAGE,G_THUMBNAIL,G_NAME_KOR) values (379,'The Resistance: Hidden Agenda & Hostile Intent',to_date('20/04/09','RR/MM/DD'),to_date('20/04/09','RR/MM/DD'),0,0,5,10,30,2014,0,0,0,0,0,0,0,0,0,'https://cf.geekdo-images.com/original/img/4g70z0ME5PQfarB3RDWueICWYtA=/0x0/pic2243281.png','https://cf.geekdo-images.com/thumb/img/wL0sSayNebkDk4Ug450TGIS1KkY=/fit-in/200x150/pic2243281.png',null);
Insert into DB_SAWEE.GAME (G_NO,G_NAME,G_WRITTEN_DATE,G_UPDATED_DATE,G_HIT,G_RECOMMEND_NUM,G_MIN,G_MAX,G_PLAYTIME,G_RELEASE,G_LEVEL,G_RULETIME,G_LANG,G_INTER,G_THEME,G_REPLAY,G_ARTWORK,G_CONTENTS,G_NUM,G_IMAGE,G_THUMBNAIL,G_NAME_KOR) values (380,'Rivals for Catan',to_date('20/04/09','RR/MM/DD'),to_date('20/04/09','RR/MM/DD'),0,0,2,2,120,2010,0,0,0,0,0,0,0,0,0,'https://cf.geekdo-images.com/original/img/YV0Ib9KPnTFAqwkpAfKLWjc4RUg=/0x0/pic850850.jpg','https://cf.geekdo-images.com/thumb/img/5waLZ3j0vWxZvs5S-4xcxFowPmM=/fit-in/200x150/pic850850.jpg',null);
Insert into DB_SAWEE.GAME (G_NO,G_NAME,G_WRITTEN_DATE,G_UPDATED_DATE,G_HIT,G_RECOMMEND_NUM,G_MIN,G_MAX,G_PLAYTIME,G_RELEASE,G_LEVEL,G_RULETIME,G_LANG,G_INTER,G_THEME,G_REPLAY,G_ARTWORK,G_CONTENTS,G_NUM,G_IMAGE,G_THUMBNAIL,G_NAME_KOR) values (381,'Rivals for Catan: Age of Darkness',to_date('20/04/09','RR/MM/DD'),to_date('20/04/09','RR/MM/DD'),0,0,2,2,75,2011,0,0,0,0,0,0,0,0,0,'https://cf.geekdo-images.com/original/img/895IEy1F2YaIpMUBehCKtV4Uxno=/0x0/pic4025304.jpg','https://cf.geekdo-images.com/thumb/img/k3rj7w7Zj_FqtugiHzeWWlwlEkw=/fit-in/200x150/pic4025304.jpg',null);
Insert into DB_SAWEE.GAME (G_NO,G_NAME,G_WRITTEN_DATE,G_UPDATED_DATE,G_HIT,G_RECOMMEND_NUM,G_MIN,G_MAX,G_PLAYTIME,G_RELEASE,G_LEVEL,G_RULETIME,G_LANG,G_INTER,G_THEME,G_REPLAY,G_ARTWORK,G_CONTENTS,G_NUM,G_IMAGE,G_THUMBNAIL,G_NAME_KOR) values (382,'The Rivals for Catan: Age of Enlightenment',to_date('20/04/09','RR/MM/DD'),to_date('20/04/09','RR/MM/DD'),0,0,2,2,75,2012,0,0,0,0,0,0,0,0,0,'https://cf.geekdo-images.com/original/img/liO8dYtGXEOjm1ihHlD2XjeCp40=/0x0/pic1447247.jpg','https://cf.geekdo-images.com/thumb/img/Cwz3QwWJ7OAEQCdDCquWUNANA9M=/fit-in/200x150/pic1447247.jpg',null);
Insert into DB_SAWEE.GAME (G_NO,G_NAME,G_WRITTEN_DATE,G_UPDATED_DATE,G_HIT,G_RECOMMEND_NUM,G_MIN,G_MAX,G_PLAYTIME,G_RELEASE,G_LEVEL,G_RULETIME,G_LANG,G_INTER,G_THEME,G_REPLAY,G_ARTWORK,G_CONTENTS,G_NUM,G_IMAGE,G_THUMBNAIL,G_NAME_KOR) values (383,'Robinson Crusoe: Adventures on the Cursed Island',to_date('20/04/09','RR/MM/DD'),to_date('20/04/09','RR/MM/DD'),0,0,1,4,120,2012,0,0,0,0,0,0,0,0,0,'https://cf.geekdo-images.com/original/img/i1d3Zbbw5iYJ5_Bd0unqwgM8CI0=/0x0/pic3165731.jpg','https://cf.geekdo-images.com/thumb/img/kvMhOuVRtAcCK7nXPcOr8RwWvYg=/fit-in/200x150/pic3165731.jpg',null);
Insert into DB_SAWEE.GAME (G_NO,G_NAME,G_WRITTEN_DATE,G_UPDATED_DATE,G_HIT,G_RECOMMEND_NUM,G_MIN,G_MAX,G_PLAYTIME,G_RELEASE,G_LEVEL,G_RULETIME,G_LANG,G_INTER,G_THEME,G_REPLAY,G_ARTWORK,G_CONTENTS,G_NUM,G_IMAGE,G_THUMBNAIL,G_NAME_KOR) values (384,'Robinson Crusoe: Adventures on the Cursed Island – Voyage of the Beagle (Vol. 1)',to_date('20/04/09','RR/MM/DD'),to_date('20/04/09','RR/MM/DD'),0,0,1,4,120,2013,0,0,0,0,0,0,0,0,0,'https://cf.geekdo-images.com/original/img/p07rdgpkmweEJiJnTwnEpFi8Ya0=/0x0/pic1997048.jpg','https://cf.geekdo-images.com/thumb/img/IvwBkxnBqyKf5qwRGxPVH7yN-2w=/fit-in/200x150/pic1997048.jpg',null);
Insert into DB_SAWEE.GAME (G_NO,G_NAME,G_WRITTEN_DATE,G_UPDATED_DATE,G_HIT,G_RECOMMEND_NUM,G_MIN,G_MAX,G_PLAYTIME,G_RELEASE,G_LEVEL,G_RULETIME,G_LANG,G_INTER,G_THEME,G_REPLAY,G_ARTWORK,G_CONTENTS,G_NUM,G_IMAGE,G_THUMBNAIL,G_NAME_KOR) values (385,'Roll For It!',to_date('20/04/09','RR/MM/DD'),to_date('20/04/09','RR/MM/DD'),0,0,2,4,30,2011,0,0,0,0,0,0,0,0,0,'https://cf.geekdo-images.com/original/img/_viJxc1ohotUWXQC_WEqSYL1fzw=/0x0/pic1638562.png','https://cf.geekdo-images.com/thumb/img/KN9Opl3v0Z5J4FG8aHwuoex0PKM=/fit-in/200x150/pic1638562.png',null);
Insert into DB_SAWEE.GAME (G_NO,G_NAME,G_WRITTEN_DATE,G_UPDATED_DATE,G_HIT,G_RECOMMEND_NUM,G_MIN,G_MAX,G_PLAYTIME,G_RELEASE,G_LEVEL,G_RULETIME,G_LANG,G_INTER,G_THEME,G_REPLAY,G_ARTWORK,G_CONTENTS,G_NUM,G_IMAGE,G_THUMBNAIL,G_NAME_KOR) values (386,'Roll for the Galaxy',to_date('20/04/09','RR/MM/DD'),to_date('20/04/09','RR/MM/DD'),0,0,2,5,45,2014,0,0,0,0,0,0,0,0,0,'https://cf.geekdo-images.com/original/img/SBmipyinTpLle9HmAfE0jJWKj3I=/0x0/pic1473629.jpg','https://cf.geekdo-images.com/thumb/img/k3jYCE3FCLUkcJH3OhGt-LXZPMA=/fit-in/200x150/pic1473629.jpg',null);
Insert into DB_SAWEE.GAME (G_NO,G_NAME,G_WRITTEN_DATE,G_UPDATED_DATE,G_HIT,G_RECOMMEND_NUM,G_MIN,G_MAX,G_PLAYTIME,G_RELEASE,G_LEVEL,G_RULETIME,G_LANG,G_INTER,G_THEME,G_REPLAY,G_ARTWORK,G_CONTENTS,G_NUM,G_IMAGE,G_THUMBNAIL,G_NAME_KOR) values (387,'Roll for the Galaxy: Ambition',to_date('20/04/09','RR/MM/DD'),to_date('20/04/09','RR/MM/DD'),0,0,2,5,60,2015,0,0,0,0,0,0,0,0,0,'https://cf.geekdo-images.com/original/img/kdZKkg806Rs6oV2yJ86BiNJTFys=/0x0/pic2700805.jpg','https://cf.geekdo-images.com/thumb/img/b8x23BI777baox1yXgmq_2wBgHA=/fit-in/200x150/pic2700805.jpg',null);
Insert into DB_SAWEE.GAME (G_NO,G_NAME,G_WRITTEN_DATE,G_UPDATED_DATE,G_HIT,G_RECOMMEND_NUM,G_MIN,G_MAX,G_PLAYTIME,G_RELEASE,G_LEVEL,G_RULETIME,G_LANG,G_INTER,G_THEME,G_REPLAY,G_ARTWORK,G_CONTENTS,G_NUM,G_IMAGE,G_THUMBNAIL,G_NAME_KOR) values (388,'Roll Through the Ages: The Bronze Age',to_date('20/04/09','RR/MM/DD'),to_date('20/04/09','RR/MM/DD'),0,0,1,4,45,2008,0,0,0,0,0,0,0,0,0,'https://cf.geekdo-images.com/original/img/AmNmhlFJf2wsJATReIpddyWhfUI=/0x0/pic986758.jpg','https://cf.geekdo-images.com/thumb/img/rxWzuEMEeAnCQrm27HGsuBpP-yk=/fit-in/200x150/pic986758.jpg',null);
Insert into DB_SAWEE.GAME (G_NO,G_NAME,G_WRITTEN_DATE,G_UPDATED_DATE,G_HIT,G_RECOMMEND_NUM,G_MIN,G_MAX,G_PLAYTIME,G_RELEASE,G_LEVEL,G_RULETIME,G_LANG,G_INTER,G_THEME,G_REPLAY,G_ARTWORK,G_CONTENTS,G_NUM,G_IMAGE,G_THUMBNAIL,G_NAME_KOR) values (340,'Pathfinder Adventure Card Game: Rise of the Runelords – Adventure Deck 2: The Skinsaw Murders',to_date('20/04/09','RR/MM/DD'),to_date('20/04/09','RR/MM/DD'),0,0,1,6,90,2013,0,0,0,0,0,0,0,0,0,'https://cf.geekdo-images.com/original/img/Y_i5qEAOkX-Ih28LibXcyO0MzWE=/0x0/pic1829650.jpg','https://cf.geekdo-images.com/thumb/img/Diw4_T8qlyd995RakM3IaumdzT0=/fit-in/200x150/pic1829650.jpg',null);
Insert into DB_SAWEE.GAME (G_NO,G_NAME,G_WRITTEN_DATE,G_UPDATED_DATE,G_HIT,G_RECOMMEND_NUM,G_MIN,G_MAX,G_PLAYTIME,G_RELEASE,G_LEVEL,G_RULETIME,G_LANG,G_INTER,G_THEME,G_REPLAY,G_ARTWORK,G_CONTENTS,G_NUM,G_IMAGE,G_THUMBNAIL,G_NAME_KOR) values (341,'Pathfinder Adventure Card Game: Rise of the Runelords – Adventure Deck 3: The Hook Mountain Massacre',to_date('20/04/09','RR/MM/DD'),to_date('20/04/09','RR/MM/DD'),0,0,1,6,90,2013,0,0,0,0,0,0,0,0,0,'https://cf.geekdo-images.com/original/img/16bRmq2bij0YlbLZDy3b-OrDqvQ=/0x0/pic1887335.jpg','https://cf.geekdo-images.com/thumb/img/kG3jESqwmZtjnr8Q5sKXoVtFQSU=/fit-in/200x150/pic1887335.jpg',null);
Insert into DB_SAWEE.GAME (G_NO,G_NAME,G_WRITTEN_DATE,G_UPDATED_DATE,G_HIT,G_RECOMMEND_NUM,G_MIN,G_MAX,G_PLAYTIME,G_RELEASE,G_LEVEL,G_RULETIME,G_LANG,G_INTER,G_THEME,G_REPLAY,G_ARTWORK,G_CONTENTS,G_NUM,G_IMAGE,G_THUMBNAIL,G_NAME_KOR) values (342,'Pathfinder Adventure Card Game: Rise of the Runelords – Adventure Deck 4: Fortress of the Stone Giants',to_date('20/04/09','RR/MM/DD'),to_date('20/04/09','RR/MM/DD'),0,0,1,6,60,2014,0,0,0,0,0,0,0,0,0,'https://cf.geekdo-images.com/original/img/aJmqDNcV2-1tVNcjU8E80AyPGo8=/0x0/pic1968268.jpg','https://cf.geekdo-images.com/thumb/img/dFzRr2rSBEg81jO_ElvA2AuZF3c=/fit-in/200x150/pic1968268.jpg',null);
Insert into DB_SAWEE.GAME (G_NO,G_NAME,G_WRITTEN_DATE,G_UPDATED_DATE,G_HIT,G_RECOMMEND_NUM,G_MIN,G_MAX,G_PLAYTIME,G_RELEASE,G_LEVEL,G_RULETIME,G_LANG,G_INTER,G_THEME,G_REPLAY,G_ARTWORK,G_CONTENTS,G_NUM,G_IMAGE,G_THUMBNAIL,G_NAME_KOR) values (343,'Pathfinder Adventure Card Game: Rise of the Runelords – Adventure Deck 5: Sins of the Saviors',to_date('20/04/09','RR/MM/DD'),to_date('20/04/09','RR/MM/DD'),0,0,1,6,90,2014,0,0,0,0,0,0,0,0,0,'https://cf.geekdo-images.com/original/img/YKcEBVkNslIuBJT0Z6FtFS6z3TE=/0x0/pic2024979.jpg','https://cf.geekdo-images.com/thumb/img/KxgjS31tgADdrUz7ba2eTsoKlL0=/fit-in/200x150/pic2024979.jpg',null);
Insert into DB_SAWEE.GAME (G_NO,G_NAME,G_WRITTEN_DATE,G_UPDATED_DATE,G_HIT,G_RECOMMEND_NUM,G_MIN,G_MAX,G_PLAYTIME,G_RELEASE,G_LEVEL,G_RULETIME,G_LANG,G_INTER,G_THEME,G_REPLAY,G_ARTWORK,G_CONTENTS,G_NUM,G_IMAGE,G_THUMBNAIL,G_NAME_KOR) values (344,'Pathfinder Adventure Card Game: Rise of the Runelords – Adventure Deck 6: Spires of Xin-Shalast',to_date('20/04/09','RR/MM/DD'),to_date('20/04/09','RR/MM/DD'),0,0,1,6,120,2014,0,0,0,0,0,0,0,0,0,'https://cf.geekdo-images.com/original/img/TIGPaYZjQ0RuaxA3tGXa9b7T0C8=/0x0/pic2081109.jpg','https://cf.geekdo-images.com/thumb/img/5o7Kgosdj_q3fsGKqTlsCCz8tV8=/fit-in/200x150/pic2081109.jpg',null);
Insert into DB_SAWEE.GAME (G_NO,G_NAME,G_WRITTEN_DATE,G_UPDATED_DATE,G_HIT,G_RECOMMEND_NUM,G_MIN,G_MAX,G_PLAYTIME,G_RELEASE,G_LEVEL,G_RULETIME,G_LANG,G_INTER,G_THEME,G_REPLAY,G_ARTWORK,G_CONTENTS,G_NUM,G_IMAGE,G_THUMBNAIL,G_NAME_KOR) values (345,'Pathfinder Adventure Card Game: Rise of the Runelords – Base Set',to_date('20/04/09','RR/MM/DD'),to_date('20/04/09','RR/MM/DD'),0,0,1,4,90,2013,0,0,0,0,0,0,0,0,0,'https://cf.geekdo-images.com/original/img/kmjGiGM06MDh-BmO1_KrmDEPW5Y=/0x0/pic1775517.jpg','https://cf.geekdo-images.com/thumb/img/ViNWig-wMOZF-p7pWAx86PeyNYU=/fit-in/200x150/pic1775517.jpg',null);
Insert into DB_SAWEE.GAME (G_NO,G_NAME,G_WRITTEN_DATE,G_UPDATED_DATE,G_HIT,G_RECOMMEND_NUM,G_MIN,G_MAX,G_PLAYTIME,G_RELEASE,G_LEVEL,G_RULETIME,G_LANG,G_INTER,G_THEME,G_REPLAY,G_ARTWORK,G_CONTENTS,G_NUM,G_IMAGE,G_THUMBNAIL,G_NAME_KOR) values (346,'Pathfinder Adventure Card Game: Rise of the Runelords – Character Add-On Deck',to_date('20/04/09','RR/MM/DD'),to_date('20/04/09','RR/MM/DD'),0,0,1,6,90,2013,0,0,0,0,0,0,0,0,0,'https://cf.geekdo-images.com/original/img/JQqtbAeGOL0NliH2vcoRorybavU=/0x0/pic1775530.jpg','https://cf.geekdo-images.com/thumb/img/y28wpqo_nie2sS_AifQAdRTWkl8=/fit-in/200x150/pic1775530.jpg',null);
Insert into DB_SAWEE.GAME (G_NO,G_NAME,G_WRITTEN_DATE,G_UPDATED_DATE,G_HIT,G_RECOMMEND_NUM,G_MIN,G_MAX,G_PLAYTIME,G_RELEASE,G_LEVEL,G_RULETIME,G_LANG,G_INTER,G_THEME,G_REPLAY,G_ARTWORK,G_CONTENTS,G_NUM,G_IMAGE,G_THUMBNAIL,G_NAME_KOR) values (347,'Pathfinder Adventure Card Game: Skull & Shackles – "Ranzak" Promo Character Card Set',to_date('20/04/09','RR/MM/DD'),to_date('20/04/09','RR/MM/DD'),0,0,1,4,90,2014,0,0,0,0,0,0,0,0,0,'https://cf.geekdo-images.com/original/img/flTeKe2e0ZOfVoIPIixNzzD9czA=/0x0/pic1993904.jpg','https://cf.geekdo-images.com/thumb/img/QK0f4Hw06clH1oqzGSih25RsF7o=/fit-in/200x150/pic1993904.jpg',null);
Insert into DB_SAWEE.GAME (G_NO,G_NAME,G_WRITTEN_DATE,G_UPDATED_DATE,G_HIT,G_RECOMMEND_NUM,G_MIN,G_MAX,G_PLAYTIME,G_RELEASE,G_LEVEL,G_RULETIME,G_LANG,G_INTER,G_THEME,G_REPLAY,G_ARTWORK,G_CONTENTS,G_NUM,G_IMAGE,G_THUMBNAIL,G_NAME_KOR) values (348,'Pathfinder Adventure Card Game: Skull & Shackles – Base Set',to_date('20/04/09','RR/MM/DD'),to_date('20/04/09','RR/MM/DD'),0,0,1,4,90,2014,0,0,0,0,0,0,0,0,0,'https://cf.geekdo-images.com/original/img/nsBNLA51E6IXPdfx5NC7o_XuVfE=/0x0/pic2268287.jpg','https://cf.geekdo-images.com/thumb/img/d-9JX5zIThE7JzFJRVrWykp1G3c=/fit-in/200x150/pic2268287.jpg',null);
Insert into DB_SAWEE.GAME (G_NO,G_NAME,G_WRITTEN_DATE,G_UPDATED_DATE,G_HIT,G_RECOMMEND_NUM,G_MIN,G_MAX,G_PLAYTIME,G_RELEASE,G_LEVEL,G_RULETIME,G_LANG,G_INTER,G_THEME,G_REPLAY,G_ARTWORK,G_CONTENTS,G_NUM,G_IMAGE,G_THUMBNAIL,G_NAME_KOR) values (349,'Pathfinder Adventure Card Game: Skull & Shackles – Character Add-On Deck',to_date('20/04/09','RR/MM/DD'),to_date('20/04/09','RR/MM/DD'),0,0,1,6,120,2014,0,0,0,0,0,0,0,0,0,'https://cf.geekdo-images.com/original/img/Zdv2ouXr17Ejf36xcfxZ1QAHCK8=/0x0/pic2268289.jpg','https://cf.geekdo-images.com/thumb/img/0ScCTG2-A8UpapSNxN5L2Ex3ZTg=/fit-in/200x150/pic2268289.jpg',null);
Insert into DB_SAWEE.GAME (G_NO,G_NAME,G_WRITTEN_DATE,G_UPDATED_DATE,G_HIT,G_RECOMMEND_NUM,G_MIN,G_MAX,G_PLAYTIME,G_RELEASE,G_LEVEL,G_RULETIME,G_LANG,G_INTER,G_THEME,G_REPLAY,G_ARTWORK,G_CONTENTS,G_NUM,G_IMAGE,G_THUMBNAIL,G_NAME_KOR) values (350,'Pathfinder Adventure Card Game: Skull & Shackles Adventure Deck 2 – Raiders of the Fever Sea',to_date('20/04/09','RR/MM/DD'),to_date('20/04/09','RR/MM/DD'),0,0,1,6,90,2014,0,0,0,0,0,0,0,0,0,'https://cf.geekdo-images.com/original/img/MB-_cMEvpMkt65KiWGnjUu6ovQk=/0x0/pic2268290.jpg','https://cf.geekdo-images.com/thumb/img/tbhf5SpX__as03nQLAmBwe0HZ1Y=/fit-in/200x150/pic2268290.jpg',null);
Insert into DB_SAWEE.GAME (G_NO,G_NAME,G_WRITTEN_DATE,G_UPDATED_DATE,G_HIT,G_RECOMMEND_NUM,G_MIN,G_MAX,G_PLAYTIME,G_RELEASE,G_LEVEL,G_RULETIME,G_LANG,G_INTER,G_THEME,G_REPLAY,G_ARTWORK,G_CONTENTS,G_NUM,G_IMAGE,G_THUMBNAIL,G_NAME_KOR) values (351,'Pathfinder Adventure Card Game: Skull & Shackles Adventure Deck 3 – Tempest Rising',to_date('20/04/09','RR/MM/DD'),to_date('20/04/09','RR/MM/DD'),0,0,1,6,90,2014,0,0,0,0,0,0,0,0,0,'https://cf.geekdo-images.com/original/img/wiWiuEksau8Gd9OXHW-gNCmhQOQ=/0x0/pic2352745.jpg','https://cf.geekdo-images.com/thumb/img/bnyQ6AjkY1yG3Q5qE7K9--sOHTQ=/fit-in/200x150/pic2352745.jpg',null);
Insert into DB_SAWEE.GAME (G_NO,G_NAME,G_WRITTEN_DATE,G_UPDATED_DATE,G_HIT,G_RECOMMEND_NUM,G_MIN,G_MAX,G_PLAYTIME,G_RELEASE,G_LEVEL,G_RULETIME,G_LANG,G_INTER,G_THEME,G_REPLAY,G_ARTWORK,G_CONTENTS,G_NUM,G_IMAGE,G_THUMBNAIL,G_NAME_KOR) values (352,'Pathfinder Adventure Card Game: Skull & Shackles Adventure Deck 4 –  Island of Empty Eyes',to_date('20/04/09','RR/MM/DD'),to_date('20/04/09','RR/MM/DD'),0,0,1,6,90,2014,0,0,0,0,0,0,0,0,0,'https://cf.geekdo-images.com/original/img/WAsWyLe156wMjpSG2QOD8a4PT2g=/0x0/pic2352729.jpg','https://cf.geekdo-images.com/thumb/img/yjgrjcHzOSl8fFVVItUTx6Gj4R0=/fit-in/200x150/pic2352729.jpg',null);
Insert into DB_SAWEE.GAME (G_NO,G_NAME,G_WRITTEN_DATE,G_UPDATED_DATE,G_HIT,G_RECOMMEND_NUM,G_MIN,G_MAX,G_PLAYTIME,G_RELEASE,G_LEVEL,G_RULETIME,G_LANG,G_INTER,G_THEME,G_REPLAY,G_ARTWORK,G_CONTENTS,G_NUM,G_IMAGE,G_THUMBNAIL,G_NAME_KOR) values (353,'Pathfinder Adventure Card Game: Wrath of the Righteous – Base Set',to_date('20/04/09','RR/MM/DD'),to_date('20/04/09','RR/MM/DD'),0,0,1,4,120,2015,0,0,0,0,0,0,0,0,0,'https://cf.geekdo-images.com/original/img/YG1B3cBflnCKv5kk-N-7M5Tr4m0=/0x0/pic2564484.jpg','https://cf.geekdo-images.com/thumb/img/zKFA2U-I7igUe6KwY2ER20NdLmA=/fit-in/200x150/pic2564484.jpg',null);
Insert into DB_SAWEE.GAME (G_NO,G_NAME,G_WRITTEN_DATE,G_UPDATED_DATE,G_HIT,G_RECOMMEND_NUM,G_MIN,G_MAX,G_PLAYTIME,G_RELEASE,G_LEVEL,G_RULETIME,G_LANG,G_INTER,G_THEME,G_REPLAY,G_ARTWORK,G_CONTENTS,G_NUM,G_IMAGE,G_THUMBNAIL,G_NAME_KOR) values (354,'Pathfinder Adventure Card Game: Wrath of the Righteous – Character Add-On Deck',to_date('20/04/09','RR/MM/DD'),to_date('20/04/09','RR/MM/DD'),0,0,1,6,120,2015,0,0,0,0,0,0,0,0,0,'https://cf.geekdo-images.com/original/img/COA5zEhg_22Du7yFldLFj7EVgDE=/0x0/pic2551476.jpg','https://cf.geekdo-images.com/thumb/img/EmB15I0LGxhFCEN9cbKsE8SWDyM=/fit-in/200x150/pic2551476.jpg',null);
Insert into DB_SAWEE.GAME (G_NO,G_NAME,G_WRITTEN_DATE,G_UPDATED_DATE,G_HIT,G_RECOMMEND_NUM,G_MIN,G_MAX,G_PLAYTIME,G_RELEASE,G_LEVEL,G_RULETIME,G_LANG,G_INTER,G_THEME,G_REPLAY,G_ARTWORK,G_CONTENTS,G_NUM,G_IMAGE,G_THUMBNAIL,G_NAME_KOR) values (355,'Peptide: A Protein Building Game',to_date('20/04/09','RR/MM/DD'),to_date('20/04/09','RR/MM/DD'),0,0,2,6,40,2014,0,0,0,0,0,0,0,0,0,'https://cf.geekdo-images.com/original/img/RlpnKt1_spB_G4WXtp2Ie3EaGvU=/0x0/pic4289670.png','https://cf.geekdo-images.com/thumb/img/gz-PK_M0rAg1PYNTmyvimvWfFBk=/fit-in/200x150/pic4289670.png',null);
Insert into DB_SAWEE.GAME (G_NO,G_NAME,G_WRITTEN_DATE,G_UPDATED_DATE,G_HIT,G_RECOMMEND_NUM,G_MIN,G_MAX,G_PLAYTIME,G_RELEASE,G_LEVEL,G_RULETIME,G_LANG,G_INTER,G_THEME,G_REPLAY,G_ARTWORK,G_CONTENTS,G_NUM,G_IMAGE,G_THUMBNAIL,G_NAME_KOR) values (356,'Power Grid',to_date('20/04/09','RR/MM/DD'),to_date('20/04/09','RR/MM/DD'),0,0,2,6,120,2004,0,0,0,0,0,0,0,0,0,'https://cf.geekdo-images.com/original/img/h8UWt217vzbMWSla-r8O86a6fDc=/0x0/pic4459753.jpg','https://cf.geekdo-images.com/thumb/img/6V9SeUytdXtA4ewaNDnbWJqPmwU=/fit-in/200x150/pic4459753.jpg',null);
Insert into DB_SAWEE.GAME (G_NO,G_NAME,G_WRITTEN_DATE,G_UPDATED_DATE,G_HIT,G_RECOMMEND_NUM,G_MIN,G_MAX,G_PLAYTIME,G_RELEASE,G_LEVEL,G_RULETIME,G_LANG,G_INTER,G_THEME,G_REPLAY,G_ARTWORK,G_CONTENTS,G_NUM,G_IMAGE,G_THUMBNAIL,G_NAME_KOR) values (357,'Power Grid',to_date('20/04/09','RR/MM/DD'),to_date('20/04/09','RR/MM/DD'),0,0,2,6,120,2014,0,0,0,0,0,0,0,0,0,'https://cf.geekdo-images.com/original/img/PTaOBy_4sTD_5FA60rINuFnFIW0=/0x0/pic2056160.jpg','https://cf.geekdo-images.com/thumb/img/aUdDXAOd_ohVEOuJ_MO34rUrrSk=/fit-in/200x150/pic2056160.jpg',null);
Insert into DB_SAWEE.GAME (G_NO,G_NAME,G_WRITTEN_DATE,G_UPDATED_DATE,G_HIT,G_RECOMMEND_NUM,G_MIN,G_MAX,G_PLAYTIME,G_RELEASE,G_LEVEL,G_RULETIME,G_LANG,G_INTER,G_THEME,G_REPLAY,G_ARTWORK,G_CONTENTS,G_NUM,G_IMAGE,G_THUMBNAIL,G_NAME_KOR) values (358,'Power Grid: France/Italy',to_date('20/04/09','RR/MM/DD'),to_date('20/04/09','RR/MM/DD'),0,0,2,6,120,2005,0,0,0,0,0,0,0,0,0,'https://cf.geekdo-images.com/original/img/90F-NNG5KCpgbdZpXpFRc1CGT1s=/0x0/pic1553323.jpg','https://cf.geekdo-images.com/thumb/img/92qRjUmm-hrgAB_Q0TNgx0jYoTA=/fit-in/200x150/pic1553323.jpg',null);
Insert into DB_SAWEE.GAME (G_NO,G_NAME,G_WRITTEN_DATE,G_UPDATED_DATE,G_HIT,G_RECOMMEND_NUM,G_MIN,G_MAX,G_PLAYTIME,G_RELEASE,G_LEVEL,G_RULETIME,G_LANG,G_INTER,G_THEME,G_REPLAY,G_ARTWORK,G_CONTENTS,G_NUM,G_IMAGE,G_THUMBNAIL,G_NAME_KOR) values (359,'Power Grid: The Robots',to_date('20/04/09','RR/MM/DD'),to_date('20/04/09','RR/MM/DD'),0,0,2,5,120,2011,0,0,0,0,0,0,0,0,0,'https://cf.geekdo-images.com/original/img/nnT5cws5q9Lwm2yohH_vx02FW3I=/0x0/pic1103946.jpg','https://cf.geekdo-images.com/thumb/img/3ETsvciCmxVM_kJ0XzetbNQsd1s=/fit-in/200x150/pic1103946.jpg',null);
Insert into DB_SAWEE.GAME (G_NO,G_NAME,G_WRITTEN_DATE,G_UPDATED_DATE,G_HIT,G_RECOMMEND_NUM,G_MIN,G_MAX,G_PLAYTIME,G_RELEASE,G_LEVEL,G_RULETIME,G_LANG,G_INTER,G_THEME,G_REPLAY,G_ARTWORK,G_CONTENTS,G_NUM,G_IMAGE,G_THUMBNAIL,G_NAME_KOR) values (360,'Prime Climb',to_date('20/04/09','RR/MM/DD'),to_date('20/04/09','RR/MM/DD'),0,0,2,4,45,2014,0,0,0,0,0,0,0,0,0,'https://cf.geekdo-images.com/original/img/kkwS5taEoMmp7obiyGPhuFmSOLw=/0x0/pic2326262.png','https://cf.geekdo-images.com/thumb/img/msySVh_bUV7tqmCNYFq_sk1-A40=/fit-in/200x150/pic2326262.png',null);
Insert into DB_SAWEE.GAME (G_NO,G_NAME,G_WRITTEN_DATE,G_UPDATED_DATE,G_HIT,G_RECOMMEND_NUM,G_MIN,G_MAX,G_PLAYTIME,G_RELEASE,G_LEVEL,G_RULETIME,G_LANG,G_INTER,G_THEME,G_REPLAY,G_ARTWORK,G_CONTENTS,G_NUM,G_IMAGE,G_THUMBNAIL,G_NAME_KOR) values (361,'Prophecy',to_date('20/04/09','RR/MM/DD'),to_date('20/04/09','RR/MM/DD'),0,0,2,5,180,2014,0,0,0,0,0,0,0,0,0,'https://cf.geekdo-images.com/original/img/IUhe9-M3yO5O6nubbVSyPXTBbYk=/0x0/pic1919190.jpg','https://cf.geekdo-images.com/thumb/img/kyrepDGxdrYxRrycy5VhcHWotTg=/fit-in/200x150/pic1919190.jpg',null);
Insert into DB_SAWEE.GAME (G_NO,G_NAME,G_WRITTEN_DATE,G_UPDATED_DATE,G_HIT,G_RECOMMEND_NUM,G_MIN,G_MAX,G_PLAYTIME,G_RELEASE,G_LEVEL,G_RULETIME,G_LANG,G_INTER,G_THEME,G_REPLAY,G_ARTWORK,G_CONTENTS,G_NUM,G_IMAGE,G_THUMBNAIL,G_NAME_KOR) values (362,'Prosperity',to_date('20/04/09','RR/MM/DD'),to_date('20/04/09','RR/MM/DD'),0,0,2,4,60,2013,0,0,0,0,0,0,0,0,0,'https://cf.geekdo-images.com/original/img/KeZcBRU_v7HBc5Ic8mhiOVZky9M=/0x0/pic1717367.jpg','https://cf.geekdo-images.com/thumb/img/_x2AP9SUcw9oANWJTNdpR7AvlR4=/fit-in/200x150/pic1717367.jpg',null);
Insert into DB_SAWEE.GAME (G_NO,G_NAME,G_WRITTEN_DATE,G_UPDATED_DATE,G_HIT,G_RECOMMEND_NUM,G_MIN,G_MAX,G_PLAYTIME,G_RELEASE,G_LEVEL,G_RULETIME,G_LANG,G_INTER,G_THEME,G_REPLAY,G_ARTWORK,G_CONTENTS,G_NUM,G_IMAGE,G_THUMBNAIL,G_NAME_KOR) values (313,'Mystic Vale',to_date('20/04/09','RR/MM/DD'),to_date('20/04/09','RR/MM/DD'),0,0,2,4,45,2016,0,0,0,0,0,0,0,0,0,'https://cf.geekdo-images.com/original/img/oO8OoLA0tcXcNazc_HFYVFdww48=/0x0/pic3287905.png','https://cf.geekdo-images.com/thumb/img/2Zqo40GeXqK6VnPzF_IN7vu0kos=/fit-in/200x150/pic3287905.png',null);
Insert into DB_SAWEE.GAME (G_NO,G_NAME,G_WRITTEN_DATE,G_UPDATED_DATE,G_HIT,G_RECOMMEND_NUM,G_MIN,G_MAX,G_PLAYTIME,G_RELEASE,G_LEVEL,G_RULETIME,G_LANG,G_INTER,G_THEME,G_REPLAY,G_ARTWORK,G_CONTENTS,G_NUM,G_IMAGE,G_THUMBNAIL,G_NAME_KOR) values (314,'Mythos Tales',to_date('20/04/09','RR/MM/DD'),to_date('20/04/09','RR/MM/DD'),0,0,1,10,120,2016,0,0,0,0,0,0,0,0,0,'https://cf.geekdo-images.com/original/img/xwLjSdtKmSFDV5SceeKSAX-7wXw=/0x0/pic3955344.png','https://cf.geekdo-images.com/thumb/img/qSvNM1ah-k0xF5Fk1s2sFjdN6kw=/fit-in/200x150/pic3955344.png',null);
Insert into DB_SAWEE.GAME (G_NO,G_NAME,G_WRITTEN_DATE,G_UPDATED_DATE,G_HIT,G_RECOMMEND_NUM,G_MIN,G_MAX,G_PLAYTIME,G_RELEASE,G_LEVEL,G_RULETIME,G_LANG,G_INTER,G_THEME,G_REPLAY,G_ARTWORK,G_CONTENTS,G_NUM,G_IMAGE,G_THUMBNAIL,G_NAME_KOR) values (315,'Mythotopia',to_date('20/04/09','RR/MM/DD'),to_date('20/04/09','RR/MM/DD'),0,0,2,4,120,2014,0,0,0,0,0,0,0,0,0,'https://cf.geekdo-images.com/original/img/p6mECzXEcjzZkPnK6JvxqHeR4mg=/0x0/pic2257592.jpg','https://cf.geekdo-images.com/thumb/img/WY54W0iYpRvGtIHRxF51sTe02Fg=/fit-in/200x150/pic2257592.jpg',null);
Insert into DB_SAWEE.GAME (G_NO,G_NAME,G_WRITTEN_DATE,G_UPDATED_DATE,G_HIT,G_RECOMMEND_NUM,G_MIN,G_MAX,G_PLAYTIME,G_RELEASE,G_LEVEL,G_RULETIME,G_LANG,G_INTER,G_THEME,G_REPLAY,G_ARTWORK,G_CONTENTS,G_NUM,G_IMAGE,G_THUMBNAIL,G_NAME_KOR) values (316,'Nations',to_date('20/04/09','RR/MM/DD'),to_date('20/04/09','RR/MM/DD'),0,0,1,5,200,2013,0,0,0,0,0,0,0,0,0,'https://cf.geekdo-images.com/original/img/6Zne9rNVAxgEzMmf4WmcEtH_xsc=/0x0/pic1591406.png','https://cf.geekdo-images.com/thumb/img/2a-6_ihKoPWUe8yEUpz3Vi1UiX0=/fit-in/200x150/pic1591406.png',null);
Insert into DB_SAWEE.GAME (G_NO,G_NAME,G_WRITTEN_DATE,G_UPDATED_DATE,G_HIT,G_RECOMMEND_NUM,G_MIN,G_MAX,G_PLAYTIME,G_RELEASE,G_LEVEL,G_RULETIME,G_LANG,G_INTER,G_THEME,G_REPLAY,G_ARTWORK,G_CONTENTS,G_NUM,G_IMAGE,G_THUMBNAIL,G_NAME_KOR) values (317,'Nations: The Dice Game',to_date('20/04/09','RR/MM/DD'),to_date('20/04/09','RR/MM/DD'),0,0,1,4,40,2014,0,0,0,0,0,0,0,0,0,'https://cf.geekdo-images.com/original/img/Tv2TENFnKKlb1EmXpDdJj6-DY6Q=/0x0/pic3743789.jpg','https://cf.geekdo-images.com/thumb/img/b0EfjshQDQ5FEmmv2ifCTcVW5i4=/fit-in/200x150/pic3743789.jpg',null);
Insert into DB_SAWEE.GAME (G_NO,G_NAME,G_WRITTEN_DATE,G_UPDATED_DATE,G_HIT,G_RECOMMEND_NUM,G_MIN,G_MAX,G_PLAYTIME,G_RELEASE,G_LEVEL,G_RULETIME,G_LANG,G_INTER,G_THEME,G_REPLAY,G_ARTWORK,G_CONTENTS,G_NUM,G_IMAGE,G_THUMBNAIL,G_NAME_KOR) values (318,'The New Era',to_date('20/04/09','RR/MM/DD'),to_date('20/04/09','RR/MM/DD'),0,0,2,5,60,2011,0,0,0,0,0,0,0,0,0,'https://cf.geekdo-images.com/original/img/C11GeYi6MGb9M8e45LjFvni3c3g=/0x0/pic1106275.jpg','https://cf.geekdo-images.com/thumb/img/1TwcQRanI7I4hPEGMV964cjjj9U=/fit-in/200x150/pic1106275.jpg',null);
Insert into DB_SAWEE.GAME (G_NO,G_NAME,G_WRITTEN_DATE,G_UPDATED_DATE,G_HIT,G_RECOMMEND_NUM,G_MIN,G_MAX,G_PLAYTIME,G_RELEASE,G_LEVEL,G_RULETIME,G_LANG,G_INTER,G_THEME,G_REPLAY,G_ARTWORK,G_CONTENTS,G_NUM,G_IMAGE,G_THUMBNAIL,G_NAME_KOR) values (319,'New York 1901',to_date('20/04/09','RR/MM/DD'),to_date('20/04/09','RR/MM/DD'),0,0,2,4,60,2015,0,0,0,0,0,0,0,0,0,'https://cf.geekdo-images.com/original/img/siRufj8DhAyAq4FrBbhxvbnh8hA=/0x0/pic2515532.jpg','https://cf.geekdo-images.com/thumb/img/0FslhJTclmv38d3I5fRnImM7l8E=/fit-in/200x150/pic2515532.jpg',null);
Insert into DB_SAWEE.GAME (G_NO,G_NAME,G_WRITTEN_DATE,G_UPDATED_DATE,G_HIT,G_RECOMMEND_NUM,G_MIN,G_MAX,G_PLAYTIME,G_RELEASE,G_LEVEL,G_RULETIME,G_LANG,G_INTER,G_THEME,G_REPLAY,G_ARTWORK,G_CONTENTS,G_NUM,G_IMAGE,G_THUMBNAIL,G_NAME_KOR) values (320,'No Thanks!',to_date('20/04/09','RR/MM/DD'),to_date('20/04/09','RR/MM/DD'),0,0,3,7,20,2004,0,0,0,0,0,0,0,0,0,'https://cf.geekdo-images.com/original/img/9q-Txph_yOf3zOGOL8_AnlUN5IE=/0x0/pic4657706.jpg','https://cf.geekdo-images.com/thumb/img/Dw87_NEUCExmeZ8Nxp7So_nR5iY=/fit-in/200x150/pic4657706.jpg',null);
Insert into DB_SAWEE.GAME (G_NO,G_NAME,G_WRITTEN_DATE,G_UPDATED_DATE,G_HIT,G_RECOMMEND_NUM,G_MIN,G_MAX,G_PLAYTIME,G_RELEASE,G_LEVEL,G_RULETIME,G_LANG,G_INTER,G_THEME,G_REPLAY,G_ARTWORK,G_CONTENTS,G_NUM,G_IMAGE,G_THUMBNAIL,G_NAME_KOR) values (321,'One Night Revolution',to_date('20/04/09','RR/MM/DD'),to_date('20/04/09','RR/MM/DD'),0,0,3,10,15,2015,0,0,0,0,0,0,0,0,0,'https://cf.geekdo-images.com/original/img/BDoJ-VlAl2DdtGcFQH5rs9tK29g=/0x0/pic2513302.jpg','https://cf.geekdo-images.com/thumb/img/78Kff309MUJ-PYvoQWktOjQZWdc=/fit-in/200x150/pic2513302.jpg',null);
Insert into DB_SAWEE.GAME (G_NO,G_NAME,G_WRITTEN_DATE,G_UPDATED_DATE,G_HIT,G_RECOMMEND_NUM,G_MIN,G_MAX,G_PLAYTIME,G_RELEASE,G_LEVEL,G_RULETIME,G_LANG,G_INTER,G_THEME,G_REPLAY,G_ARTWORK,G_CONTENTS,G_NUM,G_IMAGE,G_THUMBNAIL,G_NAME_KOR) values (322,'One Night Ultimate Werewolf',to_date('20/04/09','RR/MM/DD'),to_date('20/04/09','RR/MM/DD'),0,0,3,10,10,2014,0,0,0,0,0,0,0,0,0,'https://cf.geekdo-images.com/original/img/r7HeuJg7g-g4gEIeIZv6x0gVL9E=/0x0/pic1809823.jpg','https://cf.geekdo-images.com/thumb/img/E1Aka3dgRRi0d_yg3LpZi4948iY=/fit-in/200x150/pic1809823.jpg',null);
Insert into DB_SAWEE.GAME (G_NO,G_NAME,G_WRITTEN_DATE,G_UPDATED_DATE,G_HIT,G_RECOMMEND_NUM,G_MIN,G_MAX,G_PLAYTIME,G_RELEASE,G_LEVEL,G_RULETIME,G_LANG,G_INTER,G_THEME,G_REPLAY,G_ARTWORK,G_CONTENTS,G_NUM,G_IMAGE,G_THUMBNAIL,G_NAME_KOR) values (323,'One Night Ultimate Werewolf - Daybreak',to_date('20/04/09','RR/MM/DD'),to_date('20/04/09','RR/MM/DD'),0,0,3,7,10,2015,0,0,0,0,0,0,0,0,0,'https://cf.geekdo-images.com/original/img/7CB2n5DttYL0VT4aQm0pj9ZQLos=/0x0/pic2225958.jpg','https://cf.geekdo-images.com/thumb/img/Eanbyzhr7UKIu2k-rg9Nah4ebrs=/fit-in/200x150/pic2225958.jpg',null);
Insert into DB_SAWEE.GAME (G_NO,G_NAME,G_WRITTEN_DATE,G_UPDATED_DATE,G_HIT,G_RECOMMEND_NUM,G_MIN,G_MAX,G_PLAYTIME,G_RELEASE,G_LEVEL,G_RULETIME,G_LANG,G_INTER,G_THEME,G_REPLAY,G_ARTWORK,G_CONTENTS,G_NUM,G_IMAGE,G_THUMBNAIL,G_NAME_KOR) values (324,'Onirim',to_date('20/04/09','RR/MM/DD'),to_date('20/04/09','RR/MM/DD'),0,0,1,2,15,2014,0,0,0,0,0,0,0,0,0,'https://cf.geekdo-images.com/original/img/Q4HHJhMaZxukjypUS81otdLU8cE=/0x0/pic2257657.png','https://cf.geekdo-images.com/thumb/img/VwTLfDwKbKMKppRPMzyfFDPC6FE=/fit-in/200x150/pic2257657.png',null);
Insert into DB_SAWEE.GAME (G_NO,G_NAME,G_WRITTEN_DATE,G_UPDATED_DATE,G_HIT,G_RECOMMEND_NUM,G_MIN,G_MAX,G_PLAYTIME,G_RELEASE,G_LEVEL,G_RULETIME,G_LANG,G_INTER,G_THEME,G_REPLAY,G_ARTWORK,G_CONTENTS,G_NUM,G_IMAGE,G_THUMBNAIL,G_NAME_KOR) values (325,'Onitama',to_date('20/04/09','RR/MM/DD'),to_date('20/04/09','RR/MM/DD'),0,0,2,2,20,2014,0,0,0,0,0,0,0,0,0,'https://cf.geekdo-images.com/original/img/jznzLfy3vTVhTzzPLDIIuZY-el0=/0x0/pic5032361.jpg','https://cf.geekdo-images.com/thumb/img/RpXd74OkYKPILMJd1bAd5bSEW6o=/fit-in/200x150/pic5032361.jpg',null);
Insert into DB_SAWEE.GAME (G_NO,G_NAME,G_WRITTEN_DATE,G_UPDATED_DATE,G_HIT,G_RECOMMEND_NUM,G_MIN,G_MAX,G_PLAYTIME,G_RELEASE,G_LEVEL,G_RULETIME,G_LANG,G_INTER,G_THEME,G_REPLAY,G_ARTWORK,G_CONTENTS,G_NUM,G_IMAGE,G_THUMBNAIL,G_NAME_KOR) values (326,'Order of the Gilded Compass',to_date('20/04/09','RR/MM/DD'),to_date('20/04/09','RR/MM/DD'),0,0,2,5,60,2016,0,0,0,0,0,0,0,0,0,'https://cf.geekdo-images.com/original/img/yYlCpEeYEScSxaKJMwoDBQc3Y7o=/0x0/pic3067613.jpg','https://cf.geekdo-images.com/thumb/img/-U0wO6wD6sK2aEBlyZSXjuV6OYo=/fit-in/200x150/pic3067613.jpg',null);
Insert into DB_SAWEE.GAME (G_NO,G_NAME,G_WRITTEN_DATE,G_UPDATED_DATE,G_HIT,G_RECOMMEND_NUM,G_MIN,G_MAX,G_PLAYTIME,G_RELEASE,G_LEVEL,G_RULETIME,G_LANG,G_INTER,G_THEME,G_REPLAY,G_ARTWORK,G_CONTENTS,G_NUM,G_IMAGE,G_THUMBNAIL,G_NAME_KOR) values (327,'Orléans',to_date('20/04/09','RR/MM/DD'),to_date('20/04/09','RR/MM/DD'),0,0,2,4,90,2014,0,0,0,0,0,0,0,0,0,'https://cf.geekdo-images.com/original/img/RLjWKyzXimMFiQOa8uwo9ZWWOGM=/0x0/pic2578828.png','https://cf.geekdo-images.com/thumb/img/tUSvchXqRtwRDMxcqfwoRoUlpAE=/fit-in/200x150/pic2578828.png',null);
Insert into DB_SAWEE.GAME (G_NO,G_NAME,G_WRITTEN_DATE,G_UPDATED_DATE,G_HIT,G_RECOMMEND_NUM,G_MIN,G_MAX,G_PLAYTIME,G_RELEASE,G_LEVEL,G_RULETIME,G_LANG,G_INTER,G_THEME,G_REPLAY,G_ARTWORK,G_CONTENTS,G_NUM,G_IMAGE,G_THUMBNAIL,G_NAME_KOR) values (328,'Orléans: Invasion',to_date('20/04/09','RR/MM/DD'),to_date('20/04/09','RR/MM/DD'),0,0,1,5,120,2015,0,0,0,0,0,0,0,0,0,'https://cf.geekdo-images.com/original/img/ni9u413aO77OFT3I_KYw0XyCBcw=/0x0/pic3146540.jpg','https://cf.geekdo-images.com/thumb/img/tKzITcoybZqyWQCLQ1Pl1HYLqmI=/fit-in/200x150/pic3146540.jpg',null);
Insert into DB_SAWEE.GAME (G_NO,G_NAME,G_WRITTEN_DATE,G_UPDATED_DATE,G_HIT,G_RECOMMEND_NUM,G_MIN,G_MAX,G_PLAYTIME,G_RELEASE,G_LEVEL,G_RULETIME,G_LANG,G_INTER,G_THEME,G_REPLAY,G_ARTWORK,G_CONTENTS,G_NUM,G_IMAGE,G_THUMBNAIL,G_NAME_KOR) values (329,'Outside the Scope of BGG',to_date('20/04/09','RR/MM/DD'),to_date('20/04/09','RR/MM/DD'),0,0,2,8,50,2009,0,0,0,0,0,0,0,0,0,'https://cf.geekdo-images.com/original/img/0hEl_-kdsuD260_AwGWNqO21xoE=/0x0/pic193671.jpg','https://cf.geekdo-images.com/thumb/img/CjaW1fl9FznsEX5Dx9uJC5_mLkk=/fit-in/200x150/pic193671.jpg',null);
Insert into DB_SAWEE.GAME (G_NO,G_NAME,G_WRITTEN_DATE,G_UPDATED_DATE,G_HIT,G_RECOMMEND_NUM,G_MIN,G_MAX,G_PLAYTIME,G_RELEASE,G_LEVEL,G_RULETIME,G_LANG,G_INTER,G_THEME,G_REPLAY,G_ARTWORK,G_CONTENTS,G_NUM,G_IMAGE,G_THUMBNAIL,G_NAME_KOR) values (330,'Pandemic',to_date('20/04/09','RR/MM/DD'),to_date('20/04/09','RR/MM/DD'),0,0,2,4,45,2008,0,0,0,0,0,0,0,0,0,'https://cf.geekdo-images.com/original/img/j-pfXZ_0GmOowohzD_T6NDAWGSA=/0x0/pic1534148.jpg','https://cf.geekdo-images.com/thumb/img/HEKrtpTC1y1amXh5cKnVvowyE5Y=/fit-in/200x150/pic1534148.jpg',null);
Insert into DB_SAWEE.GAME (G_NO,G_NAME,G_WRITTEN_DATE,G_UPDATED_DATE,G_HIT,G_RECOMMEND_NUM,G_MIN,G_MAX,G_PLAYTIME,G_RELEASE,G_LEVEL,G_RULETIME,G_LANG,G_INTER,G_THEME,G_REPLAY,G_ARTWORK,G_CONTENTS,G_NUM,G_IMAGE,G_THUMBNAIL,G_NAME_KOR) values (331,'Pandemic Legacy: Season 1',to_date('20/04/09','RR/MM/DD'),to_date('20/04/09','RR/MM/DD'),0,0,2,4,60,2015,0,0,0,0,0,0,0,0,0,'https://cf.geekdo-images.com/original/img/P_SwsOtPLqgk2ScCgI2YrI9Rg6I=/0x0/pic2452831.png','https://cf.geekdo-images.com/thumb/img/WI5NmPd9C3PpRvHKoP4a0Ettlao=/fit-in/200x150/pic2452831.png',null);
Insert into DB_SAWEE.GAME (G_NO,G_NAME,G_WRITTEN_DATE,G_UPDATED_DATE,G_HIT,G_RECOMMEND_NUM,G_MIN,G_MAX,G_PLAYTIME,G_RELEASE,G_LEVEL,G_RULETIME,G_LANG,G_INTER,G_THEME,G_REPLAY,G_ARTWORK,G_CONTENTS,G_NUM,G_IMAGE,G_THUMBNAIL,G_NAME_KOR) values (332,'Pandemic: Contagion',to_date('20/04/09','RR/MM/DD'),to_date('20/04/09','RR/MM/DD'),0,0,2,5,30,2014,0,0,0,0,0,0,0,0,0,'https://cf.geekdo-images.com/original/img/0LUO05I306aKfd2Xjweub4NKbRg=/0x0/pic2037506.png','https://cf.geekdo-images.com/thumb/img/UX5Kq6tLGsfMhsQJI1hBTMAd_yA=/fit-in/200x150/pic2037506.png',null);
Insert into DB_SAWEE.GAME (G_NO,G_NAME,G_WRITTEN_DATE,G_UPDATED_DATE,G_HIT,G_RECOMMEND_NUM,G_MIN,G_MAX,G_PLAYTIME,G_RELEASE,G_LEVEL,G_RULETIME,G_LANG,G_INTER,G_THEME,G_REPLAY,G_ARTWORK,G_CONTENTS,G_NUM,G_IMAGE,G_THUMBNAIL,G_NAME_KOR) values (333,'Pandemic: In the Lab',to_date('20/04/09','RR/MM/DD'),to_date('20/04/09','RR/MM/DD'),0,0,1,6,60,2013,0,0,0,0,0,0,0,0,0,'https://cf.geekdo-images.com/original/img/zYXQYgCwmGKH2wesnLCvNDtadiQ=/0x0/pic1632485.jpg','https://cf.geekdo-images.com/thumb/img/FiMp4yZVQaQQ9jUyRgLynoFHEaY=/fit-in/200x150/pic1632485.jpg',null);
Insert into DB_SAWEE.GAME (G_NO,G_NAME,G_WRITTEN_DATE,G_UPDATED_DATE,G_HIT,G_RECOMMEND_NUM,G_MIN,G_MAX,G_PLAYTIME,G_RELEASE,G_LEVEL,G_RULETIME,G_LANG,G_INTER,G_THEME,G_REPLAY,G_ARTWORK,G_CONTENTS,G_NUM,G_IMAGE,G_THUMBNAIL,G_NAME_KOR) values (334,'Pandemic: On the Brink',to_date('20/04/09','RR/MM/DD'),to_date('20/04/09','RR/MM/DD'),0,0,2,5,45,2009,0,0,0,0,0,0,0,0,0,'https://cf.geekdo-images.com/original/img/pF0Z_zMZYhp2sTxMiLa1Wu_Bg0Y=/0x0/pic1546621.jpg','https://cf.geekdo-images.com/thumb/img/q1mktaBVsfY6wXhQ-bm3WtpaZpU=/fit-in/200x150/pic1546621.jpg',null);
Insert into DB_SAWEE.GAME (G_NO,G_NAME,G_WRITTEN_DATE,G_UPDATED_DATE,G_HIT,G_RECOMMEND_NUM,G_MIN,G_MAX,G_PLAYTIME,G_RELEASE,G_LEVEL,G_RULETIME,G_LANG,G_INTER,G_THEME,G_REPLAY,G_ARTWORK,G_CONTENTS,G_NUM,G_IMAGE,G_THUMBNAIL,G_NAME_KOR) values (335,'Pandemic: Reign of Cthulhu',to_date('20/04/09','RR/MM/DD'),to_date('20/04/09','RR/MM/DD'),0,0,2,4,40,2016,0,0,0,0,0,0,0,0,0,'https://cf.geekdo-images.com/original/img/0dIqDhB7veQw2HQ-ecKjcon3IoY=/0x0/pic2866737.png','https://cf.geekdo-images.com/thumb/img/pQ7u1wugC1Ik_LDkc7Qq1GYIwAU=/fit-in/200x150/pic2866737.png',null);
Insert into DB_SAWEE.GAME (G_NO,G_NAME,G_WRITTEN_DATE,G_UPDATED_DATE,G_HIT,G_RECOMMEND_NUM,G_MIN,G_MAX,G_PLAYTIME,G_RELEASE,G_LEVEL,G_RULETIME,G_LANG,G_INTER,G_THEME,G_REPLAY,G_ARTWORK,G_CONTENTS,G_NUM,G_IMAGE,G_THUMBNAIL,G_NAME_KOR) values (336,'Pandemic: State of Emergency',to_date('20/04/09','RR/MM/DD'),to_date('20/04/09','RR/MM/DD'),0,0,2,4,45,2015,0,0,0,0,0,0,0,0,0,'https://cf.geekdo-images.com/original/img/aU3J_mMj3-7RqTIcLaaB_2kZ_b8=/0x0/pic2297198.png','https://cf.geekdo-images.com/thumb/img/d5BlNFN880X4VFyhLxLsdL0NK-I=/fit-in/200x150/pic2297198.png',null);
Insert into DB_SAWEE.GAME (G_NO,G_NAME,G_WRITTEN_DATE,G_UPDATED_DATE,G_HIT,G_RECOMMEND_NUM,G_MIN,G_MAX,G_PLAYTIME,G_RELEASE,G_LEVEL,G_RULETIME,G_LANG,G_INTER,G_THEME,G_REPLAY,G_ARTWORK,G_CONTENTS,G_NUM,G_IMAGE,G_THUMBNAIL,G_NAME_KOR) values (337,'Pandemic: The Cure',to_date('20/04/09','RR/MM/DD'),to_date('20/04/09','RR/MM/DD'),0,0,2,5,30,2014,0,0,0,0,0,0,0,0,0,'https://cf.geekdo-images.com/original/img/YZPY32nliJsyXGE7B7uM_v3TMB4=/0x0/pic2225998.jpg','https://cf.geekdo-images.com/thumb/img/62-a2_6G9kJWtM6i2xhuzhhZMXg=/fit-in/200x150/pic2225998.jpg',null);
Insert into DB_SAWEE.GAME (G_NO,G_NAME,G_WRITTEN_DATE,G_UPDATED_DATE,G_HIT,G_RECOMMEND_NUM,G_MIN,G_MAX,G_PLAYTIME,G_RELEASE,G_LEVEL,G_RULETIME,G_LANG,G_INTER,G_THEME,G_REPLAY,G_ARTWORK,G_CONTENTS,G_NUM,G_IMAGE,G_THUMBNAIL,G_NAME_KOR) values (338,'Paperback',to_date('20/04/09','RR/MM/DD'),to_date('20/04/09','RR/MM/DD'),0,0,2,5,45,2014,0,0,0,0,0,0,0,0,0,'https://cf.geekdo-images.com/original/img/UzrdvNP-zb27P9xS_PD2IIozcLg=/0x0/pic1991455.jpg','https://cf.geekdo-images.com/thumb/img/qpI06yrY6cnlKqqdMHMfJywXXCU=/fit-in/200x150/pic1991455.jpg',null);
Insert into DB_SAWEE.GAME (G_NO,G_NAME,G_WRITTEN_DATE,G_UPDATED_DATE,G_HIT,G_RECOMMEND_NUM,G_MIN,G_MAX,G_PLAYTIME,G_RELEASE,G_LEVEL,G_RULETIME,G_LANG,G_INTER,G_THEME,G_REPLAY,G_ARTWORK,G_CONTENTS,G_NUM,G_IMAGE,G_THUMBNAIL,G_NAME_KOR) values (339,'Patchwork',to_date('20/04/09','RR/MM/DD'),to_date('20/04/09','RR/MM/DD'),0,0,2,2,30,2014,0,0,0,0,0,0,0,0,0,'https://cf.geekdo-images.com/original/img/Z8MYZktgvGTtIikMv9HSpD_ERAI=/0x0/pic2270442.jpg','https://cf.geekdo-images.com/thumb/img/3KaofJ_Nl0a7lOFXS9PveSmQ7vE=/fit-in/200x150/pic2270442.jpg',null);
Insert into DB_SAWEE.GAME (G_NO,G_NAME,G_WRITTEN_DATE,G_UPDATED_DATE,G_HIT,G_RECOMMEND_NUM,G_MIN,G_MAX,G_PLAYTIME,G_RELEASE,G_LEVEL,G_RULETIME,G_LANG,G_INTER,G_THEME,G_REPLAY,G_ARTWORK,G_CONTENTS,G_NUM,G_IMAGE,G_THUMBNAIL,G_NAME_KOR) values (286,'Love Letter: The Hobbit – The Battle of the Five Armies',to_date('20/04/09','RR/MM/DD'),to_date('20/04/09','RR/MM/DD'),0,0,2,4,30,2015,0,0,0,0,0,0,0,0,0,'https://cf.geekdo-images.com/original/img/s9D7zjk0tSU2PWrW8rznOzp0G4w=/0x0/pic2293327.jpg','https://cf.geekdo-images.com/thumb/img/iLfdw4w3h8cl0nh8yN6NLUz6rGA=/fit-in/200x150/pic2293327.jpg',null);
Insert into DB_SAWEE.GAME (G_NO,G_NAME,G_WRITTEN_DATE,G_UPDATED_DATE,G_HIT,G_RECOMMEND_NUM,G_MIN,G_MAX,G_PLAYTIME,G_RELEASE,G_LEVEL,G_RULETIME,G_LANG,G_INTER,G_THEME,G_REPLAY,G_ARTWORK,G_CONTENTS,G_NUM,G_IMAGE,G_THUMBNAIL,G_NAME_KOR) values (287,'Lunarchitects',to_date('20/04/09','RR/MM/DD'),to_date('20/04/09','RR/MM/DD'),0,0,1,5,60,2016,0,0,0,0,0,0,0,0,0,'https://cf.geekdo-images.com/original/img/i7bqF5hOC9ICnAltvjuNzLlHFM0=/0x0/pic2748912.jpg','https://cf.geekdo-images.com/thumb/img/6bLZakW7bVMC2EHxa1KI8cAmaZA=/fit-in/200x150/pic2748912.jpg',null);
Insert into DB_SAWEE.GAME (G_NO,G_NAME,G_WRITTEN_DATE,G_UPDATED_DATE,G_HIT,G_RECOMMEND_NUM,G_MIN,G_MAX,G_PLAYTIME,G_RELEASE,G_LEVEL,G_RULETIME,G_LANG,G_INTER,G_THEME,G_REPLAY,G_ARTWORK,G_CONTENTS,G_NUM,G_IMAGE,G_THUMBNAIL,G_NAME_KOR) values (288,'Machi Koro',to_date('20/04/09','RR/MM/DD'),to_date('20/04/09','RR/MM/DD'),0,0,2,4,30,2012,0,0,0,0,0,0,0,0,0,'https://cf.geekdo-images.com/original/img/-0UXAhHj3Q992K_q2lOVDkjgjTo=/0x0/pic4783831.png','https://cf.geekdo-images.com/thumb/img/DSYk4MtXVS2eP6-X0qWYGGOCMpM=/fit-in/200x150/pic4783831.png',null);
Insert into DB_SAWEE.GAME (G_NO,G_NAME,G_WRITTEN_DATE,G_UPDATED_DATE,G_HIT,G_RECOMMEND_NUM,G_MIN,G_MAX,G_PLAYTIME,G_RELEASE,G_LEVEL,G_RULETIME,G_LANG,G_INTER,G_THEME,G_REPLAY,G_ARTWORK,G_CONTENTS,G_NUM,G_IMAGE,G_THUMBNAIL,G_NAME_KOR) values (289,'Machi Koro: Harbor',to_date('20/04/09','RR/MM/DD'),to_date('20/04/09','RR/MM/DD'),0,0,2,5,30,2012,0,0,0,0,0,0,0,0,0,'https://cf.geekdo-images.com/original/img/d9k8b5stSast1I9MdRoU1H_bvwU=/0x0/pic2034049.jpg','https://cf.geekdo-images.com/thumb/img/p82KJEnA5pWcHO-jg1-GbfB0O6g=/fit-in/200x150/pic2034049.jpg',null);
Insert into DB_SAWEE.GAME (G_NO,G_NAME,G_WRITTEN_DATE,G_UPDATED_DATE,G_HIT,G_RECOMMEND_NUM,G_MIN,G_MAX,G_PLAYTIME,G_RELEASE,G_LEVEL,G_RULETIME,G_LANG,G_INTER,G_THEME,G_REPLAY,G_ARTWORK,G_CONTENTS,G_NUM,G_IMAGE,G_THUMBNAIL,G_NAME_KOR) values (290,'Mad City',to_date('20/04/09','RR/MM/DD'),to_date('20/04/09','RR/MM/DD'),0,0,1,6,30,2014,0,0,0,0,0,0,0,0,0,'https://cf.geekdo-images.com/original/img/bEU1porGQTjxsq_YYfhii9dYOUk=/0x0/pic1867064.jpg','https://cf.geekdo-images.com/thumb/img/dHiKeXUsLmCGD4Pr9go4HcBmHDU=/fit-in/200x150/pic1867064.jpg',null);
Insert into DB_SAWEE.GAME (G_NO,G_NAME,G_WRITTEN_DATE,G_UPDATED_DATE,G_HIT,G_RECOMMEND_NUM,G_MIN,G_MAX,G_PLAYTIME,G_RELEASE,G_LEVEL,G_RULETIME,G_LANG,G_INTER,G_THEME,G_REPLAY,G_ARTWORK,G_CONTENTS,G_NUM,G_IMAGE,G_THUMBNAIL,G_NAME_KOR) values (291,'Mage Knight Board Game',to_date('20/04/09','RR/MM/DD'),to_date('20/04/09','RR/MM/DD'),0,0,1,4,240,2011,0,0,0,0,0,0,0,0,0,'https://cf.geekdo-images.com/original/img/AGyvx6NYd6Kq4HUztAObQVLEFWY=/0x0/pic1083380.jpg','https://cf.geekdo-images.com/thumb/img/H1uPmDmOdUnsnylMEwBILm_n_S0=/fit-in/200x150/pic1083380.jpg',null);
Insert into DB_SAWEE.GAME (G_NO,G_NAME,G_WRITTEN_DATE,G_UPDATED_DATE,G_HIT,G_RECOMMEND_NUM,G_MIN,G_MAX,G_PLAYTIME,G_RELEASE,G_LEVEL,G_RULETIME,G_LANG,G_INTER,G_THEME,G_REPLAY,G_ARTWORK,G_CONTENTS,G_NUM,G_IMAGE,G_THUMBNAIL,G_NAME_KOR) values (292,'Mage Knight Board Game: Krang Character Expansion',to_date('20/04/09','RR/MM/DD'),to_date('20/04/09','RR/MM/DD'),0,0,1,5,90,2013,0,0,0,0,0,0,0,0,0,'https://cf.geekdo-images.com/original/img/5FQ3gR3ccdCOaRrS0yzkPmvXFig=/0x0/pic1883789.jpg','https://cf.geekdo-images.com/thumb/img/A4HEHD_f3Hp2eynDQDvgpQ3i_mg=/fit-in/200x150/pic1883789.jpg',null);
Insert into DB_SAWEE.GAME (G_NO,G_NAME,G_WRITTEN_DATE,G_UPDATED_DATE,G_HIT,G_RECOMMEND_NUM,G_MIN,G_MAX,G_PLAYTIME,G_RELEASE,G_LEVEL,G_RULETIME,G_LANG,G_INTER,G_THEME,G_REPLAY,G_ARTWORK,G_CONTENTS,G_NUM,G_IMAGE,G_THUMBNAIL,G_NAME_KOR) values (293,'Mage Knight Board Game: The Lost Legion Expansion',to_date('20/04/09','RR/MM/DD'),to_date('20/04/09','RR/MM/DD'),0,0,1,5,240,2012,0,0,0,0,0,0,0,0,0,'https://cf.geekdo-images.com/original/img/VStnQwDTwOYwK_KgxrxAcPuNtxI=/0x0/pic1421682.jpg','https://cf.geekdo-images.com/thumb/img/ufZNbUoghoJWXwTw22SUW3M6t8E=/fit-in/200x150/pic1421682.jpg',null);
Insert into DB_SAWEE.GAME (G_NO,G_NAME,G_WRITTEN_DATE,G_UPDATED_DATE,G_HIT,G_RECOMMEND_NUM,G_MIN,G_MAX,G_PLAYTIME,G_RELEASE,G_LEVEL,G_RULETIME,G_LANG,G_INTER,G_THEME,G_REPLAY,G_ARTWORK,G_CONTENTS,G_NUM,G_IMAGE,G_THUMBNAIL,G_NAME_KOR) values (294,'Mammut',to_date('20/04/09','RR/MM/DD'),to_date('20/04/09','RR/MM/DD'),0,0,2,5,30,2011,0,0,0,0,0,0,0,0,0,'https://cf.geekdo-images.com/original/img/De9ChiCyjsvbJIe6h1AnKw5ymgU=/0x0/pic1154690.jpg','https://cf.geekdo-images.com/thumb/img/LMeUeHfTW_lsnvP0u2csFUQBc3I=/fit-in/200x150/pic1154690.jpg',null);
Insert into DB_SAWEE.GAME (G_NO,G_NAME,G_WRITTEN_DATE,G_UPDATED_DATE,G_HIT,G_RECOMMEND_NUM,G_MIN,G_MAX,G_PLAYTIME,G_RELEASE,G_LEVEL,G_RULETIME,G_LANG,G_INTER,G_THEME,G_REPLAY,G_ARTWORK,G_CONTENTS,G_NUM,G_IMAGE,G_THUMBNAIL,G_NAME_KOR) values (295,'The Manhattan Project',to_date('20/04/09','RR/MM/DD'),to_date('20/04/09','RR/MM/DD'),0,0,2,5,120,2012,0,0,0,0,0,0,0,0,0,'https://cf.geekdo-images.com/original/img/GhNCYY9ALHoRAoiy2i5qTfGHKoE=/0x0/pic1222522.jpg','https://cf.geekdo-images.com/thumb/img/2w7yNP6SiXuIRQnjXl1geD_0J1M=/fit-in/200x150/pic1222522.jpg',null);
Insert into DB_SAWEE.GAME (G_NO,G_NAME,G_WRITTEN_DATE,G_UPDATED_DATE,G_HIT,G_RECOMMEND_NUM,G_MIN,G_MAX,G_PLAYTIME,G_RELEASE,G_LEVEL,G_RULETIME,G_LANG,G_INTER,G_THEME,G_REPLAY,G_ARTWORK,G_CONTENTS,G_NUM,G_IMAGE,G_THUMBNAIL,G_NAME_KOR) values (296,'The Manhattan Project: Nations Expansion',to_date('20/04/09','RR/MM/DD'),to_date('20/04/09','RR/MM/DD'),0,0,2,5,120,2012,0,0,0,0,0,0,0,0,0,'https://cf.geekdo-images.com/original/img/QDRqpe-AQ_uXDBVz740I_j5fKqQ=/0x0/pic1092706.jpg','https://cf.geekdo-images.com/thumb/img/ijjvXLOg9_guGrwbZyw--LN2gz0=/fit-in/200x150/pic1092706.jpg',null);
Insert into DB_SAWEE.GAME (G_NO,G_NAME,G_WRITTEN_DATE,G_UPDATED_DATE,G_HIT,G_RECOMMEND_NUM,G_MIN,G_MAX,G_PLAYTIME,G_RELEASE,G_LEVEL,G_RULETIME,G_LANG,G_INTER,G_THEME,G_REPLAY,G_ARTWORK,G_CONTENTS,G_NUM,G_IMAGE,G_THUMBNAIL,G_NAME_KOR) values (297,'Mansions of Madness: Second Edition',to_date('20/04/09','RR/MM/DD'),to_date('20/04/09','RR/MM/DD'),0,0,1,5,180,2016,0,0,0,0,0,0,0,0,0,'https://cf.geekdo-images.com/original/img/0jncNnMHVZqa4u3oMwVm2Zn84q8=/0x0/pic3118622.jpg','https://cf.geekdo-images.com/thumb/img/qsLtD7DnKVi5AZG206MTRah6CUU=/fit-in/200x150/pic3118622.jpg',null);
Insert into DB_SAWEE.GAME (G_NO,G_NAME,G_WRITTEN_DATE,G_UPDATED_DATE,G_HIT,G_RECOMMEND_NUM,G_MIN,G_MAX,G_PLAYTIME,G_RELEASE,G_LEVEL,G_RULETIME,G_LANG,G_INTER,G_THEME,G_REPLAY,G_ARTWORK,G_CONTENTS,G_NUM,G_IMAGE,G_THUMBNAIL,G_NAME_KOR) values (298,'Mare Nostrum: Empires',to_date('20/04/09','RR/MM/DD'),to_date('20/04/09','RR/MM/DD'),0,0,3,5,120,2016,0,0,0,0,0,0,0,0,0,'https://cf.geekdo-images.com/original/img/ALoQOAuFLsHAmD_jiMY0uR_8fTk=/0x0/pic2648963.jpg','https://cf.geekdo-images.com/thumb/img/J7f8d0MLtMnIxzvpl_z9ZiMMYkk=/fit-in/200x150/pic2648963.jpg',null);
Insert into DB_SAWEE.GAME (G_NO,G_NAME,G_WRITTEN_DATE,G_UPDATED_DATE,G_HIT,G_RECOMMEND_NUM,G_MIN,G_MAX,G_PLAYTIME,G_RELEASE,G_LEVEL,G_RULETIME,G_LANG,G_INTER,G_THEME,G_REPLAY,G_ARTWORK,G_CONTENTS,G_NUM,G_IMAGE,G_THUMBNAIL,G_NAME_KOR) values (299,'Mare Nostrum: Empires – Atlas Expansion',to_date('20/04/09','RR/MM/DD'),to_date('20/04/09','RR/MM/DD'),0,0,2,6,120,2016,0,0,0,0,0,0,0,0,0,'https://cf.geekdo-images.com/original/img/Hqkh0OnPtAi77APONnpZS2XSi9g=/0x0/pic3187544.jpg','https://cf.geekdo-images.com/thumb/img/BHUqyvfPgokxK9lWh4aDiJO0lvs=/fit-in/200x150/pic3187544.jpg',null);
Insert into DB_SAWEE.GAME (G_NO,G_NAME,G_WRITTEN_DATE,G_UPDATED_DATE,G_HIT,G_RECOMMEND_NUM,G_MIN,G_MAX,G_PLAYTIME,G_RELEASE,G_LEVEL,G_RULETIME,G_LANG,G_INTER,G_THEME,G_REPLAY,G_ARTWORK,G_CONTENTS,G_NUM,G_IMAGE,G_THUMBNAIL,G_NAME_KOR) values (300,'Martian Dice',to_date('20/04/09','RR/MM/DD'),to_date('20/04/09','RR/MM/DD'),0,0,2,6,10,2011,0,0,0,0,0,0,0,0,0,'https://cf.geekdo-images.com/original/img/shi8-_lXZ4_BQWKjmg0wQ4WUjx4=/0x0/pic1516575.jpg','https://cf.geekdo-images.com/thumb/img/F8ltwoFZhZcBQTq3tLUF984_8Ek=/fit-in/200x150/pic1516575.jpg',null);
Insert into DB_SAWEE.GAME (G_NO,G_NAME,G_WRITTEN_DATE,G_UPDATED_DATE,G_HIT,G_RECOMMEND_NUM,G_MIN,G_MAX,G_PLAYTIME,G_RELEASE,G_LEVEL,G_RULETIME,G_LANG,G_INTER,G_THEME,G_REPLAY,G_ARTWORK,G_CONTENTS,G_NUM,G_IMAGE,G_THUMBNAIL,G_NAME_KOR) values (301,'Medina',to_date('20/04/09','RR/MM/DD'),to_date('20/04/09','RR/MM/DD'),0,0,3,4,60,2001,0,0,0,0,0,0,0,0,0,'https://cf.geekdo-images.com/original/img/m6U-8kdaU1LZRPK2Fk3VyHXZokQ=/0x0/pic580033.jpg','https://cf.geekdo-images.com/thumb/img/Y4n6G67tQoB8B3hSoWPRE5y7D7U=/fit-in/200x150/pic580033.jpg',null);
Insert into DB_SAWEE.GAME (G_NO,G_NAME,G_WRITTEN_DATE,G_UPDATED_DATE,G_HIT,G_RECOMMEND_NUM,G_MIN,G_MAX,G_PLAYTIME,G_RELEASE,G_LEVEL,G_RULETIME,G_LANG,G_INTER,G_THEME,G_REPLAY,G_ARTWORK,G_CONTENTS,G_NUM,G_IMAGE,G_THUMBNAIL,G_NAME_KOR) values (302,'Memoir ''44',to_date('20/04/09','RR/MM/DD'),to_date('20/04/09','RR/MM/DD'),0,0,2,8,60,2004,0,0,0,0,0,0,0,0,0,'https://cf.geekdo-images.com/original/img/BWLGASv5ywVok8Be-qxkuM4AqtY=/0x0/pic43663.jpg','https://cf.geekdo-images.com/thumb/img/iPrFRzEJAf3XFiN6Xn6ea9zHfoA=/fit-in/200x150/pic43663.jpg',null);
Insert into DB_SAWEE.GAME (G_NO,G_NAME,G_WRITTEN_DATE,G_UPDATED_DATE,G_HIT,G_RECOMMEND_NUM,G_MIN,G_MAX,G_PLAYTIME,G_RELEASE,G_LEVEL,G_RULETIME,G_LANG,G_INTER,G_THEME,G_REPLAY,G_ARTWORK,G_CONTENTS,G_NUM,G_IMAGE,G_THUMBNAIL,G_NAME_KOR) values (303,'Mexica',to_date('20/04/09','RR/MM/DD'),to_date('20/04/09','RR/MM/DD'),0,0,2,4,90,2002,0,0,0,0,0,0,0,0,0,'https://cf.geekdo-images.com/original/img/TyoXWDoz-i3iyuAtTuetkPBXRLk=/0x0/pic2470537.jpg','https://cf.geekdo-images.com/thumb/img/jLtc3CWFCp5YACLxqgvuoOxHOxA=/fit-in/200x150/pic2470537.jpg',null);
Insert into DB_SAWEE.GAME (G_NO,G_NAME,G_WRITTEN_DATE,G_UPDATED_DATE,G_HIT,G_RECOMMEND_NUM,G_MIN,G_MAX,G_PLAYTIME,G_RELEASE,G_LEVEL,G_RULETIME,G_LANG,G_INTER,G_THEME,G_REPLAY,G_ARTWORK,G_CONTENTS,G_NUM,G_IMAGE,G_THUMBNAIL,G_NAME_KOR) values (304,'Mice and Mystics',to_date('20/04/09','RR/MM/DD'),to_date('20/04/09','RR/MM/DD'),0,0,1,4,90,2012,0,0,0,0,0,0,0,0,0,'https://cf.geekdo-images.com/original/img/wdy7-YpSjOhHVnTSlMnkfk6JLCs=/0x0/pic1312072.jpg','https://cf.geekdo-images.com/thumb/img/8WuMrzEKo_PGwiDUJVyiiw6Xl9E=/fit-in/200x150/pic1312072.jpg',null);
Insert into DB_SAWEE.GAME (G_NO,G_NAME,G_WRITTEN_DATE,G_UPDATED_DATE,G_HIT,G_RECOMMEND_NUM,G_MIN,G_MAX,G_PLAYTIME,G_RELEASE,G_LEVEL,G_RULETIME,G_LANG,G_INTER,G_THEME,G_REPLAY,G_ARTWORK,G_CONTENTS,G_NUM,G_IMAGE,G_THUMBNAIL,G_NAME_KOR) values (305,'Milestones',to_date('20/04/09','RR/MM/DD'),to_date('20/04/09','RR/MM/DD'),0,0,2,4,60,2012,0,0,0,0,0,0,0,0,0,'https://cf.geekdo-images.com/original/img/b_xDlQTyh_A-iuVEN2Y0yiODsEw=/0x0/pic1336176.jpg','https://cf.geekdo-images.com/thumb/img/VtujCP72OTXicQZ5ybYELtXvEoE=/fit-in/200x150/pic1336176.jpg',null);
Insert into DB_SAWEE.GAME (G_NO,G_NAME,G_WRITTEN_DATE,G_UPDATED_DATE,G_HIT,G_RECOMMEND_NUM,G_MIN,G_MAX,G_PLAYTIME,G_RELEASE,G_LEVEL,G_RULETIME,G_LANG,G_INTER,G_THEME,G_REPLAY,G_ARTWORK,G_CONTENTS,G_NUM,G_IMAGE,G_THUMBNAIL,G_NAME_KOR) values (306,'Mission: Red Planet (Second Edition)',to_date('20/04/09','RR/MM/DD'),to_date('20/04/09','RR/MM/DD'),0,0,2,6,90,2015,0,0,0,0,0,0,0,0,0,'https://cf.geekdo-images.com/original/img/qEoLUDBpnVb0Zc4FGDqqZH9hp4s=/0x0/pic2499748.jpg','https://cf.geekdo-images.com/thumb/img/J_F3ROKXx4CGj7rG5sC_nLyUW9o=/fit-in/200x150/pic2499748.jpg',null);
Insert into DB_SAWEE.GAME (G_NO,G_NAME,G_WRITTEN_DATE,G_UPDATED_DATE,G_HIT,G_RECOMMEND_NUM,G_MIN,G_MAX,G_PLAYTIME,G_RELEASE,G_LEVEL,G_RULETIME,G_LANG,G_INTER,G_THEME,G_REPLAY,G_ARTWORK,G_CONTENTS,G_NUM,G_IMAGE,G_THUMBNAIL,G_NAME_KOR) values (307,'Monikers',to_date('20/04/09','RR/MM/DD'),to_date('20/04/09','RR/MM/DD'),0,0,4,16,60,2015,0,0,0,0,0,0,0,0,0,'https://cf.geekdo-images.com/original/img/BooQ_H0Vv2KV8yi2om3q-fIX1ko=/0x0/pic5248164.png','https://cf.geekdo-images.com/thumb/img/TD1DbdSGIEma25XGIwZ0fyVwE34=/fit-in/200x150/pic5248164.png',null);
Insert into DB_SAWEE.GAME (G_NO,G_NAME,G_WRITTEN_DATE,G_UPDATED_DATE,G_HIT,G_RECOMMEND_NUM,G_MIN,G_MAX,G_PLAYTIME,G_RELEASE,G_LEVEL,G_RULETIME,G_LANG,G_INTER,G_THEME,G_REPLAY,G_ARTWORK,G_CONTENTS,G_NUM,G_IMAGE,G_THUMBNAIL,G_NAME_KOR) values (308,'Morels',to_date('20/04/09','RR/MM/DD'),to_date('20/04/09','RR/MM/DD'),0,0,2,2,30,2012,0,0,0,0,0,0,0,0,0,'https://cf.geekdo-images.com/original/img/0pbRCKcXUJhv09e8snCnxmX_Ebk=/0x0/pic1284667.jpg','https://cf.geekdo-images.com/thumb/img/P3IkPfCoi5Ba9KTtn9Vp8aGS6DU=/fit-in/200x150/pic1284667.jpg',null);
Insert into DB_SAWEE.GAME (G_NO,G_NAME,G_WRITTEN_DATE,G_UPDATED_DATE,G_HIT,G_RECOMMEND_NUM,G_MIN,G_MAX,G_PLAYTIME,G_RELEASE,G_LEVEL,G_RULETIME,G_LANG,G_INTER,G_THEME,G_REPLAY,G_ARTWORK,G_CONTENTS,G_NUM,G_IMAGE,G_THUMBNAIL,G_NAME_KOR) values (309,'Mottainai',to_date('20/04/09','RR/MM/DD'),to_date('20/04/09','RR/MM/DD'),0,0,2,5,30,2015,0,0,0,0,0,0,0,0,0,'https://cf.geekdo-images.com/original/img/RWI7_orMS0UJYSqdiWVVUsWLqmI=/0x0/pic2688214.jpg','https://cf.geekdo-images.com/thumb/img/UNdMasGdhe2_9h6-tsLaRMF7cZ0=/fit-in/200x150/pic2688214.jpg',null);
Insert into DB_SAWEE.GAME (G_NO,G_NAME,G_WRITTEN_DATE,G_UPDATED_DATE,G_HIT,G_RECOMMEND_NUM,G_MIN,G_MAX,G_PLAYTIME,G_RELEASE,G_LEVEL,G_RULETIME,G_LANG,G_INTER,G_THEME,G_REPLAY,G_ARTWORK,G_CONTENTS,G_NUM,G_IMAGE,G_THUMBNAIL,G_NAME_KOR) values (310,'Mr. Jack',to_date('20/04/09','RR/MM/DD'),to_date('20/04/09','RR/MM/DD'),0,0,2,2,30,2006,0,0,0,0,0,0,0,0,0,'https://cf.geekdo-images.com/original/img/EMVEbNvm38lZHe6Jw12f7CnCiPY=/0x0/pic3066125.jpg','https://cf.geekdo-images.com/thumb/img/GBuA0H-JnvKetqDcsBZcMiQT8nU=/fit-in/200x150/pic3066125.jpg',null);
Insert into DB_SAWEE.GAME (G_NO,G_NAME,G_WRITTEN_DATE,G_UPDATED_DATE,G_HIT,G_RECOMMEND_NUM,G_MIN,G_MAX,G_PLAYTIME,G_RELEASE,G_LEVEL,G_RULETIME,G_LANG,G_INTER,G_THEME,G_REPLAY,G_ARTWORK,G_CONTENTS,G_NUM,G_IMAGE,G_THUMBNAIL,G_NAME_KOR) values (311,'Mr. Jack Extension',to_date('20/04/09','RR/MM/DD'),to_date('20/04/09','RR/MM/DD'),0,0,2,2,30,2007,0,0,0,0,0,0,0,0,0,'https://cf.geekdo-images.com/original/img/JSBVjd2cZybS33biKASFXrKIXec=/0x0/pic263545.jpg','https://cf.geekdo-images.com/thumb/img/HlqaqmYgvuyTRabP7Vnx-yK3lCo=/fit-in/200x150/pic263545.jpg',null);
Insert into DB_SAWEE.GAME (G_NO,G_NAME,G_WRITTEN_DATE,G_UPDATED_DATE,G_HIT,G_RECOMMEND_NUM,G_MIN,G_MAX,G_PLAYTIME,G_RELEASE,G_LEVEL,G_RULETIME,G_LANG,G_INTER,G_THEME,G_REPLAY,G_ARTWORK,G_CONTENTS,G_NUM,G_IMAGE,G_THUMBNAIL,G_NAME_KOR) values (312,'My Village',to_date('20/04/09','RR/MM/DD'),to_date('20/04/09','RR/MM/DD'),0,0,2,4,90,2015,0,0,0,0,0,0,0,0,0,'https://cf.geekdo-images.com/original/img/Qjsp8q0TNDXTA8nXB2v-m83hq9M=/0x0/pic2760567.jpg','https://cf.geekdo-images.com/thumb/img/K544yptI1maF7EqVyWxfX1OkpME=/fit-in/200x150/pic2760567.jpg',null);
Insert into DB_SAWEE.GAME (G_NO,G_NAME,G_WRITTEN_DATE,G_UPDATED_DATE,G_HIT,G_RECOMMEND_NUM,G_MIN,G_MAX,G_PLAYTIME,G_RELEASE,G_LEVEL,G_RULETIME,G_LANG,G_INTER,G_THEME,G_REPLAY,G_ARTWORK,G_CONTENTS,G_NUM,G_IMAGE,G_THUMBNAIL,G_NAME_KOR) values (261,'La Granja',to_date('20/04/09','RR/MM/DD'),to_date('20/04/09','RR/MM/DD'),0,0,1,4,120,2014,0,0,0,0,0,0,0,0,0,'https://cf.geekdo-images.com/original/img/bYiw2vhO2TVB5Dwq5_KzczLpTaQ=/0x0/pic2031777.jpg','https://cf.geekdo-images.com/thumb/img/PNwch0_XDn_qJYClQxN1oSZXfKA=/fit-in/200x150/pic2031777.jpg',null);
Insert into DB_SAWEE.GAME (G_NO,G_NAME,G_WRITTEN_DATE,G_UPDATED_DATE,G_HIT,G_RECOMMEND_NUM,G_MIN,G_MAX,G_PLAYTIME,G_RELEASE,G_LEVEL,G_RULETIME,G_LANG,G_INTER,G_THEME,G_REPLAY,G_ARTWORK,G_CONTENTS,G_NUM,G_IMAGE,G_THUMBNAIL,G_NAME_KOR) values (262,'Livestock Uprising',to_date('20/04/09','RR/MM/DD'),to_date('20/04/09','RR/MM/DD'),0,0,2,4,90,2014,0,0,0,0,0,0,0,0,0,'https://cf.geekdo-images.com/original/img/JfUvsM5eFwFEJOSgm5Tehx95EXI=/0x0/pic2232226.jpg','https://cf.geekdo-images.com/thumb/img/o7gkOvGfuqZOx55hKnaFektdvXU=/fit-in/200x150/pic2232226.jpg',null);
Insert into DB_SAWEE.GAME (G_NO,G_NAME,G_WRITTEN_DATE,G_UPDATED_DATE,G_HIT,G_RECOMMEND_NUM,G_MIN,G_MAX,G_PLAYTIME,G_RELEASE,G_LEVEL,G_RULETIME,G_LANG,G_INTER,G_THEME,G_REPLAY,G_ARTWORK,G_CONTENTS,G_NUM,G_IMAGE,G_THUMBNAIL,G_NAME_KOR) values (263,'London',to_date('20/04/09','RR/MM/DD'),to_date('20/04/09','RR/MM/DD'),0,0,2,4,90,2010,0,0,0,0,0,0,0,0,0,'https://cf.geekdo-images.com/original/img/g6bKMGx5rKwjKkGI8RbaJ9AYWI8=/0x0/pic770317.jpg','https://cf.geekdo-images.com/thumb/img/zo2Kl-qEFG5Wu9Myn-7nv4Cv4SQ=/fit-in/200x150/pic770317.jpg',null);
Insert into DB_SAWEE.GAME (G_NO,G_NAME,G_WRITTEN_DATE,G_UPDATED_DATE,G_HIT,G_RECOMMEND_NUM,G_MIN,G_MAX,G_PLAYTIME,G_RELEASE,G_LEVEL,G_RULETIME,G_LANG,G_INTER,G_THEME,G_REPLAY,G_ARTWORK,G_CONTENTS,G_NUM,G_IMAGE,G_THUMBNAIL,G_NAME_KOR) values (264,'Loony Quest',to_date('20/04/09','RR/MM/DD'),to_date('20/04/09','RR/MM/DD'),0,0,2,5,30,2015,0,0,0,0,0,0,0,0,0,'https://cf.geekdo-images.com/original/img/abp_2EVOj6Sl2B54Xi9JC73Ij64=/0x0/pic3043308.jpg','https://cf.geekdo-images.com/thumb/img/Di5n6qrA1rBqsEIZsI9dB5W4UH4=/fit-in/200x150/pic3043308.jpg',null);
Insert into DB_SAWEE.GAME (G_NO,G_NAME,G_WRITTEN_DATE,G_UPDATED_DATE,G_HIT,G_RECOMMEND_NUM,G_MIN,G_MAX,G_PLAYTIME,G_RELEASE,G_LEVEL,G_RULETIME,G_LANG,G_INTER,G_THEME,G_REPLAY,G_ARTWORK,G_CONTENTS,G_NUM,G_IMAGE,G_THUMBNAIL,G_NAME_KOR) values (265,'Lord of the Rings',to_date('20/04/09','RR/MM/DD'),to_date('20/04/09','RR/MM/DD'),0,0,2,5,90,2001,0,0,0,0,0,0,0,0,0,'https://cf.geekdo-images.com/original/img/qQPGNAncTPqvCFQdzYel-0kONKs=/0x0/pic479124.jpg','https://cf.geekdo-images.com/thumb/img/3hvowcMLjxJGsBHb8xFVnrwmMho=/fit-in/200x150/pic479124.jpg',null);
Insert into DB_SAWEE.GAME (G_NO,G_NAME,G_WRITTEN_DATE,G_UPDATED_DATE,G_HIT,G_RECOMMEND_NUM,G_MIN,G_MAX,G_PLAYTIME,G_RELEASE,G_LEVEL,G_RULETIME,G_LANG,G_INTER,G_THEME,G_REPLAY,G_ARTWORK,G_CONTENTS,G_NUM,G_IMAGE,G_THUMBNAIL,G_NAME_KOR) values (266,'The Lord of the Rings Dice Building Game',to_date('20/04/09','RR/MM/DD'),to_date('20/04/09','RR/MM/DD'),0,0,2,4,30,2013,0,0,0,0,0,0,0,0,0,'https://cf.geekdo-images.com/original/img/ZP0LzZBPy0uLNuAjGM6SggKgJko=/0x0/pic1624163.jpg','https://cf.geekdo-images.com/thumb/img/nbzYPb3O5oIdUiinCNP4fVhBOiY=/fit-in/200x150/pic1624163.jpg',null);
Insert into DB_SAWEE.GAME (G_NO,G_NAME,G_WRITTEN_DATE,G_UPDATED_DATE,G_HIT,G_RECOMMEND_NUM,G_MIN,G_MAX,G_PLAYTIME,G_RELEASE,G_LEVEL,G_RULETIME,G_LANG,G_INTER,G_THEME,G_REPLAY,G_ARTWORK,G_CONTENTS,G_NUM,G_IMAGE,G_THUMBNAIL,G_NAME_KOR) values (267,'The Lord of the Rings: The Card Game',to_date('20/04/09','RR/MM/DD'),to_date('20/04/09','RR/MM/DD'),0,0,1,2,60,2011,0,0,0,0,0,0,0,0,0,'https://cf.geekdo-images.com/original/img/TdAxQnbevAwD1oQ91K1KPckgjTk=/0x0/pic906495.jpg','https://cf.geekdo-images.com/thumb/img/ja4e2C4N1E9ilfUyAWrIEfsl8ig=/fit-in/200x150/pic906495.jpg',null);
Insert into DB_SAWEE.GAME (G_NO,G_NAME,G_WRITTEN_DATE,G_UPDATED_DATE,G_HIT,G_RECOMMEND_NUM,G_MIN,G_MAX,G_PLAYTIME,G_RELEASE,G_LEVEL,G_RULETIME,G_LANG,G_INTER,G_THEME,G_REPLAY,G_ARTWORK,G_CONTENTS,G_NUM,G_IMAGE,G_THUMBNAIL,G_NAME_KOR) values (268,'The Lord of the Rings: The Card Game – Heirs of Númenor',to_date('20/04/09','RR/MM/DD'),to_date('20/04/09','RR/MM/DD'),0,0,1,2,60,2012,0,0,0,0,0,0,0,0,0,'https://cf.geekdo-images.com/original/img/SRFY-RyTHyFqptNPspnVzBrtwaQ=/0x0/pic1405987.jpg','https://cf.geekdo-images.com/thumb/img/JofxRaYCEDaOedO4_MnPTiPX6xY=/fit-in/200x150/pic1405987.jpg',null);
Insert into DB_SAWEE.GAME (G_NO,G_NAME,G_WRITTEN_DATE,G_UPDATED_DATE,G_HIT,G_RECOMMEND_NUM,G_MIN,G_MAX,G_PLAYTIME,G_RELEASE,G_LEVEL,G_RULETIME,G_LANG,G_INTER,G_THEME,G_REPLAY,G_ARTWORK,G_CONTENTS,G_NUM,G_IMAGE,G_THUMBNAIL,G_NAME_KOR) values (269,'The Lord of the Rings: The Card Game – Khazad-dûm',to_date('20/04/09','RR/MM/DD'),to_date('20/04/09','RR/MM/DD'),0,0,1,2,60,2011,0,0,0,0,0,0,0,0,0,'https://cf.geekdo-images.com/original/img/Zb-4UGzRxD_ffyMqfrfkuzrPAJY=/0x0/pic1097391.jpg','https://cf.geekdo-images.com/thumb/img/bCmHfBGIGjNblLs8IOVdT5uxOmE=/fit-in/200x150/pic1097391.jpg',null);
Insert into DB_SAWEE.GAME (G_NO,G_NAME,G_WRITTEN_DATE,G_UPDATED_DATE,G_HIT,G_RECOMMEND_NUM,G_MIN,G_MAX,G_PLAYTIME,G_RELEASE,G_LEVEL,G_RULETIME,G_LANG,G_INTER,G_THEME,G_REPLAY,G_ARTWORK,G_CONTENTS,G_NUM,G_IMAGE,G_THUMBNAIL,G_NAME_KOR) values (270,'The Lord of the Rings: The Card Game – The Black Riders',to_date('20/04/09','RR/MM/DD'),to_date('20/04/09','RR/MM/DD'),0,0,1,2,60,2013,0,0,0,0,0,0,0,0,0,'https://cf.geekdo-images.com/original/img/Oem7umNQOZ_OlwqbTlG9gpeIbto=/0x0/pic1680705.jpg','https://cf.geekdo-images.com/thumb/img/1vtPPlPdYZtbVFdifCjhGCtVpRw=/fit-in/200x150/pic1680705.jpg',null);
Insert into DB_SAWEE.GAME (G_NO,G_NAME,G_WRITTEN_DATE,G_UPDATED_DATE,G_HIT,G_RECOMMEND_NUM,G_MIN,G_MAX,G_PLAYTIME,G_RELEASE,G_LEVEL,G_RULETIME,G_LANG,G_INTER,G_THEME,G_REPLAY,G_ARTWORK,G_CONTENTS,G_NUM,G_IMAGE,G_THUMBNAIL,G_NAME_KOR) values (271,'The Lord of the Rings: The Card Game – The Hobbit: On the Doorstep',to_date('20/04/09','RR/MM/DD'),to_date('20/04/09','RR/MM/DD'),0,0,1,2,40,2013,0,0,0,0,0,0,0,0,0,'https://cf.geekdo-images.com/original/img/awps53LUkdFVPBtO1EXvuAmzXBE=/0x0/pic1534818.jpg','https://cf.geekdo-images.com/thumb/img/u8mh4YTECSh8dqQMkEz6Hdcbxp8=/fit-in/200x150/pic1534818.jpg',null);
Insert into DB_SAWEE.GAME (G_NO,G_NAME,G_WRITTEN_DATE,G_UPDATED_DATE,G_HIT,G_RECOMMEND_NUM,G_MIN,G_MAX,G_PLAYTIME,G_RELEASE,G_LEVEL,G_RULETIME,G_LANG,G_INTER,G_THEME,G_REPLAY,G_ARTWORK,G_CONTENTS,G_NUM,G_IMAGE,G_THUMBNAIL,G_NAME_KOR) values (272,'The Lord of the Rings: The Card Game – The Hobbit: Over Hill and Under Hill',to_date('20/04/09','RR/MM/DD'),to_date('20/04/09','RR/MM/DD'),0,0,1,2,60,2012,0,0,0,0,0,0,0,0,0,'https://cf.geekdo-images.com/original/img/iMfsW-6h_P-vC08eCRh9nvKG1js=/0x0/pic1324319.jpg','https://cf.geekdo-images.com/thumb/img/vMfihtVJ3kR73yGSJwuZzSiPqew=/fit-in/200x150/pic1324319.jpg',null);
Insert into DB_SAWEE.GAME (G_NO,G_NAME,G_WRITTEN_DATE,G_UPDATED_DATE,G_HIT,G_RECOMMEND_NUM,G_MIN,G_MAX,G_PLAYTIME,G_RELEASE,G_LEVEL,G_RULETIME,G_LANG,G_INTER,G_THEME,G_REPLAY,G_ARTWORK,G_CONTENTS,G_NUM,G_IMAGE,G_THUMBNAIL,G_NAME_KOR) values (273,'The Lord of the Rings: The Card Game – The Lost Realm',to_date('20/04/09','RR/MM/DD'),to_date('20/04/09','RR/MM/DD'),0,0,1,2,60,2015,0,0,0,0,0,0,0,0,0,'https://cf.geekdo-images.com/original/img/__jAY6Ywe_IBN0WU3nES2ROm7Ag=/0x0/pic2387795.jpg','https://cf.geekdo-images.com/thumb/img/1oajvYOAFnm0WiNcvnomHYl1nF0=/fit-in/200x150/pic2387795.jpg',null);
Insert into DB_SAWEE.GAME (G_NO,G_NAME,G_WRITTEN_DATE,G_UPDATED_DATE,G_HIT,G_RECOMMEND_NUM,G_MIN,G_MAX,G_PLAYTIME,G_RELEASE,G_LEVEL,G_RULETIME,G_LANG,G_INTER,G_THEME,G_REPLAY,G_ARTWORK,G_CONTENTS,G_NUM,G_IMAGE,G_THUMBNAIL,G_NAME_KOR) values (274,'The Lord of the Rings: The Card Game – The Road Darkens',to_date('20/04/09','RR/MM/DD'),to_date('20/04/09','RR/MM/DD'),0,0,1,2,60,2014,0,0,0,0,0,0,0,0,0,'https://cf.geekdo-images.com/original/img/QTfqpqO51SEipfIA8RGDuB9FwmY=/0x0/pic1940742.jpg','https://cf.geekdo-images.com/thumb/img/6rgz-4k8o0NIuHUE8Kg6XpHtRzc=/fit-in/200x150/pic1940742.jpg',null);
Insert into DB_SAWEE.GAME (G_NO,G_NAME,G_WRITTEN_DATE,G_UPDATED_DATE,G_HIT,G_RECOMMEND_NUM,G_MIN,G_MAX,G_PLAYTIME,G_RELEASE,G_LEVEL,G_RULETIME,G_LANG,G_INTER,G_THEME,G_REPLAY,G_ARTWORK,G_CONTENTS,G_NUM,G_IMAGE,G_THUMBNAIL,G_NAME_KOR) values (275,'The Lord of the Rings: The Card Game – The Treason of Saruman',to_date('20/04/09','RR/MM/DD'),to_date('20/04/09','RR/MM/DD'),0,0,1,2,90,2015,0,0,0,0,0,0,0,0,0,'https://cf.geekdo-images.com/original/img/MJ2gzLsdsq9mcRHtLw8h4bEeFlo=/0x0/pic2355165.jpg','https://cf.geekdo-images.com/thumb/img/bySjozN9c969x8eA1VOhTlHV_Uw=/fit-in/200x150/pic2355165.jpg',null);
Insert into DB_SAWEE.GAME (G_NO,G_NAME,G_WRITTEN_DATE,G_UPDATED_DATE,G_HIT,G_RECOMMEND_NUM,G_MIN,G_MAX,G_PLAYTIME,G_RELEASE,G_LEVEL,G_RULETIME,G_LANG,G_INTER,G_THEME,G_REPLAY,G_ARTWORK,G_CONTENTS,G_NUM,G_IMAGE,G_THUMBNAIL,G_NAME_KOR) values (276,'The Lord of the Rings: The Card Game – The Voice of Isengard',to_date('20/04/09','RR/MM/DD'),to_date('20/04/09','RR/MM/DD'),0,0,1,2,60,2014,0,0,0,0,0,0,0,0,0,'https://cf.geekdo-images.com/original/img/o8PFsku5ifUHEQbHQywP1Bv7uOI=/0x0/pic1854812.jpg','https://cf.geekdo-images.com/thumb/img/qRtI51TcAv8EtLPNrDTBVa36Sdk=/fit-in/200x150/pic1854812.jpg',null);
Insert into DB_SAWEE.GAME (G_NO,G_NAME,G_WRITTEN_DATE,G_UPDATED_DATE,G_HIT,G_RECOMMEND_NUM,G_MIN,G_MAX,G_PLAYTIME,G_RELEASE,G_LEVEL,G_RULETIME,G_LANG,G_INTER,G_THEME,G_REPLAY,G_ARTWORK,G_CONTENTS,G_NUM,G_IMAGE,G_THUMBNAIL,G_NAME_KOR) values (277,'Lord of the Rings: The Confrontation',to_date('20/04/09','RR/MM/DD'),to_date('20/04/09','RR/MM/DD'),0,0,2,2,30,2013,0,0,0,0,0,0,0,0,0,'https://cf.geekdo-images.com/original/img/KTdCZeRym5uqGyfHNs6SmiKMycw=/0x0/pic1680704.jpg','https://cf.geekdo-images.com/thumb/img/EfIpnO-dhrQ55QbLLrKm-LJwCWM=/fit-in/200x150/pic1680704.jpg',null);
Insert into DB_SAWEE.GAME (G_NO,G_NAME,G_WRITTEN_DATE,G_UPDATED_DATE,G_HIT,G_RECOMMEND_NUM,G_MIN,G_MAX,G_PLAYTIME,G_RELEASE,G_LEVEL,G_RULETIME,G_LANG,G_INTER,G_THEME,G_REPLAY,G_ARTWORK,G_CONTENTS,G_NUM,G_IMAGE,G_THUMBNAIL,G_NAME_KOR) values (278,'The Lord of the Rings: The Return of the King Deck-Building Game',to_date('20/04/09','RR/MM/DD'),to_date('20/04/09','RR/MM/DD'),0,0,2,5,45,2014,0,0,0,0,0,0,0,0,0,'https://cf.geekdo-images.com/original/img/xYWTtdhPcD_y3Ziha4JjvrBU03k=/0x0/pic2454386.jpg','https://cf.geekdo-images.com/thumb/img/G6sqFyaysokUtUThopMBfJVleXU=/fit-in/200x150/pic2454386.jpg',null);
Insert into DB_SAWEE.GAME (G_NO,G_NAME,G_WRITTEN_DATE,G_UPDATED_DATE,G_HIT,G_RECOMMEND_NUM,G_MIN,G_MAX,G_PLAYTIME,G_RELEASE,G_LEVEL,G_RULETIME,G_LANG,G_INTER,G_THEME,G_REPLAY,G_ARTWORK,G_CONTENTS,G_NUM,G_IMAGE,G_THUMBNAIL,G_NAME_KOR) values (279,'Lords of Waterdeep',to_date('20/04/09','RR/MM/DD'),to_date('20/04/09','RR/MM/DD'),0,0,2,5,120,2012,0,0,0,0,0,0,0,0,0,'https://cf.geekdo-images.com/original/img/PTVnjG9ersdKq6feZTpq5SkiPPw=/0x0/pic1116080.jpg','https://cf.geekdo-images.com/thumb/img/26Ef_y4lLwV5qhRgZUAEpkno55g=/fit-in/200x150/pic1116080.jpg',null);
Insert into DB_SAWEE.GAME (G_NO,G_NAME,G_WRITTEN_DATE,G_UPDATED_DATE,G_HIT,G_RECOMMEND_NUM,G_MIN,G_MAX,G_PLAYTIME,G_RELEASE,G_LEVEL,G_RULETIME,G_LANG,G_INTER,G_THEME,G_REPLAY,G_ARTWORK,G_CONTENTS,G_NUM,G_IMAGE,G_THUMBNAIL,G_NAME_KOR) values (280,'Lords of Waterdeep: Scoundrels of Skullport',to_date('20/04/09','RR/MM/DD'),to_date('20/04/09','RR/MM/DD'),0,0,2,6,60,2013,0,0,0,0,0,0,0,0,0,'https://cf.geekdo-images.com/original/img/d7g42N7gm1JlZrJOxWfK36BN73A=/0x0/pic1590236.jpg','https://cf.geekdo-images.com/thumb/img/-6PRMaXnsSC8ekhyJ9PurvYXm7E=/fit-in/200x150/pic1590236.jpg',null);
Insert into DB_SAWEE.GAME (G_NO,G_NAME,G_WRITTEN_DATE,G_UPDATED_DATE,G_HIT,G_RECOMMEND_NUM,G_MIN,G_MAX,G_PLAYTIME,G_RELEASE,G_LEVEL,G_RULETIME,G_LANG,G_INTER,G_THEME,G_REPLAY,G_ARTWORK,G_CONTENTS,G_NUM,G_IMAGE,G_THUMBNAIL,G_NAME_KOR) values (281,'Lost Cities',to_date('20/04/09','RR/MM/DD'),to_date('20/04/09','RR/MM/DD'),0,0,2,2,30,1999,0,0,0,0,0,0,0,0,0,'https://cf.geekdo-images.com/original/img/d47X0B235NonZ2PJGCFGNZQVWvo=/0x0/pic4597095.jpg','https://cf.geekdo-images.com/thumb/img/9wbe0O4YeIw9q9YZ9wObFiEHooQ=/fit-in/200x150/pic4597095.jpg',null);
Insert into DB_SAWEE.GAME (G_NO,G_NAME,G_WRITTEN_DATE,G_UPDATED_DATE,G_HIT,G_RECOMMEND_NUM,G_MIN,G_MAX,G_PLAYTIME,G_RELEASE,G_LEVEL,G_RULETIME,G_LANG,G_INTER,G_THEME,G_REPLAY,G_ARTWORK,G_CONTENTS,G_NUM,G_IMAGE,G_THUMBNAIL,G_NAME_KOR) values (282,'Lost Cities: The Board Game',to_date('20/04/09','RR/MM/DD'),to_date('20/04/09','RR/MM/DD'),0,0,2,4,60,2008,0,0,0,0,0,0,0,0,0,'https://cf.geekdo-images.com/original/img/Q1CXy-F80iALu3tnuo1eOK1_mBw=/0x0/pic4597093.jpg','https://cf.geekdo-images.com/thumb/img/FF7FtfkpsKXoB9hq62JCPOchfEw=/fit-in/200x150/pic4597093.jpg',null);
Insert into DB_SAWEE.GAME (G_NO,G_NAME,G_WRITTEN_DATE,G_UPDATED_DATE,G_HIT,G_RECOMMEND_NUM,G_MIN,G_MAX,G_PLAYTIME,G_RELEASE,G_LEVEL,G_RULETIME,G_LANG,G_INTER,G_THEME,G_REPLAY,G_ARTWORK,G_CONTENTS,G_NUM,G_IMAGE,G_THUMBNAIL,G_NAME_KOR) values (283,'Lost Legacy: Flying Garden',to_date('20/04/09','RR/MM/DD'),to_date('20/04/09','RR/MM/DD'),0,0,2,4,10,2014,0,0,0,0,0,0,0,0,0,'https://cf.geekdo-images.com/original/img/JNoQfv0Iqj2nmnFfs3Wwk0oddP4=/0x0/pic1998163.jpg','https://cf.geekdo-images.com/thumb/img/Xf7XBslyoDUYZL0MFWQFtjT6pE4=/fit-in/200x150/pic1998163.jpg',null);
Insert into DB_SAWEE.GAME (G_NO,G_NAME,G_WRITTEN_DATE,G_UPDATED_DATE,G_HIT,G_RECOMMEND_NUM,G_MIN,G_MAX,G_PLAYTIME,G_RELEASE,G_LEVEL,G_RULETIME,G_LANG,G_INTER,G_THEME,G_REPLAY,G_ARTWORK,G_CONTENTS,G_NUM,G_IMAGE,G_THUMBNAIL,G_NAME_KOR) values (284,'Lost Legacy: The Starship',to_date('20/04/09','RR/MM/DD'),to_date('20/04/09','RR/MM/DD'),0,0,2,4,10,2014,0,0,0,0,0,0,0,0,0,'https://cf.geekdo-images.com/original/img/zj_VLLWReGH1O8iIRUWiTPUaETA=/0x0/pic1998162.jpg','https://cf.geekdo-images.com/thumb/img/FQzi7UQDQ8lDR7o5nVx8wDW7dAg=/fit-in/200x150/pic1998162.jpg',null);
Insert into DB_SAWEE.GAME (G_NO,G_NAME,G_WRITTEN_DATE,G_UPDATED_DATE,G_HIT,G_RECOMMEND_NUM,G_MIN,G_MAX,G_PLAYTIME,G_RELEASE,G_LEVEL,G_RULETIME,G_LANG,G_INTER,G_THEME,G_REPLAY,G_ARTWORK,G_CONTENTS,G_NUM,G_IMAGE,G_THUMBNAIL,G_NAME_KOR) values (285,'Love Letter',to_date('20/04/09','RR/MM/DD'),to_date('20/04/09','RR/MM/DD'),0,0,2,4,20,2012,0,0,0,0,0,0,0,0,0,'https://cf.geekdo-images.com/original/img/GuLL8qnP2Kv6cJatUQskLg9Ad0s=/0x0/pic1401448.jpg','https://cf.geekdo-images.com/thumb/img/5UWTReXVz1-gn2t0eiFzeosvfWs=/fit-in/200x150/pic1401448.jpg',null);
Insert into DB_SAWEE.GAME (G_NO,G_NAME,G_WRITTEN_DATE,G_UPDATED_DATE,G_HIT,G_RECOMMEND_NUM,G_MIN,G_MAX,G_PLAYTIME,G_RELEASE,G_LEVEL,G_RULETIME,G_LANG,G_INTER,G_THEME,G_REPLAY,G_ARTWORK,G_CONTENTS,G_NUM,G_IMAGE,G_THUMBNAIL,G_NAME_KOR) values (234,'Impulse',to_date('20/04/09','RR/MM/DD'),to_date('20/04/09','RR/MM/DD'),0,0,2,6,60,2013,0,0,0,0,0,0,0,0,0,'https://cf.geekdo-images.com/original/img/MgoP11WKOacufNNNbG5CkK3mLrw=/0x0/pic3496684.jpg','https://cf.geekdo-images.com/thumb/img/qzd2HfMHgDDwLEWpSuoJWiTDbGs=/fit-in/200x150/pic3496684.jpg',null);
Insert into DB_SAWEE.GAME (G_NO,G_NAME,G_WRITTEN_DATE,G_UPDATED_DATE,G_HIT,G_RECOMMEND_NUM,G_MIN,G_MAX,G_PLAYTIME,G_RELEASE,G_LEVEL,G_RULETIME,G_LANG,G_INTER,G_THEME,G_REPLAY,G_ARTWORK,G_CONTENTS,G_NUM,G_IMAGE,G_THUMBNAIL,G_NAME_KOR) values (235,'Innovation',to_date('20/04/09','RR/MM/DD'),to_date('20/04/09','RR/MM/DD'),0,0,2,4,60,2010,0,0,0,0,0,0,0,0,0,'https://cf.geekdo-images.com/original/img/YHDTCAKpEQRiteHDT8iA6rhFaW4=/0x0/pic2966859.png','https://cf.geekdo-images.com/thumb/img/OREMtj2eBuAekzgPxVFovcyL6qM=/fit-in/200x150/pic2966859.png',null);
Insert into DB_SAWEE.GAME (G_NO,G_NAME,G_WRITTEN_DATE,G_UPDATED_DATE,G_HIT,G_RECOMMEND_NUM,G_MIN,G_MAX,G_PLAYTIME,G_RELEASE,G_LEVEL,G_RULETIME,G_LANG,G_INTER,G_THEME,G_REPLAY,G_ARTWORK,G_CONTENTS,G_NUM,G_IMAGE,G_THUMBNAIL,G_NAME_KOR) values (236,'Innovation: Echoes of the Past',to_date('20/04/09','RR/MM/DD'),to_date('20/04/09','RR/MM/DD'),0,0,2,5,60,2011,0,0,0,0,0,0,0,0,0,'https://cf.geekdo-images.com/original/img/8nIsZGGWhqFohTUvaTFbkBz9_XE=/0x0/pic3910611.jpg','https://cf.geekdo-images.com/thumb/img/nGXVUSvifxqrfZUUw9GMKvyNETw=/fit-in/200x150/pic3910611.jpg',null);
Insert into DB_SAWEE.GAME (G_NO,G_NAME,G_WRITTEN_DATE,G_UPDATED_DATE,G_HIT,G_RECOMMEND_NUM,G_MIN,G_MAX,G_PLAYTIME,G_RELEASE,G_LEVEL,G_RULETIME,G_LANG,G_INTER,G_THEME,G_REPLAY,G_ARTWORK,G_CONTENTS,G_NUM,G_IMAGE,G_THUMBNAIL,G_NAME_KOR) values (237,'Ion: A Compound Building Game',to_date('20/04/09','RR/MM/DD'),to_date('20/04/09','RR/MM/DD'),0,0,2,7,40,2015,0,0,0,0,0,0,0,0,0,'https://cf.geekdo-images.com/original/img/qzwadE-zJqnhAOHZqtgzSBIMKB4=/0x0/pic4289666.png','https://cf.geekdo-images.com/thumb/img/-leZYM12U4VTTHAOTscciTiwgME=/fit-in/200x150/pic4289666.png',null);
Insert into DB_SAWEE.GAME (G_NO,G_NAME,G_WRITTEN_DATE,G_UPDATED_DATE,G_HIT,G_RECOMMEND_NUM,G_MIN,G_MAX,G_PLAYTIME,G_RELEASE,G_LEVEL,G_RULETIME,G_LANG,G_INTER,G_THEME,G_REPLAY,G_ARTWORK,G_CONTENTS,G_NUM,G_IMAGE,G_THUMBNAIL,G_NAME_KOR) values (238,'Isle of Skye: From Chieftain to King',to_date('20/04/09','RR/MM/DD'),to_date('20/04/09','RR/MM/DD'),0,0,2,5,50,2015,0,0,0,0,0,0,0,0,0,'https://cf.geekdo-images.com/original/img/xMh08V_SQZ1K67mjIdLGe25Opxg=/0x0/pic2524838.jpg','https://cf.geekdo-images.com/thumb/img/d2koeZYCEWAwbHJM5vLPLAibB5U=/fit-in/200x150/pic2524838.jpg',null);
Insert into DB_SAWEE.GAME (G_NO,G_NAME,G_WRITTEN_DATE,G_UPDATED_DATE,G_HIT,G_RECOMMEND_NUM,G_MIN,G_MAX,G_PLAYTIME,G_RELEASE,G_LEVEL,G_RULETIME,G_LANG,G_INTER,G_THEME,G_REPLAY,G_ARTWORK,G_CONTENTS,G_NUM,G_IMAGE,G_THUMBNAIL,G_NAME_KOR) values (239,'Istanbul',to_date('20/04/09','RR/MM/DD'),to_date('20/04/09','RR/MM/DD'),0,0,2,5,60,2014,0,0,0,0,0,0,0,0,0,'https://cf.geekdo-images.com/original/img/mJdCiWN7ePw8Q73GDhXupvKfOnE=/0x0/pic1885326.jpg','https://cf.geekdo-images.com/thumb/img/ruG3shsJXCfvy_pdu1AWflBjorM=/fit-in/200x150/pic1885326.jpg',null);
Insert into DB_SAWEE.GAME (G_NO,G_NAME,G_WRITTEN_DATE,G_UPDATED_DATE,G_HIT,G_RECOMMEND_NUM,G_MIN,G_MAX,G_PLAYTIME,G_RELEASE,G_LEVEL,G_RULETIME,G_LANG,G_INTER,G_THEME,G_REPLAY,G_ARTWORK,G_CONTENTS,G_NUM,G_IMAGE,G_THUMBNAIL,G_NAME_KOR) values (240,'Jaipur',to_date('20/04/09','RR/MM/DD'),to_date('20/04/09','RR/MM/DD'),0,0,2,2,30,2009,0,0,0,0,0,0,0,0,0,'https://cf.geekdo-images.com/original/img/oSMirTNRZpn6QAXpDLDrGixCyAY=/0x0/pic5100947.jpg','https://cf.geekdo-images.com/thumb/img/bKogxVLnOSfLrLyPDFtsjKGh5nA=/fit-in/200x150/pic5100947.jpg',null);
Insert into DB_SAWEE.GAME (G_NO,G_NAME,G_WRITTEN_DATE,G_UPDATED_DATE,G_HIT,G_RECOMMEND_NUM,G_MIN,G_MAX,G_PLAYTIME,G_RELEASE,G_LEVEL,G_RULETIME,G_LANG,G_INTER,G_THEME,G_REPLAY,G_ARTWORK,G_CONTENTS,G_NUM,G_IMAGE,G_THUMBNAIL,G_NAME_KOR) values (241,'Jamaica',to_date('20/04/09','RR/MM/DD'),to_date('20/04/09','RR/MM/DD'),0,0,2,6,60,2007,0,0,0,0,0,0,0,0,0,'https://cf.geekdo-images.com/original/img/ro6l5aVaOy-F01HZKjMxAFt0YHc=/0x0/pic1502119.jpg','https://cf.geekdo-images.com/thumb/img/WNCMpuaqPvUwmF-cKlvsbcAWsQk=/fit-in/200x150/pic1502119.jpg',null);
Insert into DB_SAWEE.GAME (G_NO,G_NAME,G_WRITTEN_DATE,G_UPDATED_DATE,G_HIT,G_RECOMMEND_NUM,G_MIN,G_MAX,G_PLAYTIME,G_RELEASE,G_LEVEL,G_RULETIME,G_LANG,G_INTER,G_THEME,G_REPLAY,G_ARTWORK,G_CONTENTS,G_NUM,G_IMAGE,G_THUMBNAIL,G_NAME_KOR) values (242,'Keyflower',to_date('20/04/09','RR/MM/DD'),to_date('20/04/09','RR/MM/DD'),0,0,2,6,120,2012,0,0,0,0,0,0,0,0,0,'https://cf.geekdo-images.com/original/img/t6AnEi2l5tiHgWRjglwSfRsYy6E=/0x0/pic2278942.jpg','https://cf.geekdo-images.com/thumb/img/-W-BQbgQw5bUQzJ8-Qm7pL5WKiw=/fit-in/200x150/pic2278942.jpg',null);
Insert into DB_SAWEE.GAME (G_NO,G_NAME,G_WRITTEN_DATE,G_UPDATED_DATE,G_HIT,G_RECOMMEND_NUM,G_MIN,G_MAX,G_PLAYTIME,G_RELEASE,G_LEVEL,G_RULETIME,G_LANG,G_INTER,G_THEME,G_REPLAY,G_ARTWORK,G_CONTENTS,G_NUM,G_IMAGE,G_THUMBNAIL,G_NAME_KOR) values (243,'Keyflower: The Farmers',to_date('20/04/09','RR/MM/DD'),to_date('20/04/09','RR/MM/DD'),0,0,2,6,120,2013,0,0,0,0,0,0,0,0,0,'https://cf.geekdo-images.com/original/img/hCQRFJk3pQN3FhUW5v6DdvWGYcQ=/0x0/pic1743806.jpg','https://cf.geekdo-images.com/thumb/img/krVz7tIuopgfRllhpGtHDGZrcd4=/fit-in/200x150/pic1743806.jpg',null);
Insert into DB_SAWEE.GAME (G_NO,G_NAME,G_WRITTEN_DATE,G_UPDATED_DATE,G_HIT,G_RECOMMEND_NUM,G_MIN,G_MAX,G_PLAYTIME,G_RELEASE,G_LEVEL,G_RULETIME,G_LANG,G_INTER,G_THEME,G_REPLAY,G_ARTWORK,G_CONTENTS,G_NUM,G_IMAGE,G_THUMBNAIL,G_NAME_KOR) values (244,'Keyflower: The Merchants',to_date('20/04/09','RR/MM/DD'),to_date('20/04/09','RR/MM/DD'),0,0,2,6,90,2014,0,0,0,0,0,0,0,0,0,'https://cf.geekdo-images.com/original/img/VyAKLvDyqp3uoM_EqnkWRKCy_kY=/0x0/pic2191035.jpg','https://cf.geekdo-images.com/thumb/img/RRYoe0R471RqBhxY8sq5z5r_UuU=/fit-in/200x150/pic2191035.jpg',null);
Insert into DB_SAWEE.GAME (G_NO,G_NAME,G_WRITTEN_DATE,G_UPDATED_DATE,G_HIT,G_RECOMMEND_NUM,G_MIN,G_MAX,G_PLAYTIME,G_RELEASE,G_LEVEL,G_RULETIME,G_LANG,G_INTER,G_THEME,G_REPLAY,G_ARTWORK,G_CONTENTS,G_NUM,G_IMAGE,G_THUMBNAIL,G_NAME_KOR) values (245,'King of New York',to_date('20/04/09','RR/MM/DD'),to_date('20/04/09','RR/MM/DD'),0,0,2,6,40,2014,0,0,0,0,0,0,0,0,0,'https://cf.geekdo-images.com/original/img/R0dEpSy_FsE2iKVDL9Gn5Z8TYx0=/0x0/pic2407103.jpg','https://cf.geekdo-images.com/thumb/img/WaW2VsdMYT0Xh3JWcuLA9e-L85Y=/fit-in/200x150/pic2407103.jpg',null);
Insert into DB_SAWEE.GAME (G_NO,G_NAME,G_WRITTEN_DATE,G_UPDATED_DATE,G_HIT,G_RECOMMEND_NUM,G_MIN,G_MAX,G_PLAYTIME,G_RELEASE,G_LEVEL,G_RULETIME,G_LANG,G_INTER,G_THEME,G_REPLAY,G_ARTWORK,G_CONTENTS,G_NUM,G_IMAGE,G_THUMBNAIL,G_NAME_KOR) values (246,'King of Tokyo',to_date('20/04/09','RR/MM/DD'),to_date('20/04/09','RR/MM/DD'),0,0,2,6,30,2011,0,0,0,0,0,0,0,0,0,'https://cf.geekdo-images.com/original/img/ajEqmO5djVibsC72Ek1citOCJNA=/0x0/pic3043734.jpg','https://cf.geekdo-images.com/thumb/img/iEQpTdf7xHrGznRhdNBMiKy_mIM=/fit-in/200x150/pic3043734.jpg',null);
Insert into DB_SAWEE.GAME (G_NO,G_NAME,G_WRITTEN_DATE,G_UPDATED_DATE,G_HIT,G_RECOMMEND_NUM,G_MIN,G_MAX,G_PLAYTIME,G_RELEASE,G_LEVEL,G_RULETIME,G_LANG,G_INTER,G_THEME,G_REPLAY,G_ARTWORK,G_CONTENTS,G_NUM,G_IMAGE,G_THUMBNAIL,G_NAME_KOR) values (247,'King of Tokyo: Halloween',to_date('20/04/09','RR/MM/DD'),to_date('20/04/09','RR/MM/DD'),0,0,2,6,30,2013,0,0,0,0,0,0,0,0,0,'https://cf.geekdo-images.com/original/img/ACEmqZbxgvvQV5QrBpIQD8HRP3w=/0x0/pic3616670.jpg','https://cf.geekdo-images.com/thumb/img/Vrx6yhj1s6CbGKEV_en-hwItMCg=/fit-in/200x150/pic3616670.jpg',null);
Insert into DB_SAWEE.GAME (G_NO,G_NAME,G_WRITTEN_DATE,G_UPDATED_DATE,G_HIT,G_RECOMMEND_NUM,G_MIN,G_MAX,G_PLAYTIME,G_RELEASE,G_LEVEL,G_RULETIME,G_LANG,G_INTER,G_THEME,G_REPLAY,G_ARTWORK,G_CONTENTS,G_NUM,G_IMAGE,G_THUMBNAIL,G_NAME_KOR) values (248,'King of Tokyo: Power Up!',to_date('20/04/09','RR/MM/DD'),to_date('20/04/09','RR/MM/DD'),0,0,2,6,30,2012,0,0,0,0,0,0,0,0,0,'https://cf.geekdo-images.com/original/img/An5ZXVsLg--zhq1yZhJF2oQpWz0=/0x0/pic1449032.jpg','https://cf.geekdo-images.com/thumb/img/E5YiWkBIj8o9-W7aBwn05-egynM=/fit-in/200x150/pic1449032.jpg',null);
Insert into DB_SAWEE.GAME (G_NO,G_NAME,G_WRITTEN_DATE,G_UPDATED_DATE,G_HIT,G_RECOMMEND_NUM,G_MIN,G_MAX,G_PLAYTIME,G_RELEASE,G_LEVEL,G_RULETIME,G_LANG,G_INTER,G_THEME,G_REPLAY,G_ARTWORK,G_CONTENTS,G_NUM,G_IMAGE,G_THUMBNAIL,G_NAME_KOR) values (249,'Kingdom Builder',to_date('20/04/09','RR/MM/DD'),to_date('20/04/09','RR/MM/DD'),0,0,2,4,45,2011,0,0,0,0,0,0,0,0,0,'https://cf.geekdo-images.com/original/img/y_ztUjzGGoO4TwnmTFNDLnOxz90=/0x0/pic1152359.jpg','https://cf.geekdo-images.com/thumb/img/4rlb3ozPuUFBkziJg-hv2zQD8BU=/fit-in/200x150/pic1152359.jpg',null);
Insert into DB_SAWEE.GAME (G_NO,G_NAME,G_WRITTEN_DATE,G_UPDATED_DATE,G_HIT,G_RECOMMEND_NUM,G_MIN,G_MAX,G_PLAYTIME,G_RELEASE,G_LEVEL,G_RULETIME,G_LANG,G_INTER,G_THEME,G_REPLAY,G_ARTWORK,G_CONTENTS,G_NUM,G_IMAGE,G_THUMBNAIL,G_NAME_KOR) values (250,'Kingdom Builder: Crossroads',to_date('20/04/09','RR/MM/DD'),to_date('20/04/09','RR/MM/DD'),0,0,2,5,45,2013,0,0,0,0,0,0,0,0,0,'https://cf.geekdo-images.com/original/img/KLHb7xo7sNjsaXT590A_sV7cUGo=/0x0/pic1550248.jpg','https://cf.geekdo-images.com/thumb/img/RE9R9VtrCA_DmplxRZ-OoJv9vTk=/fit-in/200x150/pic1550248.jpg',null);
Insert into DB_SAWEE.GAME (G_NO,G_NAME,G_WRITTEN_DATE,G_UPDATED_DATE,G_HIT,G_RECOMMEND_NUM,G_MIN,G_MAX,G_PLAYTIME,G_RELEASE,G_LEVEL,G_RULETIME,G_LANG,G_INTER,G_THEME,G_REPLAY,G_ARTWORK,G_CONTENTS,G_NUM,G_IMAGE,G_THUMBNAIL,G_NAME_KOR) values (251,'King''s Pouch',to_date('20/04/09','RR/MM/DD'),to_date('20/04/09','RR/MM/DD'),0,0,2,4,60,2014,0,0,0,0,0,0,0,0,0,'https://cf.geekdo-images.com/original/img/ljNUnVm7EVEj5GO9ZRT2JChhqDA=/0x0/pic2209254.jpg','https://cf.geekdo-images.com/thumb/img/lc5AC7_vvEX_GkD_FqI0dybzBmQ=/fit-in/200x150/pic2209254.jpg',null);
Insert into DB_SAWEE.GAME (G_NO,G_NAME,G_WRITTEN_DATE,G_UPDATED_DATE,G_HIT,G_RECOMMEND_NUM,G_MIN,G_MAX,G_PLAYTIME,G_RELEASE,G_LEVEL,G_RULETIME,G_LANG,G_INTER,G_THEME,G_REPLAY,G_ARTWORK,G_CONTENTS,G_NUM,G_IMAGE,G_THUMBNAIL,G_NAME_KOR) values (252,'Kingsburg',to_date('20/04/09','RR/MM/DD'),to_date('20/04/09','RR/MM/DD'),0,0,2,5,90,2007,0,0,0,0,0,0,0,0,0,'https://cf.geekdo-images.com/original/img/hPiE4pKUmJB8kxV9dEznLEq1qg4=/0x0/pic253057.jpg','https://cf.geekdo-images.com/thumb/img/ilaoGB057eT40JmfVm0zQ2MFTz8=/fit-in/200x150/pic253057.jpg',null);
Insert into DB_SAWEE.GAME (G_NO,G_NAME,G_WRITTEN_DATE,G_UPDATED_DATE,G_HIT,G_RECOMMEND_NUM,G_MIN,G_MAX,G_PLAYTIME,G_RELEASE,G_LEVEL,G_RULETIME,G_LANG,G_INTER,G_THEME,G_REPLAY,G_ARTWORK,G_CONTENTS,G_NUM,G_IMAGE,G_THUMBNAIL,G_NAME_KOR) values (253,'Kingsburg: To Forge a Realm',to_date('20/04/09','RR/MM/DD'),to_date('20/04/09','RR/MM/DD'),0,0,2,5,90,2009,0,0,0,0,0,0,0,0,0,'https://cf.geekdo-images.com/original/img/cpuxCVYg5C1sJZYNZtSD8VzCdgc=/0x0/pic1196154.jpg','https://cf.geekdo-images.com/thumb/img/SN5ACvtgqDemaxghkJ9tUNu_we4=/fit-in/200x150/pic1196154.jpg',null);
Insert into DB_SAWEE.GAME (G_NO,G_NAME,G_WRITTEN_DATE,G_UPDATED_DATE,G_HIT,G_RECOMMEND_NUM,G_MIN,G_MAX,G_PLAYTIME,G_RELEASE,G_LEVEL,G_RULETIME,G_LANG,G_INTER,G_THEME,G_REPLAY,G_ARTWORK,G_CONTENTS,G_NUM,G_IMAGE,G_THUMBNAIL,G_NAME_KOR) values (254,'Lanterns: The Harvest Festival',to_date('20/04/09','RR/MM/DD'),to_date('20/04/09','RR/MM/DD'),0,0,2,4,30,2015,0,0,0,0,0,0,0,0,0,'https://cf.geekdo-images.com/original/img/MI7bbPMpcU2ZTvmhb1HmZ5i0nNY=/0x0/pic2372790.png','https://cf.geekdo-images.com/thumb/img/IcwS78a-5wgD87K0E0MQN-xkskQ=/fit-in/200x150/pic2372790.png',null);
Insert into DB_SAWEE.GAME (G_NO,G_NAME,G_WRITTEN_DATE,G_UPDATED_DATE,G_HIT,G_RECOMMEND_NUM,G_MIN,G_MAX,G_PLAYTIME,G_RELEASE,G_LEVEL,G_RULETIME,G_LANG,G_INTER,G_THEME,G_REPLAY,G_ARTWORK,G_CONTENTS,G_NUM,G_IMAGE,G_THUMBNAIL,G_NAME_KOR) values (255,'Le Havre',to_date('20/04/09','RR/MM/DD'),to_date('20/04/09','RR/MM/DD'),0,0,1,5,150,2008,0,0,0,0,0,0,0,0,0,'https://cf.geekdo-images.com/original/img/Fs2MqRUBPQzORmEZbiVqSnBvHDg=/0x0/pic3330230.jpg','https://cf.geekdo-images.com/thumb/img/CstPYOK5l3W7LutBfbOQR4WAJX4=/fit-in/200x150/pic3330230.jpg',null);
Insert into DB_SAWEE.GAME (G_NO,G_NAME,G_WRITTEN_DATE,G_UPDATED_DATE,G_HIT,G_RECOMMEND_NUM,G_MIN,G_MAX,G_PLAYTIME,G_RELEASE,G_LEVEL,G_RULETIME,G_LANG,G_INTER,G_THEME,G_REPLAY,G_ARTWORK,G_CONTENTS,G_NUM,G_IMAGE,G_THUMBNAIL,G_NAME_KOR) values (256,'Le Havre: The Inland Port',to_date('20/04/09','RR/MM/DD'),to_date('20/04/09','RR/MM/DD'),0,0,2,2,30,2012,0,0,0,0,0,0,0,0,0,'https://cf.geekdo-images.com/original/img/Qz4hCsdsRG5HKNZd5vNxkDBJmTk=/0x0/pic1451680.jpg','https://cf.geekdo-images.com/thumb/img/glGo7uwluRpKTq0fcH7S9tNIiqI=/fit-in/200x150/pic1451680.jpg',null);
Insert into DB_SAWEE.GAME (G_NO,G_NAME,G_WRITTEN_DATE,G_UPDATED_DATE,G_HIT,G_RECOMMEND_NUM,G_MIN,G_MAX,G_PLAYTIME,G_RELEASE,G_LEVEL,G_RULETIME,G_LANG,G_INTER,G_THEME,G_REPLAY,G_ARTWORK,G_CONTENTS,G_NUM,G_IMAGE,G_THUMBNAIL,G_NAME_KOR) values (257,'Legendary Encounters: An Alien Deck Building Game',to_date('20/04/09','RR/MM/DD'),to_date('20/04/09','RR/MM/DD'),0,0,1,5,60,2014,0,0,0,0,0,0,0,0,0,'https://cf.geekdo-images.com/original/img/H0uIoKm2phCiJDqQn52PFLDgYis=/0x0/pic2225180.jpg','https://cf.geekdo-images.com/thumb/img/EL3D8Uvkoqv1TUwy1mU123c612g=/fit-in/200x150/pic2225180.jpg',null);
Insert into DB_SAWEE.GAME (G_NO,G_NAME,G_WRITTEN_DATE,G_UPDATED_DATE,G_HIT,G_RECOMMEND_NUM,G_MIN,G_MAX,G_PLAYTIME,G_RELEASE,G_LEVEL,G_RULETIME,G_LANG,G_INTER,G_THEME,G_REPLAY,G_ARTWORK,G_CONTENTS,G_NUM,G_IMAGE,G_THUMBNAIL,G_NAME_KOR) values (258,'Legends of Andor',to_date('20/04/09','RR/MM/DD'),to_date('20/04/09','RR/MM/DD'),0,0,2,4,90,2012,0,0,0,0,0,0,0,0,0,'https://cf.geekdo-images.com/original/img/mIYkOMtGopRZ52JU0lzMq5jKO_o=/0x0/pic2606106.jpg','https://cf.geekdo-images.com/thumb/img/nBtLDLh0zJP6_AIl5IShB3wx9S4=/fit-in/200x150/pic2606106.jpg',null);
Insert into DB_SAWEE.GAME (G_NO,G_NAME,G_WRITTEN_DATE,G_UPDATED_DATE,G_HIT,G_RECOMMEND_NUM,G_MIN,G_MAX,G_PLAYTIME,G_RELEASE,G_LEVEL,G_RULETIME,G_LANG,G_INTER,G_THEME,G_REPLAY,G_ARTWORK,G_CONTENTS,G_NUM,G_IMAGE,G_THUMBNAIL,G_NAME_KOR) values (259,'Let Them Eat Shrimp!',to_date('20/04/09','RR/MM/DD'),to_date('20/04/09','RR/MM/DD'),0,0,2,5,20,2014,0,0,0,0,0,0,0,0,0,'https://cf.geekdo-images.com/original/img/-FBRWx6Tueku496wT-PGLDba8x8=/0x0/pic1906526.jpg','https://cf.geekdo-images.com/thumb/img/A6YUbQ5lhlG3Av470AfvdXdcvJY=/fit-in/200x150/pic1906526.jpg',null);
Insert into DB_SAWEE.GAME (G_NO,G_NAME,G_WRITTEN_DATE,G_UPDATED_DATE,G_HIT,G_RECOMMEND_NUM,G_MIN,G_MAX,G_PLAYTIME,G_RELEASE,G_LEVEL,G_RULETIME,G_LANG,G_INTER,G_THEME,G_REPLAY,G_ARTWORK,G_CONTENTS,G_NUM,G_IMAGE,G_THUMBNAIL,G_NAME_KOR) values (260,'Lewis & Clark',to_date('20/04/09','RR/MM/DD'),to_date('20/04/09','RR/MM/DD'),0,0,1,5,120,2013,0,0,0,0,0,0,0,0,0,'https://cf.geekdo-images.com/original/img/1gM5SVa6TXk5uLYoxgaY6oCzlc4=/0x0/pic1902092.jpg','https://cf.geekdo-images.com/thumb/img/uVfqE1LPgE_ZWfvyPRkPVgDPodA=/fit-in/200x150/pic1902092.jpg',null);
Insert into DB_SAWEE.GAME (G_NO,G_NAME,G_WRITTEN_DATE,G_UPDATED_DATE,G_HIT,G_RECOMMEND_NUM,G_MIN,G_MAX,G_PLAYTIME,G_RELEASE,G_LEVEL,G_RULETIME,G_LANG,G_INTER,G_THEME,G_REPLAY,G_ARTWORK,G_CONTENTS,G_NUM,G_IMAGE,G_THUMBNAIL,G_NAME_KOR) values (207,'Forge War',to_date('20/04/09','RR/MM/DD'),to_date('20/04/09','RR/MM/DD'),0,0,1,4,180,2015,0,0,0,0,0,0,0,0,0,'https://cf.geekdo-images.com/original/img/BtgayEfJSnhbh0sTf2ycNmyvw70=/0x0/pic2296858.jpg','https://cf.geekdo-images.com/thumb/img/6x4dXe_BjgF0PcNWocCN43Q2w2c=/fit-in/200x150/pic2296858.jpg',null);
Insert into DB_SAWEE.GAME (G_NO,G_NAME,G_WRITTEN_DATE,G_UPDATED_DATE,G_HIT,G_RECOMMEND_NUM,G_MIN,G_MAX,G_PLAYTIME,G_RELEASE,G_LEVEL,G_RULETIME,G_LANG,G_INTER,G_THEME,G_REPLAY,G_ARTWORK,G_CONTENTS,G_NUM,G_IMAGE,G_THUMBNAIL,G_NAME_KOR) values (208,'Freedom: The Underground Railroad',to_date('20/04/09','RR/MM/DD'),to_date('20/04/09','RR/MM/DD'),0,0,1,4,120,2012,0,0,0,0,0,0,0,0,0,'https://cf.geekdo-images.com/original/img/dfJ320qb8KiDkbuuW5FG1rcuJTY=/0x0/pic1478723.jpg','https://cf.geekdo-images.com/thumb/img/I3R0j8qPFutwNvqvGSzcpwAw-h0=/fit-in/200x150/pic1478723.jpg',null);
Insert into DB_SAWEE.GAME (G_NO,G_NAME,G_WRITTEN_DATE,G_UPDATED_DATE,G_HIT,G_RECOMMEND_NUM,G_MIN,G_MAX,G_PLAYTIME,G_RELEASE,G_LEVEL,G_RULETIME,G_LANG,G_INTER,G_THEME,G_REPLAY,G_ARTWORK,G_CONTENTS,G_NUM,G_IMAGE,G_THUMBNAIL,G_NAME_KOR) values (209,'Fresco',to_date('20/04/09','RR/MM/DD'),to_date('20/04/09','RR/MM/DD'),0,0,2,4,60,2010,0,0,0,0,0,0,0,0,0,'https://cf.geekdo-images.com/original/img/nECd0Z9PQwvCLhFz5mXYpWYT1B4=/0x0/pic714398.jpg','https://cf.geekdo-images.com/thumb/img/mIYaVBQ8EMeB9MPljJEMNBITySA=/fit-in/200x150/pic714398.jpg',null);
Insert into DB_SAWEE.GAME (G_NO,G_NAME,G_WRITTEN_DATE,G_UPDATED_DATE,G_HIT,G_RECOMMEND_NUM,G_MIN,G_MAX,G_PLAYTIME,G_RELEASE,G_LEVEL,G_RULETIME,G_LANG,G_INTER,G_THEME,G_REPLAY,G_ARTWORK,G_CONTENTS,G_NUM,G_IMAGE,G_THUMBNAIL,G_NAME_KOR) values (210,'Fresco: Expansion Module 7 – The Scrolls',to_date('20/04/09','RR/MM/DD'),to_date('20/04/09','RR/MM/DD'),0,0,2,4,45,2010,0,0,0,0,0,0,0,0,0,'https://cf.geekdo-images.com/original/img/OXMHjtkz-HDyAFqFuWEWQ90hotw=/0x0/pic1046431.jpg','https://cf.geekdo-images.com/thumb/img/9Fg8o8wuXoB7DpGfFqpEtZtYgsg=/fit-in/200x150/pic1046431.jpg',null);
Insert into DB_SAWEE.GAME (G_NO,G_NAME,G_WRITTEN_DATE,G_UPDATED_DATE,G_HIT,G_RECOMMEND_NUM,G_MIN,G_MAX,G_PLAYTIME,G_RELEASE,G_LEVEL,G_RULETIME,G_LANG,G_INTER,G_THEME,G_REPLAY,G_ARTWORK,G_CONTENTS,G_NUM,G_IMAGE,G_THUMBNAIL,G_NAME_KOR) values (211,'Fresco: Expansion Modules 4, 5 and 6',to_date('20/04/09','RR/MM/DD'),to_date('20/04/09','RR/MM/DD'),0,0,2,4,60,2011,0,0,0,0,0,0,0,0,0,'https://cf.geekdo-images.com/original/img/iw2dsOhXOBZ5Kg3trY7pCNkheOk=/0x0/pic1102113.jpg','https://cf.geekdo-images.com/thumb/img/hlSmVHS2Xhg7yy0OyxzUBqBPgYc=/fit-in/200x150/pic1102113.jpg',null);
Insert into DB_SAWEE.GAME (G_NO,G_NAME,G_WRITTEN_DATE,G_UPDATED_DATE,G_HIT,G_RECOMMEND_NUM,G_MIN,G_MAX,G_PLAYTIME,G_RELEASE,G_LEVEL,G_RULETIME,G_LANG,G_INTER,G_THEME,G_REPLAY,G_ARTWORK,G_CONTENTS,G_NUM,G_IMAGE,G_THUMBNAIL,G_NAME_KOR) values (212,'Fresco: Expansion Modules 8, 9 and 10',to_date('20/04/09','RR/MM/DD'),to_date('20/04/09','RR/MM/DD'),0,0,2,4,90,2013,0,0,0,0,0,0,0,0,0,'https://cf.geekdo-images.com/original/img/WvgFlZFLkbK8Ie4jYcP9qYMM1Yg=/0x0/pic1805672.jpg','https://cf.geekdo-images.com/thumb/img/BWb1CShvUV8ie2XATph-QVgJf98=/fit-in/200x150/pic1805672.jpg',null);
Insert into DB_SAWEE.GAME (G_NO,G_NAME,G_WRITTEN_DATE,G_UPDATED_DATE,G_HIT,G_RECOMMEND_NUM,G_MIN,G_MAX,G_PLAYTIME,G_RELEASE,G_LEVEL,G_RULETIME,G_LANG,G_INTER,G_THEME,G_REPLAY,G_ARTWORK,G_CONTENTS,G_NUM,G_IMAGE,G_THUMBNAIL,G_NAME_KOR) values (213,'Fresco: The Bishop''s Favor',to_date('20/04/09','RR/MM/DD'),to_date('20/04/09','RR/MM/DD'),0,0,2,4,60,2011,0,0,0,0,0,0,0,0,0,'https://cf.geekdo-images.com/original/img/0NK2vHCFi-MdjgE_pY_HuhkU0QI=/0x0/pic1102403.jpg','https://cf.geekdo-images.com/thumb/img/CJKl4O9s1Fz29bJfhZQav61Hxmw=/fit-in/200x150/pic1102403.jpg',null);
Insert into DB_SAWEE.GAME (G_NO,G_NAME,G_WRITTEN_DATE,G_UPDATED_DATE,G_HIT,G_RECOMMEND_NUM,G_MIN,G_MAX,G_PLAYTIME,G_RELEASE,G_LEVEL,G_RULETIME,G_LANG,G_INTER,G_THEME,G_REPLAY,G_ARTWORK,G_CONTENTS,G_NUM,G_IMAGE,G_THUMBNAIL,G_NAME_KOR) values (214,'Friday',to_date('20/04/09','RR/MM/DD'),to_date('20/04/09','RR/MM/DD'),0,0,1,1,25,2011,0,0,0,0,0,0,0,0,0,'https://cf.geekdo-images.com/original/img/gWs9YutHCqaCZgPtfykYN0wkvEs=/0x0/pic1513328.jpg','https://cf.geekdo-images.com/thumb/img/MxrEdm7qK_QBMlXVZhxMY0UsgQ4=/fit-in/200x150/pic1513328.jpg',null);
Insert into DB_SAWEE.GAME (G_NO,G_NAME,G_WRITTEN_DATE,G_UPDATED_DATE,G_HIT,G_RECOMMEND_NUM,G_MIN,G_MAX,G_PLAYTIME,G_RELEASE,G_LEVEL,G_RULETIME,G_LANG,G_INTER,G_THEME,G_REPLAY,G_ARTWORK,G_CONTENTS,G_NUM,G_IMAGE,G_THUMBNAIL,G_NAME_KOR) values (215,'Galaxy of Trian',to_date('20/04/09','RR/MM/DD'),to_date('20/04/09','RR/MM/DD'),0,0,2,4,45,2014,0,0,0,0,0,0,0,0,0,'https://cf.geekdo-images.com/original/img/3y8BmSNQNi4JSjGlL1yLhLU5dn0=/0x0/pic2217697.jpg','https://cf.geekdo-images.com/thumb/img/NyBd1Al6jEktzTGxVx1T_u7MK1c=/fit-in/200x150/pic2217697.jpg',null);
Insert into DB_SAWEE.GAME (G_NO,G_NAME,G_WRITTEN_DATE,G_UPDATED_DATE,G_HIT,G_RECOMMEND_NUM,G_MIN,G_MAX,G_PLAYTIME,G_RELEASE,G_LEVEL,G_RULETIME,G_LANG,G_INTER,G_THEME,G_REPLAY,G_ARTWORK,G_CONTENTS,G_NUM,G_IMAGE,G_THUMBNAIL,G_NAME_KOR) values (216,'Glass Road',to_date('20/04/09','RR/MM/DD'),to_date('20/04/09','RR/MM/DD'),0,0,1,4,80,2013,0,0,0,0,0,0,0,0,0,'https://cf.geekdo-images.com/original/img/r4Pjyfk-7ihYd3E9a9amLKQzZnA=/0x0/pic3505745.jpg','https://cf.geekdo-images.com/thumb/img/LRqlEU7KA1NlS-sgEbWJhZgbmww=/fit-in/200x150/pic3505745.jpg',null);
Insert into DB_SAWEE.GAME (G_NO,G_NAME,G_WRITTEN_DATE,G_UPDATED_DATE,G_HIT,G_RECOMMEND_NUM,G_MIN,G_MAX,G_PLAYTIME,G_RELEASE,G_LEVEL,G_RULETIME,G_LANG,G_INTER,G_THEME,G_REPLAY,G_ARTWORK,G_CONTENTS,G_NUM,G_IMAGE,G_THUMBNAIL,G_NAME_KOR) values (217,'Glory to Rome',to_date('20/04/09','RR/MM/DD'),to_date('20/04/09','RR/MM/DD'),0,0,2,5,60,2005,0,0,0,0,0,0,0,0,0,'https://cf.geekdo-images.com/original/img/uZymsBBkFTxusyykwy3MXrNdnW0=/0x0/pic1867932.jpg','https://cf.geekdo-images.com/thumb/img/eNTbMa9QCgzk-mg0SAg7rRWYcHk=/fit-in/200x150/pic1867932.jpg',null);
Insert into DB_SAWEE.GAME (G_NO,G_NAME,G_WRITTEN_DATE,G_UPDATED_DATE,G_HIT,G_RECOMMEND_NUM,G_MIN,G_MAX,G_PLAYTIME,G_RELEASE,G_LEVEL,G_RULETIME,G_LANG,G_INTER,G_THEME,G_REPLAY,G_ARTWORK,G_CONTENTS,G_NUM,G_IMAGE,G_THUMBNAIL,G_NAME_KOR) values (218,'Go',to_date('20/04/09','RR/MM/DD'),to_date('20/04/09','RR/MM/DD'),0,0,2,2,180,2006,0,0,0,0,0,0,0,0,0,'https://cf.geekdo-images.com/original/img/bCv9Y06nWX1rt7Qn1GuCEOyDov0=/0x0/pic1728832.jpg','https://cf.geekdo-images.com/thumb/img/jldK9or5F1ke_hBn_jd-Rbnl1F8=/fit-in/200x150/pic1728832.jpg',null);
Insert into DB_SAWEE.GAME (G_NO,G_NAME,G_WRITTEN_DATE,G_UPDATED_DATE,G_HIT,G_RECOMMEND_NUM,G_MIN,G_MAX,G_PLAYTIME,G_RELEASE,G_LEVEL,G_RULETIME,G_LANG,G_INTER,G_THEME,G_REPLAY,G_ARTWORK,G_CONTENTS,G_NUM,G_IMAGE,G_THUMBNAIL,G_NAME_KOR) values (219,'The Golden Ages',to_date('20/04/09','RR/MM/DD'),to_date('20/04/09','RR/MM/DD'),0,0,2,4,90,2014,0,0,0,0,0,0,0,0,0,'https://cf.geekdo-images.com/original/img/tOVPkiiXkI2PXGFnoDP0H2EOmpY=/0x0/pic2551380.jpg','https://cf.geekdo-images.com/thumb/img/LBixAfYyHfJcCYGHG_OSSfbLikU=/fit-in/200x150/pic2551380.jpg',null);
Insert into DB_SAWEE.GAME (G_NO,G_NAME,G_WRITTEN_DATE,G_UPDATED_DATE,G_HIT,G_RECOMMEND_NUM,G_MIN,G_MAX,G_PLAYTIME,G_RELEASE,G_LEVEL,G_RULETIME,G_LANG,G_INTER,G_THEME,G_REPLAY,G_ARTWORK,G_CONTENTS,G_NUM,G_IMAGE,G_THUMBNAIL,G_NAME_KOR) values (220,'Grand Austria Hotel',to_date('20/04/09','RR/MM/DD'),to_date('20/04/09','RR/MM/DD'),0,0,2,4,120,2015,0,0,0,0,0,0,0,0,0,'https://cf.geekdo-images.com/original/img/4d_XZzAStbyODa6p8xhLyOpIMh8=/0x0/pic2728138.jpg','https://cf.geekdo-images.com/thumb/img/NOZr-fKBWO7WqdrEIObnGu5aPIo=/fit-in/200x150/pic2728138.jpg',null);
Insert into DB_SAWEE.GAME (G_NO,G_NAME,G_WRITTEN_DATE,G_UPDATED_DATE,G_HIT,G_RECOMMEND_NUM,G_MIN,G_MAX,G_PLAYTIME,G_RELEASE,G_LEVEL,G_RULETIME,G_LANG,G_INTER,G_THEME,G_REPLAY,G_ARTWORK,G_CONTENTS,G_NUM,G_IMAGE,G_THUMBNAIL,G_NAME_KOR) values (221,'The Great Heartland Hauling Co.',to_date('20/04/09','RR/MM/DD'),to_date('20/04/09','RR/MM/DD'),0,0,2,4,30,2013,0,0,0,0,0,0,0,0,0,'https://cf.geekdo-images.com/original/img/puaNrHMczXzC_jrjghuNL6kIuUM=/0x0/pic1350080.jpg','https://cf.geekdo-images.com/thumb/img/CKXkvDKjEsCD9Nxrd09kRpGzg4E=/fit-in/200x150/pic1350080.jpg',null);
Insert into DB_SAWEE.GAME (G_NO,G_NAME,G_WRITTEN_DATE,G_UPDATED_DATE,G_HIT,G_RECOMMEND_NUM,G_MIN,G_MAX,G_PLAYTIME,G_RELEASE,G_LEVEL,G_RULETIME,G_LANG,G_INTER,G_THEME,G_REPLAY,G_ARTWORK,G_CONTENTS,G_NUM,G_IMAGE,G_THUMBNAIL,G_NAME_KOR) values (222,'Greed',to_date('20/04/09','RR/MM/DD'),to_date('20/04/09','RR/MM/DD'),0,0,2,5,30,2014,0,0,0,0,0,0,0,0,0,'https://cf.geekdo-images.com/original/img/HnFz7fE7YbdMSY6gRbDT7a_tsE4=/0x0/pic1949247.jpg','https://cf.geekdo-images.com/thumb/img/WJJLCnUhwcFaoIjmEbmbAK5vyO0=/fit-in/200x150/pic1949247.jpg',null);
Insert into DB_SAWEE.GAME (G_NO,G_NAME,G_WRITTEN_DATE,G_UPDATED_DATE,G_HIT,G_RECOMMEND_NUM,G_MIN,G_MAX,G_PLAYTIME,G_RELEASE,G_LEVEL,G_RULETIME,G_LANG,G_INTER,G_THEME,G_REPLAY,G_ARTWORK,G_CONTENTS,G_NUM,G_IMAGE,G_THUMBNAIL,G_NAME_KOR) values (223,'Hanabi',to_date('20/04/09','RR/MM/DD'),to_date('20/04/09','RR/MM/DD'),0,0,2,5,25,2010,0,0,0,0,0,0,0,0,0,'https://cf.geekdo-images.com/original/img/Wkrf8z3pMlOFKwxafbw9-Ob404s=/0x0/pic2007286.jpg','https://cf.geekdo-images.com/thumb/img/43_iOPRGbt6KUK1iwH4T38-4XYY=/fit-in/200x150/pic2007286.jpg',null);
Insert into DB_SAWEE.GAME (G_NO,G_NAME,G_WRITTEN_DATE,G_UPDATED_DATE,G_HIT,G_RECOMMEND_NUM,G_MIN,G_MAX,G_PLAYTIME,G_RELEASE,G_LEVEL,G_RULETIME,G_LANG,G_INTER,G_THEME,G_REPLAY,G_ARTWORK,G_CONTENTS,G_NUM,G_IMAGE,G_THUMBNAIL,G_NAME_KOR) values (224,'Harry Potter: Hogwarts Battle',to_date('20/04/09','RR/MM/DD'),to_date('20/04/09','RR/MM/DD'),0,0,2,4,60,2016,0,0,0,0,0,0,0,0,0,'https://cf.geekdo-images.com/original/img/QfSBPJDuntV80tNqwBqbJqtiJ90=/0x0/pic3518231.jpg','https://cf.geekdo-images.com/thumb/img/dA9SVRpw-MVEN0r1E3TW8fA8zTQ=/fit-in/200x150/pic3518231.jpg',null);
Insert into DB_SAWEE.GAME (G_NO,G_NAME,G_WRITTEN_DATE,G_UPDATED_DATE,G_HIT,G_RECOMMEND_NUM,G_MIN,G_MAX,G_PLAYTIME,G_RELEASE,G_LEVEL,G_RULETIME,G_LANG,G_INTER,G_THEME,G_REPLAY,G_ARTWORK,G_CONTENTS,G_NUM,G_IMAGE,G_THUMBNAIL,G_NAME_KOR) values (225,'Helios',to_date('20/04/09','RR/MM/DD'),to_date('20/04/09','RR/MM/DD'),0,0,2,4,60,2014,0,0,0,0,0,0,0,0,0,'https://cf.geekdo-images.com/original/img/TVgDWWU1tHD1MHfvPLl0EPUXPy4=/0x0/pic1928217.png','https://cf.geekdo-images.com/thumb/img/gZ9o-tpve9dGESYslc4FQYmvPNA=/fit-in/200x150/pic1928217.png',null);
Insert into DB_SAWEE.GAME (G_NO,G_NAME,G_WRITTEN_DATE,G_UPDATED_DATE,G_HIT,G_RECOMMEND_NUM,G_MIN,G_MAX,G_PLAYTIME,G_RELEASE,G_LEVEL,G_RULETIME,G_LANG,G_INTER,G_THEME,G_REPLAY,G_ARTWORK,G_CONTENTS,G_NUM,G_IMAGE,G_THUMBNAIL,G_NAME_KOR) values (226,'Hive',to_date('20/04/09','RR/MM/DD'),to_date('20/04/09','RR/MM/DD'),0,0,2,2,20,2000,0,0,0,0,0,0,0,0,0,'https://cf.geekdo-images.com/original/img/_EUpzmJKbLkOwYMZA_sOmyjGnlI=/0x0/pic791151.jpg','https://cf.geekdo-images.com/thumb/img/QRIjEgV1_HH5x27_MAK_--oWSLU=/fit-in/200x150/pic791151.jpg',null);
Insert into DB_SAWEE.GAME (G_NO,G_NAME,G_WRITTEN_DATE,G_UPDATED_DATE,G_HIT,G_RECOMMEND_NUM,G_MIN,G_MAX,G_PLAYTIME,G_RELEASE,G_LEVEL,G_RULETIME,G_LANG,G_INTER,G_THEME,G_REPLAY,G_ARTWORK,G_CONTENTS,G_NUM,G_IMAGE,G_THUMBNAIL,G_NAME_KOR) values (227,'Hostage Negotiator',to_date('20/04/09','RR/MM/DD'),to_date('20/04/09','RR/MM/DD'),0,0,1,5,20,2015,0,0,0,0,0,0,0,0,0,'https://cf.geekdo-images.com/original/img/UOjI_Z6hDsRRbcwci-u4UlayiXo=/0x0/pic2043737.jpg','https://cf.geekdo-images.com/thumb/img/pGLB91LVjWl8MitHgLGcNE7chVc=/fit-in/200x150/pic2043737.jpg',null);
Insert into DB_SAWEE.GAME (G_NO,G_NAME,G_WRITTEN_DATE,G_UPDATED_DATE,G_HIT,G_RECOMMEND_NUM,G_MIN,G_MAX,G_PLAYTIME,G_RELEASE,G_LEVEL,G_RULETIME,G_LANG,G_INTER,G_THEME,G_REPLAY,G_ARTWORK,G_CONTENTS,G_NUM,G_IMAGE,G_THUMBNAIL,G_NAME_KOR) values (228,'Hyperborea',to_date('20/04/09','RR/MM/DD'),to_date('20/04/09','RR/MM/DD'),0,0,2,6,150,2014,0,0,0,0,0,0,0,0,0,'https://cf.geekdo-images.com/original/img/exd_sHy8pdM0K9Bcevx6VvuXSmk=/0x0/pic2004236.jpg','https://cf.geekdo-images.com/thumb/img/HVNLzrovxNoWOVsGpBnjRpynEUI=/fit-in/200x150/pic2004236.jpg',null);
Insert into DB_SAWEE.GAME (G_NO,G_NAME,G_WRITTEN_DATE,G_UPDATED_DATE,G_HIT,G_RECOMMEND_NUM,G_MIN,G_MAX,G_PLAYTIME,G_RELEASE,G_LEVEL,G_RULETIME,G_LANG,G_INTER,G_THEME,G_REPLAY,G_ARTWORK,G_CONTENTS,G_NUM,G_IMAGE,G_THUMBNAIL,G_NAME_KOR) values (229,'I Say, Holmes! (Second Edition)',to_date('20/04/09','RR/MM/DD'),to_date('20/04/09','RR/MM/DD'),0,0,3,8,45,2014,0,0,0,0,0,0,0,0,0,'https://cf.geekdo-images.com/original/img/QsUqiORs38UMa2hPIyMhEXjKJHE=/0x0/pic2079848.png','https://cf.geekdo-images.com/thumb/img/VjpFp4CE3veAVArezqReN_ydLdk=/fit-in/200x150/pic2079848.png',null);
Insert into DB_SAWEE.GAME (G_NO,G_NAME,G_WRITTEN_DATE,G_UPDATED_DATE,G_HIT,G_RECOMMEND_NUM,G_MIN,G_MAX,G_PLAYTIME,G_RELEASE,G_LEVEL,G_RULETIME,G_LANG,G_INTER,G_THEME,G_REPLAY,G_ARTWORK,G_CONTENTS,G_NUM,G_IMAGE,G_THUMBNAIL,G_NAME_KOR) values (230,'Imperial Settlers',to_date('20/04/09','RR/MM/DD'),to_date('20/04/09','RR/MM/DD'),0,0,1,4,90,2014,0,0,0,0,0,0,0,0,0,'https://cf.geekdo-images.com/original/img/sQmQzoR0ZfYzUujohQGaGeGX4Hc=/0x0/pic2871265.jpg','https://cf.geekdo-images.com/thumb/img/_EY3eEDEy30lvM4QoPnNgtWwKG4=/fit-in/200x150/pic2871265.jpg',null);
Insert into DB_SAWEE.GAME (G_NO,G_NAME,G_WRITTEN_DATE,G_UPDATED_DATE,G_HIT,G_RECOMMEND_NUM,G_MIN,G_MAX,G_PLAYTIME,G_RELEASE,G_LEVEL,G_RULETIME,G_LANG,G_INTER,G_THEME,G_REPLAY,G_ARTWORK,G_CONTENTS,G_NUM,G_IMAGE,G_THUMBNAIL,G_NAME_KOR) values (231,'Imperial Settlers: Atlanteans',to_date('20/04/09','RR/MM/DD'),to_date('20/04/09','RR/MM/DD'),0,0,1,5,90,2015,0,0,0,0,0,0,0,0,0,'https://cf.geekdo-images.com/original/img/254sU9z6S6x1NSBuHE0BhMKVA9I=/0x0/pic2520742.jpg','https://cf.geekdo-images.com/thumb/img/y7EWou4WL9wazoLE7nGIjvHJwuA=/fit-in/200x150/pic2520742.jpg',null);
Insert into DB_SAWEE.GAME (G_NO,G_NAME,G_WRITTEN_DATE,G_UPDATED_DATE,G_HIT,G_RECOMMEND_NUM,G_MIN,G_MAX,G_PLAYTIME,G_RELEASE,G_LEVEL,G_RULETIME,G_LANG,G_INTER,G_THEME,G_REPLAY,G_ARTWORK,G_CONTENTS,G_NUM,G_IMAGE,G_THUMBNAIL,G_NAME_KOR) values (232,'Imperial Settlers: Why Can''t We Be Friends',to_date('20/04/09','RR/MM/DD'),to_date('20/04/09','RR/MM/DD'),0,0,1,4,90,2014,0,0,0,0,0,0,0,0,0,'https://cf.geekdo-images.com/original/img/eC3VfcVlw6-AuqlqVHCH-tLtQQA=/0x0/pic2305119.jpg','https://cf.geekdo-images.com/thumb/img/vsDpQDH7mqrF0nQ6eJKP_zUvZoA=/fit-in/200x150/pic2305119.jpg',null);
Insert into DB_SAWEE.GAME (G_NO,G_NAME,G_WRITTEN_DATE,G_UPDATED_DATE,G_HIT,G_RECOMMEND_NUM,G_MIN,G_MAX,G_PLAYTIME,G_RELEASE,G_LEVEL,G_RULETIME,G_LANG,G_INTER,G_THEME,G_REPLAY,G_ARTWORK,G_CONTENTS,G_NUM,G_IMAGE,G_THUMBNAIL,G_NAME_KOR) values (233,'Imperialism: Road to Domination',to_date('20/04/09','RR/MM/DD'),to_date('20/04/09','RR/MM/DD'),0,0,2,4,90,2014,0,0,0,0,0,0,0,0,0,'https://cf.geekdo-images.com/original/img/m2M83fQ1mUBgmvEqfYn3yHh4ha0=/0x0/pic2288154.jpg','https://cf.geekdo-images.com/thumb/img/q08u61Ewn1pFU9Vu19YE0eET9ro=/fit-in/200x150/pic2288154.jpg',null);
Insert into DB_SAWEE.GAME (G_NO,G_NAME,G_WRITTEN_DATE,G_UPDATED_DATE,G_HIT,G_RECOMMEND_NUM,G_MIN,G_MAX,G_PLAYTIME,G_RELEASE,G_LEVEL,G_RULETIME,G_LANG,G_INTER,G_THEME,G_REPLAY,G_ARTWORK,G_CONTENTS,G_NUM,G_IMAGE,G_THUMBNAIL,G_NAME_KOR) values (181,'Eldritch Horror: Forsaken Lore',to_date('20/04/09','RR/MM/DD'),to_date('20/04/09','RR/MM/DD'),0,0,1,8,180,2014,0,0,0,0,0,0,0,0,0,'https://cf.geekdo-images.com/original/img/uYbBSr9uUeorSCeC9YFqunN7W-k=/0x0/pic1940723.jpg','https://cf.geekdo-images.com/thumb/img/9MCA-xwv8kt0-yHChTlhdyMaR54=/fit-in/200x150/pic1940723.jpg',null);
Insert into DB_SAWEE.GAME (G_NO,G_NAME,G_WRITTEN_DATE,G_UPDATED_DATE,G_HIT,G_RECOMMEND_NUM,G_MIN,G_MAX,G_PLAYTIME,G_RELEASE,G_LEVEL,G_RULETIME,G_LANG,G_INTER,G_THEME,G_REPLAY,G_ARTWORK,G_CONTENTS,G_NUM,G_IMAGE,G_THUMBNAIL,G_NAME_KOR) values (182,'Elysium',to_date('20/04/09','RR/MM/DD'),to_date('20/04/09','RR/MM/DD'),0,0,2,4,60,2015,0,0,0,0,0,0,0,0,0,'https://cf.geekdo-images.com/original/img/yik8q5LEYMtrO9Bx8-dUN9m2-H8=/0x0/pic2837103.png','https://cf.geekdo-images.com/thumb/img/XAqyd59H4hGF1j-Mpms0EoYX3vc=/fit-in/200x150/pic2837103.png',null);
Insert into DB_SAWEE.GAME (G_NO,G_NAME,G_WRITTEN_DATE,G_UPDATED_DATE,G_HIT,G_RECOMMEND_NUM,G_MIN,G_MAX,G_PLAYTIME,G_RELEASE,G_LEVEL,G_RULETIME,G_LANG,G_INTER,G_THEME,G_REPLAY,G_ARTWORK,G_CONTENTS,G_NUM,G_IMAGE,G_THUMBNAIL,G_NAME_KOR) values (183,'Eminent Domain',to_date('20/04/09','RR/MM/DD'),to_date('20/04/09','RR/MM/DD'),0,0,2,4,45,2011,0,0,0,0,0,0,0,0,0,'https://cf.geekdo-images.com/original/img/WJKSJeGjV6doF5uJ4VXu0xin7Wo=/0x0/pic1160506.jpg','https://cf.geekdo-images.com/thumb/img/UhxxkKQL_kEkOy11mvbHv0VCxFA=/fit-in/200x150/pic1160506.jpg',null);
Insert into DB_SAWEE.GAME (G_NO,G_NAME,G_WRITTEN_DATE,G_UPDATED_DATE,G_HIT,G_RECOMMEND_NUM,G_MIN,G_MAX,G_PLAYTIME,G_RELEASE,G_LEVEL,G_RULETIME,G_LANG,G_INTER,G_THEME,G_REPLAY,G_ARTWORK,G_CONTENTS,G_NUM,G_IMAGE,G_THUMBNAIL,G_NAME_KOR) values (184,'Eminent Domain: Bonus Planets',to_date('20/04/09','RR/MM/DD'),to_date('20/04/09','RR/MM/DD'),0,0,2,4,45,2011,0,0,0,0,0,0,0,0,0,'https://cf.geekdo-images.com/original/img/6-ufv212K84NrRHWnxj4k1ISdyw=/0x0/pic1910429.jpg','https://cf.geekdo-images.com/thumb/img/DoCTJbjyJ6_OPzC3dN6eItNzBac=/fit-in/200x150/pic1910429.jpg',null);
Insert into DB_SAWEE.GAME (G_NO,G_NAME,G_WRITTEN_DATE,G_UPDATED_DATE,G_HIT,G_RECOMMEND_NUM,G_MIN,G_MAX,G_PLAYTIME,G_RELEASE,G_LEVEL,G_RULETIME,G_LANG,G_INTER,G_THEME,G_REPLAY,G_ARTWORK,G_CONTENTS,G_NUM,G_IMAGE,G_THUMBNAIL,G_NAME_KOR) values (185,'Eminent Domain: Escalation',to_date('20/04/09','RR/MM/DD'),to_date('20/04/09','RR/MM/DD'),0,0,2,5,60,2014,0,0,0,0,0,0,0,0,0,'https://cf.geekdo-images.com/original/img/zt_g1Ct0WvW5QCSmKh5jvB3rjGU=/0x0/pic1613196.jpg','https://cf.geekdo-images.com/thumb/img/f7cKyEyB1-l45I5BVLiiKf7auFU=/fit-in/200x150/pic1613196.jpg',null);
Insert into DB_SAWEE.GAME (G_NO,G_NAME,G_WRITTEN_DATE,G_UPDATED_DATE,G_HIT,G_RECOMMEND_NUM,G_MIN,G_MAX,G_PLAYTIME,G_RELEASE,G_LEVEL,G_RULETIME,G_LANG,G_INTER,G_THEME,G_REPLAY,G_ARTWORK,G_CONTENTS,G_NUM,G_IMAGE,G_THUMBNAIL,G_NAME_KOR) values (186,'Eminent Domain: Escalation Bonus Pack',to_date('20/04/09','RR/MM/DD'),to_date('20/04/09','RR/MM/DD'),0,0,2,5,60,2013,0,0,0,0,0,0,0,0,0,'https://cf.geekdo-images.com/original/img/9DICI57j2akyGzMT77E0-7n1iRM=/0x0/pic1914906.jpg','https://cf.geekdo-images.com/thumb/img/UbFoYkjOc8hnx00SJCGwSDoHC08=/fit-in/200x150/pic1914906.jpg',null);
Insert into DB_SAWEE.GAME (G_NO,G_NAME,G_WRITTEN_DATE,G_UPDATED_DATE,G_HIT,G_RECOMMEND_NUM,G_MIN,G_MAX,G_PLAYTIME,G_RELEASE,G_LEVEL,G_RULETIME,G_LANG,G_INTER,G_THEME,G_REPLAY,G_ARTWORK,G_CONTENTS,G_NUM,G_IMAGE,G_THUMBNAIL,G_NAME_KOR) values (187,'Escape: The Curse of the Temple',to_date('20/04/09','RR/MM/DD'),to_date('20/04/09','RR/MM/DD'),0,0,1,5,10,2012,0,0,0,0,0,0,0,0,0,'https://cf.geekdo-images.com/original/img/SrdNn3Q5PScNpgUP85VFfAXR3mY=/0x0/pic3328521.jpg','https://cf.geekdo-images.com/thumb/img/HPZ7dXPh0TwbF9LCdzREckXzfJo=/fit-in/200x150/pic3328521.jpg',null);
Insert into DB_SAWEE.GAME (G_NO,G_NAME,G_WRITTEN_DATE,G_UPDATED_DATE,G_HIT,G_RECOMMEND_NUM,G_MIN,G_MAX,G_PLAYTIME,G_RELEASE,G_LEVEL,G_RULETIME,G_LANG,G_INTER,G_THEME,G_REPLAY,G_ARTWORK,G_CONTENTS,G_NUM,G_IMAGE,G_THUMBNAIL,G_NAME_KOR) values (188,'Escape: The Curse of the Temple – Expansion 1: Illusions',to_date('20/04/09','RR/MM/DD'),to_date('20/04/09','RR/MM/DD'),0,0,1,6,10,2012,0,0,0,0,0,0,0,0,0,'https://cf.geekdo-images.com/original/img/APXS-tNF_2mkrKzLgD08cLYDyPk=/0x0/pic1374177.jpg','https://cf.geekdo-images.com/thumb/img/6G9nviAex4hvGSkUAt8sMVgyOIM=/fit-in/200x150/pic1374177.jpg',null);
Insert into DB_SAWEE.GAME (G_NO,G_NAME,G_WRITTEN_DATE,G_UPDATED_DATE,G_HIT,G_RECOMMEND_NUM,G_MIN,G_MAX,G_PLAYTIME,G_RELEASE,G_LEVEL,G_RULETIME,G_LANG,G_INTER,G_THEME,G_REPLAY,G_ARTWORK,G_CONTENTS,G_NUM,G_IMAGE,G_THUMBNAIL,G_NAME_KOR) values (189,'Escape: The Curse of the Temple – Expansion 2: Quest',to_date('20/04/09','RR/MM/DD'),to_date('20/04/09','RR/MM/DD'),0,0,1,6,10,2013,0,0,0,0,0,0,0,0,0,'https://cf.geekdo-images.com/original/img/e2lxEQVS3WqXHUV5MIgEPSZEGGc=/0x0/pic1727702.jpg','https://cf.geekdo-images.com/thumb/img/btaf2VBun3dH2dtX1QmmHNYBfOM=/fit-in/200x150/pic1727702.jpg',null);
Insert into DB_SAWEE.GAME (G_NO,G_NAME,G_WRITTEN_DATE,G_UPDATED_DATE,G_HIT,G_RECOMMEND_NUM,G_MIN,G_MAX,G_PLAYTIME,G_RELEASE,G_LEVEL,G_RULETIME,G_LANG,G_INTER,G_THEME,G_REPLAY,G_ARTWORK,G_CONTENTS,G_NUM,G_IMAGE,G_THUMBNAIL,G_NAME_KOR) values (190,'Euphoria: Build a Better Dystopia',to_date('20/04/09','RR/MM/DD'),to_date('20/04/09','RR/MM/DD'),0,0,2,6,60,2013,0,0,0,0,0,0,0,0,0,'https://cf.geekdo-images.com/original/img/GWv5VxNk6OENdZjMllw06h8cxUw=/0x0/pic1851141.jpg','https://cf.geekdo-images.com/thumb/img/n7PC3ELYKUoDune7R1eerr5VYk8=/fit-in/200x150/pic1851141.jpg',null);
Insert into DB_SAWEE.GAME (G_NO,G_NAME,G_WRITTEN_DATE,G_UPDATED_DATE,G_HIT,G_RECOMMEND_NUM,G_MIN,G_MAX,G_PLAYTIME,G_RELEASE,G_LEVEL,G_RULETIME,G_LANG,G_INTER,G_THEME,G_REPLAY,G_ARTWORK,G_CONTENTS,G_NUM,G_IMAGE,G_THUMBNAIL,G_NAME_KOR) values (191,'Evolution',to_date('20/04/09','RR/MM/DD'),to_date('20/04/09','RR/MM/DD'),0,0,2,6,60,2014,0,0,0,0,0,0,0,0,0,'https://cf.geekdo-images.com/original/img/ThUHq10tpEdS4cbNUGmdovJ-eok=/0x0/pic3543505.jpg','https://cf.geekdo-images.com/thumb/img/YBOBavnfOzKqSgjvXDNcnAHnk5g=/fit-in/200x150/pic3543505.jpg',null);
Insert into DB_SAWEE.GAME (G_NO,G_NAME,G_WRITTEN_DATE,G_UPDATED_DATE,G_HIT,G_RECOMMEND_NUM,G_MIN,G_MAX,G_PLAYTIME,G_RELEASE,G_LEVEL,G_RULETIME,G_LANG,G_INTER,G_THEME,G_REPLAY,G_ARTWORK,G_CONTENTS,G_NUM,G_IMAGE,G_THUMBNAIL,G_NAME_KOR) values (192,'Evolution: Flight',to_date('20/04/09','RR/MM/DD'),to_date('20/04/09','RR/MM/DD'),0,0,2,6,60,2015,0,0,0,0,0,0,0,0,0,'https://cf.geekdo-images.com/original/img/31Q0uH38CuWtnGYRCQ39duJAH90=/0x0/pic2558554.jpg','https://cf.geekdo-images.com/thumb/img/8R7d2UHlO1Osoe43blMH_zT-67s=/fit-in/200x150/pic2558554.jpg',null);
Insert into DB_SAWEE.GAME (G_NO,G_NAME,G_WRITTEN_DATE,G_UPDATED_DATE,G_HIT,G_RECOMMEND_NUM,G_MIN,G_MAX,G_PLAYTIME,G_RELEASE,G_LEVEL,G_RULETIME,G_LANG,G_INTER,G_THEME,G_REPLAY,G_ARTWORK,G_CONTENTS,G_NUM,G_IMAGE,G_THUMBNAIL,G_NAME_KOR) values (193,'Exploding Kittens',to_date('20/04/09','RR/MM/DD'),to_date('20/04/09','RR/MM/DD'),0,0,2,5,15,2015,0,0,0,0,0,0,0,0,0,'https://cf.geekdo-images.com/original/img/XW9wAqKOy8kvH6TqxtuwAdFuAoo=/0x0/pic2691976.png','https://cf.geekdo-images.com/thumb/img/qW31_tueq5049lRyZ--sPI-rlBU=/fit-in/200x150/pic2691976.png',null);
Insert into DB_SAWEE.GAME (G_NO,G_NAME,G_WRITTEN_DATE,G_UPDATED_DATE,G_HIT,G_RECOMMEND_NUM,G_MIN,G_MAX,G_PLAYTIME,G_RELEASE,G_LEVEL,G_RULETIME,G_LANG,G_INTER,G_THEME,G_REPLAY,G_ARTWORK,G_CONTENTS,G_NUM,G_IMAGE,G_THUMBNAIL,G_NAME_KOR) values (194,'Fairy Tale',to_date('20/04/09','RR/MM/DD'),to_date('20/04/09','RR/MM/DD'),0,0,2,5,30,2004,0,0,0,0,0,0,0,0,0,'https://cf.geekdo-images.com/original/img/7yFOVVLf3qv1JE-LfEZiONR5vvM=/0x0/pic2024738.jpg','https://cf.geekdo-images.com/thumb/img/fIMHxZQjmAkwPz3h541ls5X-ico=/fit-in/200x150/pic2024738.jpg',null);
Insert into DB_SAWEE.GAME (G_NO,G_NAME,G_WRITTEN_DATE,G_UPDATED_DATE,G_HIT,G_RECOMMEND_NUM,G_MIN,G_MAX,G_PLAYTIME,G_RELEASE,G_LEVEL,G_RULETIME,G_LANG,G_INTER,G_THEME,G_REPLAY,G_ARTWORK,G_CONTENTS,G_NUM,G_IMAGE,G_THUMBNAIL,G_NAME_KOR) values (195,'A Feast for Odin',to_date('20/04/09','RR/MM/DD'),to_date('20/04/09','RR/MM/DD'),0,0,1,4,120,2016,0,0,0,0,0,0,0,0,0,'https://cf.geekdo-images.com/original/img/h0P5NRuVBu0GuDrJo7CHAiSJo3U=/0x0/pic3146943.png','https://cf.geekdo-images.com/thumb/img/TlonnY76oPh37-oHKDOcL2pifBE=/fit-in/200x150/pic3146943.png',null);
Insert into DB_SAWEE.GAME (G_NO,G_NAME,G_WRITTEN_DATE,G_UPDATED_DATE,G_HIT,G_RECOMMEND_NUM,G_MIN,G_MAX,G_PLAYTIME,G_RELEASE,G_LEVEL,G_RULETIME,G_LANG,G_INTER,G_THEME,G_REPLAY,G_ARTWORK,G_CONTENTS,G_NUM,G_IMAGE,G_THUMBNAIL,G_NAME_KOR) values (196,'Fields of Arle',to_date('20/04/09','RR/MM/DD'),to_date('20/04/09','RR/MM/DD'),0,0,1,2,120,2014,0,0,0,0,0,0,0,0,0,'https://cf.geekdo-images.com/original/img/xlgiqGRKx6LZuhjh5iR-dtbMrJQ=/0x0/pic2225968.png','https://cf.geekdo-images.com/thumb/img/lKzUtdJxoZcMDlvz7SFwRDqoAaY=/fit-in/200x150/pic2225968.png',null);
Insert into DB_SAWEE.GAME (G_NO,G_NAME,G_WRITTEN_DATE,G_UPDATED_DATE,G_HIT,G_RECOMMEND_NUM,G_MIN,G_MAX,G_PLAYTIME,G_RELEASE,G_LEVEL,G_RULETIME,G_LANG,G_INTER,G_THEME,G_REPLAY,G_ARTWORK,G_CONTENTS,G_NUM,G_IMAGE,G_THUMBNAIL,G_NAME_KOR) values (197,'Fields of Green',to_date('20/04/09','RR/MM/DD'),to_date('20/04/09','RR/MM/DD'),0,0,2,4,45,2016,0,0,0,0,0,0,0,0,0,'https://cf.geekdo-images.com/original/img/2mfM570V1ExvCnojanS7bOg9LbY=/0x0/pic3504382.jpg','https://cf.geekdo-images.com/thumb/img/cDJZf2Q3icM40wjf046u5T65v4E=/fit-in/200x150/pic3504382.jpg',null);
Insert into DB_SAWEE.GAME (G_NO,G_NAME,G_WRITTEN_DATE,G_UPDATED_DATE,G_HIT,G_RECOMMEND_NUM,G_MIN,G_MAX,G_PLAYTIME,G_RELEASE,G_LEVEL,G_RULETIME,G_LANG,G_INTER,G_THEME,G_REPLAY,G_ARTWORK,G_CONTENTS,G_NUM,G_IMAGE,G_THUMBNAIL,G_NAME_KOR) values (198,'Five Tribes',to_date('20/04/09','RR/MM/DD'),to_date('20/04/09','RR/MM/DD'),0,0,2,4,80,2014,0,0,0,0,0,0,0,0,0,'https://cf.geekdo-images.com/original/img/ysxyEQPPbio1xvtx56l_8P8BkYs=/0x0/pic2055255.jpg','https://cf.geekdo-images.com/thumb/img/j7n3RouVn6V-oVhyjU5NmhEOTzU=/fit-in/200x150/pic2055255.jpg',null);
Insert into DB_SAWEE.GAME (G_NO,G_NAME,G_WRITTEN_DATE,G_UPDATED_DATE,G_HIT,G_RECOMMEND_NUM,G_MIN,G_MAX,G_PLAYTIME,G_RELEASE,G_LEVEL,G_RULETIME,G_LANG,G_INTER,G_THEME,G_REPLAY,G_ARTWORK,G_CONTENTS,G_NUM,G_IMAGE,G_THUMBNAIL,G_NAME_KOR) values (199,'Five Tribes: The Artisans of Naqala',to_date('20/04/09','RR/MM/DD'),to_date('20/04/09','RR/MM/DD'),0,0,2,4,80,2015,0,0,0,0,0,0,0,0,0,'https://cf.geekdo-images.com/original/img/pXC4Zb9oaL2C-lMt7Hq7b1TrcS0=/0x0/pic2496396.jpg','https://cf.geekdo-images.com/thumb/img/kv30ETESZr1jIZuipzwZ7vcYBL8=/fit-in/200x150/pic2496396.jpg',null);
Insert into DB_SAWEE.GAME (G_NO,G_NAME,G_WRITTEN_DATE,G_UPDATED_DATE,G_HIT,G_RECOMMEND_NUM,G_MIN,G_MAX,G_PLAYTIME,G_RELEASE,G_LEVEL,G_RULETIME,G_LANG,G_INTER,G_THEME,G_REPLAY,G_ARTWORK,G_CONTENTS,G_NUM,G_IMAGE,G_THUMBNAIL,G_NAME_KOR) values (200,'Fjords',to_date('20/04/09','RR/MM/DD'),to_date('20/04/09','RR/MM/DD'),0,0,2,2,30,2005,0,0,0,0,0,0,0,0,0,'https://cf.geekdo-images.com/original/img/hV1ah1eLPBDNyPMq2t8_EfCusgc=/0x0/pic250459.jpg','https://cf.geekdo-images.com/thumb/img/_NwR97XPi1JeBgW7vy58wQWeuOM=/fit-in/200x150/pic250459.jpg',null);
Insert into DB_SAWEE.GAME (G_NO,G_NAME,G_WRITTEN_DATE,G_UPDATED_DATE,G_HIT,G_RECOMMEND_NUM,G_MIN,G_MAX,G_PLAYTIME,G_RELEASE,G_LEVEL,G_RULETIME,G_LANG,G_INTER,G_THEME,G_REPLAY,G_ARTWORK,G_CONTENTS,G_NUM,G_IMAGE,G_THUMBNAIL,G_NAME_KOR) values (201,'Flash Point: Fire Rescue',to_date('20/04/09','RR/MM/DD'),to_date('20/04/09','RR/MM/DD'),0,0,2,6,45,2011,0,0,0,0,0,0,0,0,0,'https://cf.geekdo-images.com/original/img/iYoZCeHO5Zyd7kkEMK2e-KHAuDU=/0x0/pic1129370.jpg','https://cf.geekdo-images.com/thumb/img/U3IWrvKrFjj-LD1j7QLQgv5afXw=/fit-in/200x150/pic1129370.jpg',null);
Insert into DB_SAWEE.GAME (G_NO,G_NAME,G_WRITTEN_DATE,G_UPDATED_DATE,G_HIT,G_RECOMMEND_NUM,G_MIN,G_MAX,G_PLAYTIME,G_RELEASE,G_LEVEL,G_RULETIME,G_LANG,G_INTER,G_THEME,G_REPLAY,G_ARTWORK,G_CONTENTS,G_NUM,G_IMAGE,G_THUMBNAIL,G_NAME_KOR) values (202,'Flash Point: Fire Rescue – 2nd Story',to_date('20/04/09','RR/MM/DD'),to_date('20/04/09','RR/MM/DD'),0,0,2,6,45,2012,0,0,0,0,0,0,0,0,0,'https://cf.geekdo-images.com/original/img/eSm8YbMyqc70H_5QJoY3ox-YbOQ=/0x0/pic2625250.jpg','https://cf.geekdo-images.com/thumb/img/YhdxLYsfS23Z8TiUlLaAjqkqt5s=/fit-in/200x150/pic2625250.jpg',null);
Insert into DB_SAWEE.GAME (G_NO,G_NAME,G_WRITTEN_DATE,G_UPDATED_DATE,G_HIT,G_RECOMMEND_NUM,G_MIN,G_MAX,G_PLAYTIME,G_RELEASE,G_LEVEL,G_RULETIME,G_LANG,G_INTER,G_THEME,G_REPLAY,G_ARTWORK,G_CONTENTS,G_NUM,G_IMAGE,G_THUMBNAIL,G_NAME_KOR) values (203,'Flash Point: Fire Rescue – Extreme Danger',to_date('20/04/09','RR/MM/DD'),to_date('20/04/09','RR/MM/DD'),0,0,2,6,45,2013,0,0,0,0,0,0,0,0,0,'https://cf.geekdo-images.com/original/img/4Np7aFIk6ecsoKirMLwrmVVSMRg=/0x0/pic2008476.jpg','https://cf.geekdo-images.com/thumb/img/Zcl3P-xJwZc2b0voq9q4ntm7jYU=/fit-in/200x150/pic2008476.jpg',null);
Insert into DB_SAWEE.GAME (G_NO,G_NAME,G_WRITTEN_DATE,G_UPDATED_DATE,G_HIT,G_RECOMMEND_NUM,G_MIN,G_MAX,G_PLAYTIME,G_RELEASE,G_LEVEL,G_RULETIME,G_LANG,G_INTER,G_THEME,G_REPLAY,G_ARTWORK,G_CONTENTS,G_NUM,G_IMAGE,G_THUMBNAIL,G_NAME_KOR) values (204,'Flash Point: Fire Rescue – Veteran and Rescue Dog',to_date('20/04/09','RR/MM/DD'),to_date('20/04/09','RR/MM/DD'),0,0,2,6,45,2013,0,0,0,0,0,0,0,0,0,'https://cf.geekdo-images.com/original/img/zwZ3Ddx42Ed3Tq8Br-3KAWLyYY8=/0x0/pic1861138.png','https://cf.geekdo-images.com/thumb/img/6PqAM_DUFrsV2D4RxtlzZheLYZs=/fit-in/200x150/pic1861138.png',null);
Insert into DB_SAWEE.GAME (G_NO,G_NAME,G_WRITTEN_DATE,G_UPDATED_DATE,G_HIT,G_RECOMMEND_NUM,G_MIN,G_MAX,G_PLAYTIME,G_RELEASE,G_LEVEL,G_RULETIME,G_LANG,G_INTER,G_THEME,G_REPLAY,G_ARTWORK,G_CONTENTS,G_NUM,G_IMAGE,G_THUMBNAIL,G_NAME_KOR) values (205,'Forbidden Desert',to_date('20/04/09','RR/MM/DD'),to_date('20/04/09','RR/MM/DD'),0,0,2,5,45,2013,0,0,0,0,0,0,0,0,0,'https://cf.geekdo-images.com/original/img/wYvf6LExNhb3rflp_QYmCK_NhMc=/0x0/pic1528722.jpg','https://cf.geekdo-images.com/thumb/img/gm5d7sO006n-WTSG2ynzyLz169A=/fit-in/200x150/pic1528722.jpg',null);
Insert into DB_SAWEE.GAME (G_NO,G_NAME,G_WRITTEN_DATE,G_UPDATED_DATE,G_HIT,G_RECOMMEND_NUM,G_MIN,G_MAX,G_PLAYTIME,G_RELEASE,G_LEVEL,G_RULETIME,G_LANG,G_INTER,G_THEME,G_REPLAY,G_ARTWORK,G_CONTENTS,G_NUM,G_IMAGE,G_THUMBNAIL,G_NAME_KOR) values (206,'Forbidden Island',to_date('20/04/09','RR/MM/DD'),to_date('20/04/09','RR/MM/DD'),0,0,2,4,30,2010,0,0,0,0,0,0,0,0,0,'https://cf.geekdo-images.com/original/img/GxHuu04GdLw8PAnt9SOYRU5gR1A=/0x0/pic646458.jpg','https://cf.geekdo-images.com/thumb/img/HHXWNMiV-E2KKATrDYd94EVAV_w=/fit-in/200x150/pic646458.jpg',null);
Insert into DB_SAWEE.GAME (G_NO,G_NAME,G_WRITTEN_DATE,G_UPDATED_DATE,G_HIT,G_RECOMMEND_NUM,G_MIN,G_MAX,G_PLAYTIME,G_RELEASE,G_LEVEL,G_RULETIME,G_LANG,G_INTER,G_THEME,G_REPLAY,G_ARTWORK,G_CONTENTS,G_NUM,G_IMAGE,G_THUMBNAIL,G_NAME_KOR) values (157,'Dungeons & Dragons: Attack Wing – Aarakocra Troop Expansion Pack',to_date('20/04/09','RR/MM/DD'),to_date('20/04/09','RR/MM/DD'),0,0,2,99,30,2014,0,0,0,0,0,0,0,0,0,'https://cf.geekdo-images.com/original/img/BZtMjpqfPxEJlxCaV431fVCX1C0=/0x0/pic2350257.jpg','https://cf.geekdo-images.com/thumb/img/bYy2mTa-Zb9X4TkT-ArGOJbckmg=/fit-in/200x150/pic2350257.jpg',null);
Insert into DB_SAWEE.GAME (G_NO,G_NAME,G_WRITTEN_DATE,G_UPDATED_DATE,G_HIT,G_RECOMMEND_NUM,G_MIN,G_MAX,G_PLAYTIME,G_RELEASE,G_LEVEL,G_RULETIME,G_LANG,G_INTER,G_THEME,G_REPLAY,G_ARTWORK,G_CONTENTS,G_NUM,G_IMAGE,G_THUMBNAIL,G_NAME_KOR) values (158,'Dungeons & Dragons: Attack Wing – Ballista Expansion Pack',to_date('20/04/09','RR/MM/DD'),to_date('20/04/09','RR/MM/DD'),0,0,2,99,30,2014,0,0,0,0,0,0,0,0,0,'https://cf.geekdo-images.com/original/img/JZApXR1yx2vtPR4gOq0QbJud0y8=/0x0/pic2289032.jpg','https://cf.geekdo-images.com/thumb/img/GU2MUjm1P41fbRzDnfNOD8Es7Rk=/fit-in/200x150/pic2289032.jpg',null);
Insert into DB_SAWEE.GAME (G_NO,G_NAME,G_WRITTEN_DATE,G_UPDATED_DATE,G_HIT,G_RECOMMEND_NUM,G_MIN,G_MAX,G_PLAYTIME,G_RELEASE,G_LEVEL,G_RULETIME,G_LANG,G_INTER,G_THEME,G_REPLAY,G_ARTWORK,G_CONTENTS,G_NUM,G_IMAGE,G_THUMBNAIL,G_NAME_KOR) values (159,'Dungeons & Dragons: Attack Wing – Frost Giant Expansion Pack',to_date('20/04/09','RR/MM/DD'),to_date('20/04/09','RR/MM/DD'),0,0,2,99,30,2014,0,0,0,0,0,0,0,0,0,'https://cf.geekdo-images.com/original/img/OvptBhJ4cUTRkrZ7VSuapOQ6GfE=/0x0/pic2289044.jpg','https://cf.geekdo-images.com/thumb/img/jAjmrrB710vPUV-KZwpen0pYZK0=/fit-in/200x150/pic2289044.jpg',null);
Insert into DB_SAWEE.GAME (G_NO,G_NAME,G_WRITTEN_DATE,G_UPDATED_DATE,G_HIT,G_RECOMMEND_NUM,G_MIN,G_MAX,G_PLAYTIME,G_RELEASE,G_LEVEL,G_RULETIME,G_LANG,G_INTER,G_THEME,G_REPLAY,G_ARTWORK,G_CONTENTS,G_NUM,G_IMAGE,G_THUMBNAIL,G_NAME_KOR) values (160,'Dungeons & Dragons: Attack Wing – Green Dragon Expansion Pack',to_date('20/04/09','RR/MM/DD'),to_date('20/04/09','RR/MM/DD'),0,0,2,99,30,2014,0,0,0,0,0,0,0,0,0,'https://cf.geekdo-images.com/original/img/m2mcP4MHMe3_ewrayLQ8Y6y9cOQ=/0x0/pic2289051.jpg','https://cf.geekdo-images.com/thumb/img/2nhP9DRlkK0ZVrk3f9NgAwiS6eQ=/fit-in/200x150/pic2289051.jpg',null);
Insert into DB_SAWEE.GAME (G_NO,G_NAME,G_WRITTEN_DATE,G_UPDATED_DATE,G_HIT,G_RECOMMEND_NUM,G_MIN,G_MAX,G_PLAYTIME,G_RELEASE,G_LEVEL,G_RULETIME,G_LANG,G_INTER,G_THEME,G_REPLAY,G_ARTWORK,G_CONTENTS,G_NUM,G_IMAGE,G_THUMBNAIL,G_NAME_KOR) values (161,'Dungeons & Dragons: Attack Wing – Hobgoblin Troop Expansion Pack',to_date('20/04/09','RR/MM/DD'),to_date('20/04/09','RR/MM/DD'),0,0,2,99,30,2014,0,0,0,0,0,0,0,0,0,'https://cf.geekdo-images.com/original/img/ZWnojy97QpBz1l-lRqCiyFIrybo=/0x0/pic2289035.jpg','https://cf.geekdo-images.com/thumb/img/Smjm4RxtIi_Cw7jLqIzMkuywmIg=/fit-in/200x150/pic2289035.jpg',null);
Insert into DB_SAWEE.GAME (G_NO,G_NAME,G_WRITTEN_DATE,G_UPDATED_DATE,G_HIT,G_RECOMMEND_NUM,G_MIN,G_MAX,G_PLAYTIME,G_RELEASE,G_LEVEL,G_RULETIME,G_LANG,G_INTER,G_THEME,G_REPLAY,G_ARTWORK,G_CONTENTS,G_NUM,G_IMAGE,G_THUMBNAIL,G_NAME_KOR) values (162,'Dungeons & Dragons: Attack Wing – Movanic Deva Angel Expansion Pack',to_date('20/04/09','RR/MM/DD'),to_date('20/04/09','RR/MM/DD'),0,0,2,99,30,2014,0,0,0,0,0,0,0,0,0,'https://cf.geekdo-images.com/original/img/uzlwsWHhU_IKsJpiU9_AcusqQMo=/0x0/pic2350256.jpg','https://cf.geekdo-images.com/thumb/img/niG72EuRM4ySYeKpw7a1BZbYscQ=/fit-in/200x150/pic2350256.jpg',null);
Insert into DB_SAWEE.GAME (G_NO,G_NAME,G_WRITTEN_DATE,G_UPDATED_DATE,G_HIT,G_RECOMMEND_NUM,G_MIN,G_MAX,G_PLAYTIME,G_RELEASE,G_LEVEL,G_RULETIME,G_LANG,G_INTER,G_THEME,G_REPLAY,G_ARTWORK,G_CONTENTS,G_NUM,G_IMAGE,G_THUMBNAIL,G_NAME_KOR) values (163,'Dungeons & Dragons: Attack Wing – Shadow Black Dragon Expansion Pack',to_date('20/04/09','RR/MM/DD'),to_date('20/04/09','RR/MM/DD'),0,0,2,99,30,2014,0,0,0,0,0,0,0,0,0,'https://cf.geekdo-images.com/original/img/OrwnnAVSGxhZcJAbxmvTMRQvC9w=/0x0/pic2350162.jpg','https://cf.geekdo-images.com/thumb/img/pF9flSOLTjdBwKtESVRer3nP6b4=/fit-in/200x150/pic2350162.jpg',null);
Insert into DB_SAWEE.GAME (G_NO,G_NAME,G_WRITTEN_DATE,G_UPDATED_DATE,G_HIT,G_RECOMMEND_NUM,G_MIN,G_MAX,G_PLAYTIME,G_RELEASE,G_LEVEL,G_RULETIME,G_LANG,G_INTER,G_THEME,G_REPLAY,G_ARTWORK,G_CONTENTS,G_NUM,G_IMAGE,G_THUMBNAIL,G_NAME_KOR) values (164,'Dungeons & Dragons: Attack Wing – Sun Elf Troop Expansion Pack',to_date('20/04/09','RR/MM/DD'),to_date('20/04/09','RR/MM/DD'),0,0,2,99,30,2014,0,0,0,0,0,0,0,0,0,'https://cf.geekdo-images.com/original/img/HZCMi5XjUaMutpRRBDRqrOi0wgk=/0x0/pic2289038.jpg','https://cf.geekdo-images.com/thumb/img/mVE0_yJLP7HbF28-d20Ax8hhooY=/fit-in/200x150/pic2289038.jpg',null);
Insert into DB_SAWEE.GAME (G_NO,G_NAME,G_WRITTEN_DATE,G_UPDATED_DATE,G_HIT,G_RECOMMEND_NUM,G_MIN,G_MAX,G_PLAYTIME,G_RELEASE,G_LEVEL,G_RULETIME,G_LANG,G_INTER,G_THEME,G_REPLAY,G_ARTWORK,G_CONTENTS,G_NUM,G_IMAGE,G_THUMBNAIL,G_NAME_KOR) values (165,'Dungeons & Dragons: Attack Wing – Sun Elf Wizard Expansion Pack',to_date('20/04/09','RR/MM/DD'),to_date('20/04/09','RR/MM/DD'),0,0,2,99,30,2014,0,0,0,0,0,0,0,0,0,'https://cf.geekdo-images.com/original/img/gdHa2VzV8xp-RUBD6HKrv17OeLg=/0x0/pic2289049.jpg','https://cf.geekdo-images.com/thumb/img/XCPPplB-tLSL-3CABk0GCVVDIYY=/fit-in/200x150/pic2289049.jpg',null);
Insert into DB_SAWEE.GAME (G_NO,G_NAME,G_WRITTEN_DATE,G_UPDATED_DATE,G_HIT,G_RECOMMEND_NUM,G_MIN,G_MAX,G_PLAYTIME,G_RELEASE,G_LEVEL,G_RULETIME,G_LANG,G_INTER,G_THEME,G_REPLAY,G_ARTWORK,G_CONTENTS,G_NUM,G_IMAGE,G_THUMBNAIL,G_NAME_KOR) values (166,'Dungeons & Dragons: Attack Wing – White Dragon Expansion Pack',to_date('20/04/09','RR/MM/DD'),to_date('20/04/09','RR/MM/DD'),0,0,2,99,30,2015,0,0,0,0,0,0,0,0,0,'https://cf.geekdo-images.com/original/img/2MRotexmWY5ZTaXfCZwsz2ZodE0=/0x0/pic2491811.jpg','https://cf.geekdo-images.com/thumb/img/gcLZ2z9UbJWp29OnWDFgMNnrMik=/fit-in/200x150/pic2491811.jpg',null);
Insert into DB_SAWEE.GAME (G_NO,G_NAME,G_WRITTEN_DATE,G_UPDATED_DATE,G_HIT,G_RECOMMEND_NUM,G_MIN,G_MAX,G_PLAYTIME,G_RELEASE,G_LEVEL,G_RULETIME,G_LANG,G_INTER,G_THEME,G_REPLAY,G_ARTWORK,G_CONTENTS,G_NUM,G_IMAGE,G_THUMBNAIL,G_NAME_KOR) values (167,'Dungeons & Dragons: Attack Wing – Wraith Expansion Pack',to_date('20/04/09','RR/MM/DD'),to_date('20/04/09','RR/MM/DD'),0,0,2,99,30,2014,0,0,0,0,0,0,0,0,0,'https://cf.geekdo-images.com/original/img/9wEyD-5AF8oGcC3GRIyEZqpewE4=/0x0/pic2289028.jpg','https://cf.geekdo-images.com/thumb/img/9QqOBvN3QF6Q-maO5SfOxqqiYYI=/fit-in/200x150/pic2289028.jpg',null);
Insert into DB_SAWEE.GAME (G_NO,G_NAME,G_WRITTEN_DATE,G_UPDATED_DATE,G_HIT,G_RECOMMEND_NUM,G_MIN,G_MAX,G_PLAYTIME,G_RELEASE,G_LEVEL,G_RULETIME,G_LANG,G_INTER,G_THEME,G_REPLAY,G_ARTWORK,G_CONTENTS,G_NUM,G_IMAGE,G_THUMBNAIL,G_NAME_KOR) values (168,'Dungeons & Dragons: Castle Ravenloft Board Game',to_date('20/04/09','RR/MM/DD'),to_date('20/04/09','RR/MM/DD'),0,0,1,5,60,2010,0,0,0,0,0,0,0,0,0,'https://cf.geekdo-images.com/original/img/jCbTMXEzaEBKoGaV396CQRKwiuU=/0x0/pic660244.jpg','https://cf.geekdo-images.com/thumb/img/_TOl-lEL1_VBJ2n73W2_oJzMMto=/fit-in/200x150/pic660244.jpg',null);
Insert into DB_SAWEE.GAME (G_NO,G_NAME,G_WRITTEN_DATE,G_UPDATED_DATE,G_HIT,G_RECOMMEND_NUM,G_MIN,G_MAX,G_PLAYTIME,G_RELEASE,G_LEVEL,G_RULETIME,G_LANG,G_INTER,G_THEME,G_REPLAY,G_ARTWORK,G_CONTENTS,G_NUM,G_IMAGE,G_THUMBNAIL,G_NAME_KOR) values (169,'Dungeons & Dragons: Temple of Elemental Evil Board Game',to_date('20/04/09','RR/MM/DD'),to_date('20/04/09','RR/MM/DD'),0,0,1,5,60,2015,0,0,0,0,0,0,0,0,0,'https://cf.geekdo-images.com/original/img/UfwSOY8nOTJqziL_Af_CrbMnZw4=/0x0/pic2496558.jpg','https://cf.geekdo-images.com/thumb/img/j4wOhbvrtqka7-Vj40Q9uL6Gxmo=/fit-in/200x150/pic2496558.jpg',null);
Insert into DB_SAWEE.GAME (G_NO,G_NAME,G_WRITTEN_DATE,G_UPDATED_DATE,G_HIT,G_RECOMMEND_NUM,G_MIN,G_MAX,G_PLAYTIME,G_RELEASE,G_LEVEL,G_RULETIME,G_LANG,G_INTER,G_THEME,G_REPLAY,G_ARTWORK,G_CONTENTS,G_NUM,G_IMAGE,G_THUMBNAIL,G_NAME_KOR) values (170,'Dungeons & Dragons: The Legend of Drizzt Board Game',to_date('20/04/09','RR/MM/DD'),to_date('20/04/09','RR/MM/DD'),0,0,1,5,60,2011,0,0,0,0,0,0,0,0,0,'https://cf.geekdo-images.com/original/img/U-h1zs2Ts97MzmoVXAXuDErwR4k=/0x0/pic994268.jpg','https://cf.geekdo-images.com/thumb/img/pdrHoReph02V0sr0LoRSoWwwVEo=/fit-in/200x150/pic994268.jpg',null);
Insert into DB_SAWEE.GAME (G_NO,G_NAME,G_WRITTEN_DATE,G_UPDATED_DATE,G_HIT,G_RECOMMEND_NUM,G_MIN,G_MAX,G_PLAYTIME,G_RELEASE,G_LEVEL,G_RULETIME,G_LANG,G_INTER,G_THEME,G_REPLAY,G_ARTWORK,G_CONTENTS,G_NUM,G_IMAGE,G_THUMBNAIL,G_NAME_KOR) values (171,'Dungeons & Dragons: Wrath of Ashardalon Board Game',to_date('20/04/09','RR/MM/DD'),to_date('20/04/09','RR/MM/DD'),0,0,1,5,60,2011,0,0,0,0,0,0,0,0,0,'https://cf.geekdo-images.com/original/img/dd0r9sMDjdSEg9Yq3lN0IZGf63c=/0x0/pic968280.jpg','https://cf.geekdo-images.com/thumb/img/rSVkr2O19WFDaALocNRfXlHj6bo=/fit-in/200x150/pic968280.jpg',null);
Insert into DB_SAWEE.GAME (G_NO,G_NAME,G_WRITTEN_DATE,G_UPDATED_DATE,G_HIT,G_RECOMMEND_NUM,G_MIN,G_MAX,G_PLAYTIME,G_RELEASE,G_LEVEL,G_RULETIME,G_LANG,G_INTER,G_THEME,G_REPLAY,G_ARTWORK,G_CONTENTS,G_NUM,G_IMAGE,G_THUMBNAIL,G_NAME_KOR) values (172,'Eclipse',to_date('20/04/09','RR/MM/DD'),to_date('20/04/09','RR/MM/DD'),0,0,2,6,180,2011,0,0,0,0,0,0,0,0,0,'https://cf.geekdo-images.com/original/img/583Qqo-5M56np8LqnFKcCuUfn7A=/0x0/pic1974056.jpg','https://cf.geekdo-images.com/thumb/img/RSnDaIZnOELRL7lOAdYxQd7Oifk=/fit-in/200x150/pic1974056.jpg',null);
Insert into DB_SAWEE.GAME (G_NO,G_NAME,G_WRITTEN_DATE,G_UPDATED_DATE,G_HIT,G_RECOMMEND_NUM,G_MIN,G_MAX,G_PLAYTIME,G_RELEASE,G_LEVEL,G_RULETIME,G_LANG,G_INTER,G_THEME,G_REPLAY,G_ARTWORK,G_CONTENTS,G_NUM,G_IMAGE,G_THUMBNAIL,G_NAME_KOR) values (173,'Eclipse: Rise of the Ancients',to_date('20/04/09','RR/MM/DD'),to_date('20/04/09','RR/MM/DD'),0,0,2,9,120,2012,0,0,0,0,0,0,0,0,0,'https://cf.geekdo-images.com/original/img/3IJB2xUEyQnZT_24N4wo8dwL-PQ=/0x0/pic1340277.jpg','https://cf.geekdo-images.com/thumb/img/uH3QWSxCpZqGtOK4YslldbkJD7A=/fit-in/200x150/pic1340277.jpg',null);
Insert into DB_SAWEE.GAME (G_NO,G_NAME,G_WRITTEN_DATE,G_UPDATED_DATE,G_HIT,G_RECOMMEND_NUM,G_MIN,G_MAX,G_PLAYTIME,G_RELEASE,G_LEVEL,G_RULETIME,G_LANG,G_INTER,G_THEME,G_REPLAY,G_ARTWORK,G_CONTENTS,G_NUM,G_IMAGE,G_THUMBNAIL,G_NAME_KOR) values (174,'Eclipse: Supernova',to_date('20/04/09','RR/MM/DD'),to_date('20/04/09','RR/MM/DD'),0,0,2,6,120,2011,0,0,0,0,0,0,0,0,0,'https://cf.geekdo-images.com/original/img/WhsWjD5qfWqQC_XdL7rsyO5v5Uw=/0x0/pic2047781.jpg','https://cf.geekdo-images.com/thumb/img/zut0wki9Yez0aFex1Xz7zZYLvyY=/fit-in/200x150/pic2047781.jpg',null);
Insert into DB_SAWEE.GAME (G_NO,G_NAME,G_WRITTEN_DATE,G_UPDATED_DATE,G_HIT,G_RECOMMEND_NUM,G_MIN,G_MAX,G_PLAYTIME,G_RELEASE,G_LEVEL,G_RULETIME,G_LANG,G_INTER,G_THEME,G_REPLAY,G_ARTWORK,G_CONTENTS,G_NUM,G_IMAGE,G_THUMBNAIL,G_NAME_KOR) values (175,'Eggs and Empires',to_date('20/04/09','RR/MM/DD'),to_date('20/04/09','RR/MM/DD'),0,0,2,6,25,2014,0,0,0,0,0,0,0,0,0,'https://cf.geekdo-images.com/original/img/-FAAwBpqwGOoAhwpHsPr702e8-4=/0x0/pic1954419.jpg','https://cf.geekdo-images.com/thumb/img/tFrxMtYzDRVLDZHzvHzpJWs48Cg=/fit-in/200x150/pic1954419.jpg',null);
Insert into DB_SAWEE.GAME (G_NO,G_NAME,G_WRITTEN_DATE,G_UPDATED_DATE,G_HIT,G_RECOMMEND_NUM,G_MIN,G_MAX,G_PLAYTIME,G_RELEASE,G_LEVEL,G_RULETIME,G_LANG,G_INTER,G_THEME,G_REPLAY,G_ARTWORK,G_CONTENTS,G_NUM,G_IMAGE,G_THUMBNAIL,G_NAME_KOR) values (176,'El Grande',to_date('20/04/09','RR/MM/DD'),to_date('20/04/09','RR/MM/DD'),0,0,2,5,120,1995,0,0,0,0,0,0,0,0,0,'https://cf.geekdo-images.com/original/img/PRrKZW4_33XEdB74wnOmjakKDa8=/0x0/pic87795.jpg','https://cf.geekdo-images.com/thumb/img/-ograAxie5K0m-r41I5Ddzatq88=/fit-in/200x150/pic87795.jpg',null);
Insert into DB_SAWEE.GAME (G_NO,G_NAME,G_WRITTEN_DATE,G_UPDATED_DATE,G_HIT,G_RECOMMEND_NUM,G_MIN,G_MAX,G_PLAYTIME,G_RELEASE,G_LEVEL,G_RULETIME,G_LANG,G_INTER,G_THEME,G_REPLAY,G_ARTWORK,G_CONTENTS,G_NUM,G_IMAGE,G_THUMBNAIL,G_NAME_KOR) values (177,'Elder Sign',to_date('20/04/09','RR/MM/DD'),to_date('20/04/09','RR/MM/DD'),0,0,1,8,90,2011,0,0,0,0,0,0,0,0,0,'https://cf.geekdo-images.com/original/img/rIeWkDi2DDSEhKqPvo9A5HHDLEA=/0x0/pic1236119.jpg','https://cf.geekdo-images.com/thumb/img/e9PcIA8X_vWLMpk_nv3CZO0q89U=/fit-in/200x150/pic1236119.jpg',null);
Insert into DB_SAWEE.GAME (G_NO,G_NAME,G_WRITTEN_DATE,G_UPDATED_DATE,G_HIT,G_RECOMMEND_NUM,G_MIN,G_MAX,G_PLAYTIME,G_RELEASE,G_LEVEL,G_RULETIME,G_LANG,G_INTER,G_THEME,G_REPLAY,G_ARTWORK,G_CONTENTS,G_NUM,G_IMAGE,G_THUMBNAIL,G_NAME_KOR) values (178,'Elder Sign: Gates of Arkham',to_date('20/04/09','RR/MM/DD'),to_date('20/04/09','RR/MM/DD'),0,0,1,8,90,2015,0,0,0,0,0,0,0,0,0,'https://cf.geekdo-images.com/original/img/co_pd5TccgW5q48fs678dAPexs4=/0x0/pic2337383.jpg','https://cf.geekdo-images.com/thumb/img/KddhrdCh0tj7OZN00Vy6x_w_W5s=/fit-in/200x150/pic2337383.jpg',null);
Insert into DB_SAWEE.GAME (G_NO,G_NAME,G_WRITTEN_DATE,G_UPDATED_DATE,G_HIT,G_RECOMMEND_NUM,G_MIN,G_MAX,G_PLAYTIME,G_RELEASE,G_LEVEL,G_RULETIME,G_LANG,G_INTER,G_THEME,G_REPLAY,G_ARTWORK,G_CONTENTS,G_NUM,G_IMAGE,G_THUMBNAIL,G_NAME_KOR) values (179,'Elder Sign: Unseen Forces',to_date('20/04/09','RR/MM/DD'),to_date('20/04/09','RR/MM/DD'),0,0,1,8,90,2013,0,0,0,0,0,0,0,0,0,'https://cf.geekdo-images.com/original/img/xF5xKnMqj1OLkJyuCRsOm9c2RJM=/0x0/pic1639617.jpg','https://cf.geekdo-images.com/thumb/img/EUa0dZ0Zdvpl6sEyH_7RbaygAww=/fit-in/200x150/pic1639617.jpg',null);
Insert into DB_SAWEE.GAME (G_NO,G_NAME,G_WRITTEN_DATE,G_UPDATED_DATE,G_HIT,G_RECOMMEND_NUM,G_MIN,G_MAX,G_PLAYTIME,G_RELEASE,G_LEVEL,G_RULETIME,G_LANG,G_INTER,G_THEME,G_REPLAY,G_ARTWORK,G_CONTENTS,G_NUM,G_IMAGE,G_THUMBNAIL,G_NAME_KOR) values (180,'Eldritch Horror',to_date('20/04/09','RR/MM/DD'),to_date('20/04/09','RR/MM/DD'),0,0,1,8,240,2013,0,0,0,0,0,0,0,0,0,'https://cf.geekdo-images.com/original/img/i0zxc-H4TlTFB-yE1v4gcLy3XfY=/0x0/pic1872452.jpg','https://cf.geekdo-images.com/thumb/img/V_13CBO7zMMfQsUhF6jUAy_nAeg=/fit-in/200x150/pic1872452.jpg',null);
Insert into DB_SAWEE.GAME (G_NO,G_NAME,G_WRITTEN_DATE,G_UPDATED_DATE,G_HIT,G_RECOMMEND_NUM,G_MIN,G_MAX,G_PLAYTIME,G_RELEASE,G_LEVEL,G_RULETIME,G_LANG,G_INTER,G_THEME,G_REPLAY,G_ARTWORK,G_CONTENTS,G_NUM,G_IMAGE,G_THUMBNAIL,G_NAME_KOR) values (132,'Defenders of the Realm: Hero Expansion #3',to_date('20/04/09','RR/MM/DD'),to_date('20/04/09','RR/MM/DD'),0,0,1,4,120,2011,0,0,0,0,0,0,0,0,0,'https://cf.geekdo-images.com/original/img/UsvNMAFLpLkhtwExw-hjpWQW8HI=/0x0/pic931480.jpg','https://cf.geekdo-images.com/thumb/img/fjGGIG-ZOqDW9xSmlpjexQfzsUM=/fit-in/200x150/pic931480.jpg',null);
Insert into DB_SAWEE.GAME (G_NO,G_NAME,G_WRITTEN_DATE,G_UPDATED_DATE,G_HIT,G_RECOMMEND_NUM,G_MIN,G_MAX,G_PLAYTIME,G_RELEASE,G_LEVEL,G_RULETIME,G_LANG,G_INTER,G_THEME,G_REPLAY,G_ARTWORK,G_CONTENTS,G_NUM,G_IMAGE,G_THUMBNAIL,G_NAME_KOR) values (133,'Defenders of the Realm: The Dragon Expansion',to_date('20/04/09','RR/MM/DD'),to_date('20/04/09','RR/MM/DD'),0,0,1,6,90,2010,0,0,0,0,0,0,0,0,0,'https://cf.geekdo-images.com/original/img/dNu7fTcDNRUeYhUzDbd2vbKfL8M=/0x0/pic788859.jpg','https://cf.geekdo-images.com/thumb/img/w-Iv2PkUfXNG91evik9Mds5dOEI=/fit-in/200x150/pic788859.jpg',null);
Insert into DB_SAWEE.GAME (G_NO,G_NAME,G_WRITTEN_DATE,G_UPDATED_DATE,G_HIT,G_RECOMMEND_NUM,G_MIN,G_MAX,G_PLAYTIME,G_RELEASE,G_LEVEL,G_RULETIME,G_LANG,G_INTER,G_THEME,G_REPLAY,G_ARTWORK,G_CONTENTS,G_NUM,G_IMAGE,G_THUMBNAIL,G_NAME_KOR) values (134,'Descent: Journeys in the Dark (Second Edition)',to_date('20/04/09','RR/MM/DD'),to_date('20/04/09','RR/MM/DD'),0,0,1,5,120,2012,0,0,0,0,0,0,0,0,0,'https://cf.geekdo-images.com/original/img/jGVm6aG5Ek-qxTIaWyzN67jjylc=/0x0/pic1180640.jpg','https://cf.geekdo-images.com/thumb/img/YMafq3Rqu5uutkDc95nT_xZZzE8=/fit-in/200x150/pic1180640.jpg',null);
Insert into DB_SAWEE.GAME (G_NO,G_NAME,G_WRITTEN_DATE,G_UPDATED_DATE,G_HIT,G_RECOMMEND_NUM,G_MIN,G_MAX,G_PLAYTIME,G_RELEASE,G_LEVEL,G_RULETIME,G_LANG,G_INTER,G_THEME,G_REPLAY,G_ARTWORK,G_CONTENTS,G_NUM,G_IMAGE,G_THUMBNAIL,G_NAME_KOR) values (135,'Descent: Journeys in the Dark (Second Edition) – Dark Elements',to_date('20/04/09','RR/MM/DD'),to_date('20/04/09','RR/MM/DD'),0,0,1,4,120,2015,0,0,0,0,0,0,0,0,0,'https://cf.geekdo-images.com/original/img/pNg9UGL8Z_BPMQT2RxL9ilYiRis=/0x0/pic2497110.jpg','https://cf.geekdo-images.com/thumb/img/06nJEd6NMoPKG4g1xd0CeL33vsM=/fit-in/200x150/pic2497110.jpg',null);
Insert into DB_SAWEE.GAME (G_NO,G_NAME,G_WRITTEN_DATE,G_UPDATED_DATE,G_HIT,G_RECOMMEND_NUM,G_MIN,G_MAX,G_PLAYTIME,G_RELEASE,G_LEVEL,G_RULETIME,G_LANG,G_INTER,G_THEME,G_REPLAY,G_ARTWORK,G_CONTENTS,G_NUM,G_IMAGE,G_THUMBNAIL,G_NAME_KOR) values (136,'Descent: Journeys in the Dark (Second Edition) – Forgotten Souls',to_date('20/04/09','RR/MM/DD'),to_date('20/04/09','RR/MM/DD'),0,0,1,4,150,2014,0,0,0,0,0,0,0,0,0,'https://cf.geekdo-images.com/original/img/f0If5nAXxjSzhzAuyhnGHwAoKQM=/0x0/pic2202239.png','https://cf.geekdo-images.com/thumb/img/xpX2RrOzaL0JETOJKTLB0ctiMss=/fit-in/200x150/pic2202239.png',null);
Insert into DB_SAWEE.GAME (G_NO,G_NAME,G_WRITTEN_DATE,G_UPDATED_DATE,G_HIT,G_RECOMMEND_NUM,G_MIN,G_MAX,G_PLAYTIME,G_RELEASE,G_LEVEL,G_RULETIME,G_LANG,G_INTER,G_THEME,G_REPLAY,G_ARTWORK,G_CONTENTS,G_NUM,G_IMAGE,G_THUMBNAIL,G_NAME_KOR) values (137,'Descent: Journeys in the Dark (Second Edition) – Labyrinth of Ruin',to_date('20/04/09','RR/MM/DD'),to_date('20/04/09','RR/MM/DD'),0,0,2,5,90,2013,0,0,0,0,0,0,0,0,0,'https://cf.geekdo-images.com/original/img/qc2NPvAvoekHmCj3l0xpM6urjkc=/0x0/pic1639612.jpg','https://cf.geekdo-images.com/thumb/img/M8M9nc9hUosVoiftrqqA3WiAsWY=/fit-in/200x150/pic1639612.jpg',null);
Insert into DB_SAWEE.GAME (G_NO,G_NAME,G_WRITTEN_DATE,G_UPDATED_DATE,G_HIT,G_RECOMMEND_NUM,G_MIN,G_MAX,G_PLAYTIME,G_RELEASE,G_LEVEL,G_RULETIME,G_LANG,G_INTER,G_THEME,G_REPLAY,G_ARTWORK,G_CONTENTS,G_NUM,G_IMAGE,G_THUMBNAIL,G_NAME_KOR) values (138,'Descent: Journeys in the Dark (Second Edition) – Lair of the Wyrm',to_date('20/04/09','RR/MM/DD'),to_date('20/04/09','RR/MM/DD'),0,0,2,5,120,2012,0,0,0,0,0,0,0,0,0,'https://cf.geekdo-images.com/original/img/7qxwfTbBbuUcN6R3fSgG1Ifp0u4=/0x0/pic1406139.jpg','https://cf.geekdo-images.com/thumb/img/Pu5fDkfQEte9UPlUNsEAOxyoE10=/fit-in/200x150/pic1406139.jpg',null);
Insert into DB_SAWEE.GAME (G_NO,G_NAME,G_WRITTEN_DATE,G_UPDATED_DATE,G_HIT,G_RECOMMEND_NUM,G_MIN,G_MAX,G_PLAYTIME,G_RELEASE,G_LEVEL,G_RULETIME,G_LANG,G_INTER,G_THEME,G_REPLAY,G_ARTWORK,G_CONTENTS,G_NUM,G_IMAGE,G_THUMBNAIL,G_NAME_KOR) values (139,'Descent: Journeys in the Dark (Second Edition) – Nature''s Ire',to_date('20/04/09','RR/MM/DD'),to_date('20/04/09','RR/MM/DD'),0,0,1,4,150,2014,0,0,0,0,0,0,0,0,0,'https://cf.geekdo-images.com/original/img/ff4z87jYlm4ub27SreglDwJGH6w=/0x0/pic2365032.jpg','https://cf.geekdo-images.com/thumb/img/p6UqR9sbvlXMK0w3jgBHTdRGN_c=/fit-in/200x150/pic2365032.jpg',null);
Insert into DB_SAWEE.GAME (G_NO,G_NAME,G_WRITTEN_DATE,G_UPDATED_DATE,G_HIT,G_RECOMMEND_NUM,G_MIN,G_MAX,G_PLAYTIME,G_RELEASE,G_LEVEL,G_RULETIME,G_LANG,G_INTER,G_THEME,G_REPLAY,G_ARTWORK,G_CONTENTS,G_NUM,G_IMAGE,G_THUMBNAIL,G_NAME_KOR) values (140,'Deus',to_date('20/04/09','RR/MM/DD'),to_date('20/04/09','RR/MM/DD'),0,0,2,4,90,2014,0,0,0,0,0,0,0,0,0,'https://cf.geekdo-images.com/original/img/Yb2VfzIOK5I-xbv-6zIpILAuvHc=/0x0/pic2219643.png','https://cf.geekdo-images.com/thumb/img/UNzgrJ_jfK2ERt9_iJ13TCN_OE8=/fit-in/200x150/pic2219643.png',null);
Insert into DB_SAWEE.GAME (G_NO,G_NAME,G_WRITTEN_DATE,G_UPDATED_DATE,G_HIT,G_RECOMMEND_NUM,G_MIN,G_MAX,G_PLAYTIME,G_RELEASE,G_LEVEL,G_RULETIME,G_LANG,G_INTER,G_THEME,G_REPLAY,G_ARTWORK,G_CONTENTS,G_NUM,G_IMAGE,G_THUMBNAIL,G_NAME_KOR) values (141,'Diamonds',to_date('20/04/09','RR/MM/DD'),to_date('20/04/09','RR/MM/DD'),0,0,2,6,30,2014,0,0,0,0,0,0,0,0,0,'https://cf.geekdo-images.com/original/img/B2SicTO0OW9G1XFPGg3S8mIp4i4=/0x0/pic4812860.jpg','https://cf.geekdo-images.com/thumb/img/1KsLIY8EWb1TbispB2eQrBbV94E=/fit-in/200x150/pic4812860.jpg',null);
Insert into DB_SAWEE.GAME (G_NO,G_NAME,G_WRITTEN_DATE,G_UPDATED_DATE,G_HIT,G_RECOMMEND_NUM,G_MIN,G_MAX,G_PLAYTIME,G_RELEASE,G_LEVEL,G_RULETIME,G_LANG,G_INTER,G_THEME,G_REPLAY,G_ARTWORK,G_CONTENTS,G_NUM,G_IMAGE,G_THUMBNAIL,G_NAME_KOR) values (142,'Dig Down Dwarf',to_date('20/04/09','RR/MM/DD'),to_date('20/04/09','RR/MM/DD'),0,0,2,4,15,2013,0,0,0,0,0,0,0,0,0,'https://cf.geekdo-images.com/original/img/CyUNEqaffWL9JvPLgFLojGpBylI=/0x0/pic1828893.jpg','https://cf.geekdo-images.com/thumb/img/4zZD5AUKIZZHVykPuvJJxw43l9A=/fit-in/200x150/pic1828893.jpg',null);
Insert into DB_SAWEE.GAME (G_NO,G_NAME,G_WRITTEN_DATE,G_UPDATED_DATE,G_HIT,G_RECOMMEND_NUM,G_MIN,G_MAX,G_PLAYTIME,G_RELEASE,G_LEVEL,G_RULETIME,G_LANG,G_INTER,G_THEME,G_REPLAY,G_ARTWORK,G_CONTENTS,G_NUM,G_IMAGE,G_THUMBNAIL,G_NAME_KOR) values (143,'Discoveries: The Journals of Lewis and Clark',to_date('20/04/09','RR/MM/DD'),to_date('20/04/09','RR/MM/DD'),0,0,2,4,60,2015,0,0,0,0,0,0,0,0,0,'https://cf.geekdo-images.com/original/img/mG93XsX9iF1VJ1eHbPvhnMMOwC8=/0x0/pic2571301.jpg','https://cf.geekdo-images.com/thumb/img/-Ak_eWBSr7S1f898UGXzuktq36w=/fit-in/200x150/pic2571301.jpg',null);
Insert into DB_SAWEE.GAME (G_NO,G_NAME,G_WRITTEN_DATE,G_UPDATED_DATE,G_HIT,G_RECOMMEND_NUM,G_MIN,G_MAX,G_PLAYTIME,G_RELEASE,G_LEVEL,G_RULETIME,G_LANG,G_INTER,G_THEME,G_REPLAY,G_ARTWORK,G_CONTENTS,G_NUM,G_IMAGE,G_THUMBNAIL,G_NAME_KOR) values (144,'Discworld: Ankh-Morpork',to_date('20/04/09','RR/MM/DD'),to_date('20/04/09','RR/MM/DD'),0,0,2,4,60,2011,0,0,0,0,0,0,0,0,0,'https://cf.geekdo-images.com/original/img/DtOjxhp7fl74q7PCE4IVtqp2gqc=/0x0/pic1062739.jpg','https://cf.geekdo-images.com/thumb/img/GF90-6hgcCzLgvYt7z-oow82L38=/fit-in/200x150/pic1062739.jpg',null);
Insert into DB_SAWEE.GAME (G_NO,G_NAME,G_WRITTEN_DATE,G_UPDATED_DATE,G_HIT,G_RECOMMEND_NUM,G_MIN,G_MAX,G_PLAYTIME,G_RELEASE,G_LEVEL,G_RULETIME,G_LANG,G_INTER,G_THEME,G_REPLAY,G_ARTWORK,G_CONTENTS,G_NUM,G_IMAGE,G_THUMBNAIL,G_NAME_KOR) values (145,'Doctor Who: The Card Game',to_date('20/04/09','RR/MM/DD'),to_date('20/04/09','RR/MM/DD'),0,0,2,4,60,2012,0,0,0,0,0,0,0,0,0,'https://cf.geekdo-images.com/original/img/9OUhqBMKd1r6eWny8oSLdY0Rvbs=/0x0/pic1327331.jpg','https://cf.geekdo-images.com/thumb/img/XDWTtqFbiaYf8wHqEvw4BfeDmKs=/fit-in/200x150/pic1327331.jpg',null);
Insert into DB_SAWEE.GAME (G_NO,G_NAME,G_WRITTEN_DATE,G_UPDATED_DATE,G_HIT,G_RECOMMEND_NUM,G_MIN,G_MAX,G_PLAYTIME,G_RELEASE,G_LEVEL,G_RULETIME,G_LANG,G_INTER,G_THEME,G_REPLAY,G_ARTWORK,G_CONTENTS,G_NUM,G_IMAGE,G_THUMBNAIL,G_NAME_KOR) values (146,'Dominion',to_date('20/04/09','RR/MM/DD'),to_date('20/04/09','RR/MM/DD'),0,0,2,4,30,2008,0,0,0,0,0,0,0,0,0,'https://cf.geekdo-images.com/original/img/oN8CHUZ8CF6P1dFnhMCJXvE8SOk=/0x0/pic394356.jpg','https://cf.geekdo-images.com/thumb/img/iPlTR5cXFGrDuhupUgWGPjFjDPo=/fit-in/200x150/pic394356.jpg',null);
Insert into DB_SAWEE.GAME (G_NO,G_NAME,G_WRITTEN_DATE,G_UPDATED_DATE,G_HIT,G_RECOMMEND_NUM,G_MIN,G_MAX,G_PLAYTIME,G_RELEASE,G_LEVEL,G_RULETIME,G_LANG,G_INTER,G_THEME,G_REPLAY,G_ARTWORK,G_CONTENTS,G_NUM,G_IMAGE,G_THUMBNAIL,G_NAME_KOR) values (147,'Dominion: Prosperity',to_date('20/04/09','RR/MM/DD'),to_date('20/04/09','RR/MM/DD'),0,0,2,4,30,2010,0,0,0,0,0,0,0,0,0,'https://cf.geekdo-images.com/original/img/uTzpa4z9LMKJTd5jtCiNDSANdag=/0x0/pic1747320.jpg','https://cf.geekdo-images.com/thumb/img/YQ6IpCf_XriTxEHFGuU8CF-fiII=/fit-in/200x150/pic1747320.jpg',null);
Insert into DB_SAWEE.GAME (G_NO,G_NAME,G_WRITTEN_DATE,G_UPDATED_DATE,G_HIT,G_RECOMMEND_NUM,G_MIN,G_MAX,G_PLAYTIME,G_RELEASE,G_LEVEL,G_RULETIME,G_LANG,G_INTER,G_THEME,G_REPLAY,G_ARTWORK,G_CONTENTS,G_NUM,G_IMAGE,G_THUMBNAIL,G_NAME_KOR) values (148,'Doomtown: Reloaded',to_date('20/04/09','RR/MM/DD'),to_date('20/04/09','RR/MM/DD'),0,0,2,4,30,2014,0,0,0,0,0,0,0,0,0,'https://cf.geekdo-images.com/original/img/NewXT9A6olJw_QL70U78BWoFpCg=/0x0/pic1963882.jpg','https://cf.geekdo-images.com/thumb/img/V9zE2NSLurEtMn0WR49ZuCBqDp0=/fit-in/200x150/pic1963882.jpg',null);
Insert into DB_SAWEE.GAME (G_NO,G_NAME,G_WRITTEN_DATE,G_UPDATED_DATE,G_HIT,G_RECOMMEND_NUM,G_MIN,G_MAX,G_PLAYTIME,G_RELEASE,G_LEVEL,G_RULETIME,G_LANG,G_INTER,G_THEME,G_REPLAY,G_ARTWORK,G_CONTENTS,G_NUM,G_IMAGE,G_THUMBNAIL,G_NAME_KOR) values (149,'Dragonwood',to_date('20/04/09','RR/MM/DD'),to_date('20/04/09','RR/MM/DD'),0,0,2,4,20,2015,0,0,0,0,0,0,0,0,0,'https://cf.geekdo-images.com/original/img/bl4OTmdmBgN9qjiZHK813gtIbSw=/0x0/pic2401338.jpg','https://cf.geekdo-images.com/thumb/img/tdhwJnxcdMmHfx_zNuFCK6j-nNg=/fit-in/200x150/pic2401338.jpg',null);
Insert into DB_SAWEE.GAME (G_NO,G_NAME,G_WRITTEN_DATE,G_UPDATED_DATE,G_HIT,G_RECOMMEND_NUM,G_MIN,G_MAX,G_PLAYTIME,G_RELEASE,G_LEVEL,G_RULETIME,G_LANG,G_INTER,G_THEME,G_REPLAY,G_ARTWORK,G_CONTENTS,G_NUM,G_IMAGE,G_THUMBNAIL,G_NAME_KOR) values (150,'Dungeon Fighter',to_date('20/04/09','RR/MM/DD'),to_date('20/04/09','RR/MM/DD'),0,0,1,6,60,2011,0,0,0,0,0,0,0,0,0,'https://cf.geekdo-images.com/original/img/iPlI0qufM7kXjYE44nYQVMMaIJ0=/0x0/pic2411495.png','https://cf.geekdo-images.com/thumb/img/lQUtbu88F2JazmQv_fT57j8OeK4=/fit-in/200x150/pic2411495.png',null);
Insert into DB_SAWEE.GAME (G_NO,G_NAME,G_WRITTEN_DATE,G_UPDATED_DATE,G_HIT,G_RECOMMEND_NUM,G_MIN,G_MAX,G_PLAYTIME,G_RELEASE,G_LEVEL,G_RULETIME,G_LANG,G_INTER,G_THEME,G_REPLAY,G_ARTWORK,G_CONTENTS,G_NUM,G_IMAGE,G_THUMBNAIL,G_NAME_KOR) values (151,'Dungeon Lords',to_date('20/04/09','RR/MM/DD'),to_date('20/04/09','RR/MM/DD'),0,0,2,4,90,2009,0,0,0,0,0,0,0,0,0,'https://cf.geekdo-images.com/original/img/9mRy3799HYRbJBawNp1a5rJeLXc=/0x0/pic569340.jpg','https://cf.geekdo-images.com/thumb/img/9YaIeZc1Nbl4sN3V-JGp1umjTuk=/fit-in/200x150/pic569340.jpg',null);
Insert into DB_SAWEE.GAME (G_NO,G_NAME,G_WRITTEN_DATE,G_UPDATED_DATE,G_HIT,G_RECOMMEND_NUM,G_MIN,G_MAX,G_PLAYTIME,G_RELEASE,G_LEVEL,G_RULETIME,G_LANG,G_INTER,G_THEME,G_REPLAY,G_ARTWORK,G_CONTENTS,G_NUM,G_IMAGE,G_THUMBNAIL,G_NAME_KOR) values (152,'Dungeon Lords: Festival Season',to_date('20/04/09','RR/MM/DD'),to_date('20/04/09','RR/MM/DD'),0,0,2,4,120,2012,0,0,0,0,0,0,0,0,0,'https://cf.geekdo-images.com/original/img/tRgvB7SeQIgXIcQj25jzLl7_XJQ=/0x0/pic1421546.jpg','https://cf.geekdo-images.com/thumb/img/s4yvYevDgj1ua2a7OZZB9_1aGjA=/fit-in/200x150/pic1421546.jpg',null);
Insert into DB_SAWEE.GAME (G_NO,G_NAME,G_WRITTEN_DATE,G_UPDATED_DATE,G_HIT,G_RECOMMEND_NUM,G_MIN,G_MAX,G_PLAYTIME,G_RELEASE,G_LEVEL,G_RULETIME,G_LANG,G_INTER,G_THEME,G_REPLAY,G_ARTWORK,G_CONTENTS,G_NUM,G_IMAGE,G_THUMBNAIL,G_NAME_KOR) values (153,'Dungeon Petz',to_date('20/04/09','RR/MM/DD'),to_date('20/04/09','RR/MM/DD'),0,0,2,4,90,2011,0,0,0,0,0,0,0,0,0,'https://cf.geekdo-images.com/original/img/ouBrnOPtxRPIo3qJm2WqQjKt3Ag=/0x0/pic1103979.jpg','https://cf.geekdo-images.com/thumb/img/U9PlUgkGQPOZl0qnet9oP30yNHA=/fit-in/200x150/pic1103979.jpg',null);
Insert into DB_SAWEE.GAME (G_NO,G_NAME,G_WRITTEN_DATE,G_UPDATED_DATE,G_HIT,G_RECOMMEND_NUM,G_MIN,G_MAX,G_PLAYTIME,G_RELEASE,G_LEVEL,G_RULETIME,G_LANG,G_INTER,G_THEME,G_REPLAY,G_ARTWORK,G_CONTENTS,G_NUM,G_IMAGE,G_THUMBNAIL,G_NAME_KOR) values (154,'DungeonQuest',to_date('20/04/09','RR/MM/DD'),to_date('20/04/09','RR/MM/DD'),0,0,1,4,60,2014,0,0,0,0,0,0,0,0,0,'https://cf.geekdo-images.com/original/img/wKyxHcezSQxCj58pcodXVEYXMpQ=/0x0/pic2017396.jpg','https://cf.geekdo-images.com/thumb/img/5tzKR2SW6_xXG8Y_l5LiRPlLoic=/fit-in/200x150/pic2017396.jpg',null);
Insert into DB_SAWEE.GAME (G_NO,G_NAME,G_WRITTEN_DATE,G_UPDATED_DATE,G_HIT,G_RECOMMEND_NUM,G_MIN,G_MAX,G_PLAYTIME,G_RELEASE,G_LEVEL,G_RULETIME,G_LANG,G_INTER,G_THEME,G_REPLAY,G_ARTWORK,G_CONTENTS,G_NUM,G_IMAGE,G_THUMBNAIL,G_NAME_KOR) values (155,'Dungeons & Dragons Dice Masters: Battle for Faerûn',to_date('20/04/09','RR/MM/DD'),to_date('20/04/09','RR/MM/DD'),0,0,2,2,60,2015,0,0,0,0,0,0,0,0,0,'https://cf.geekdo-images.com/original/img/w-KHEo9MUVbJ1IYIo2o46BVOjE4=/0x0/pic2078577.jpg','https://cf.geekdo-images.com/thumb/img/4LGELReSxcnneInfNpe4_tlTz1w=/fit-in/200x150/pic2078577.jpg',null);
Insert into DB_SAWEE.GAME (G_NO,G_NAME,G_WRITTEN_DATE,G_UPDATED_DATE,G_HIT,G_RECOMMEND_NUM,G_MIN,G_MAX,G_PLAYTIME,G_RELEASE,G_LEVEL,G_RULETIME,G_LANG,G_INTER,G_THEME,G_REPLAY,G_ARTWORK,G_CONTENTS,G_NUM,G_IMAGE,G_THUMBNAIL,G_NAME_KOR) values (156,'Dungeons & Dragons: Attack Wing',to_date('20/04/09','RR/MM/DD'),to_date('20/04/09','RR/MM/DD'),0,0,2,99,30,2014,0,0,0,0,0,0,0,0,0,'https://cf.geekdo-images.com/original/img/n495V5NG8wgXFXG9AOjuB9KZ2Wo=/0x0/pic2301154.png','https://cf.geekdo-images.com/thumb/img/CQvUjLTM9WAaE8caHcAJmDOPuXE=/fit-in/200x150/pic2301154.png',null);
Insert into DB_SAWEE.GAME (G_NO,G_NAME,G_WRITTEN_DATE,G_UPDATED_DATE,G_HIT,G_RECOMMEND_NUM,G_MIN,G_MAX,G_PLAYTIME,G_RELEASE,G_LEVEL,G_RULETIME,G_LANG,G_INTER,G_THEME,G_REPLAY,G_ARTWORK,G_CONTENTS,G_NUM,G_IMAGE,G_THUMBNAIL,G_NAME_KOR) values (106,'Colt Express',to_date('20/04/09','RR/MM/DD'),to_date('20/04/09','RR/MM/DD'),0,0,2,6,40,2014,0,0,0,0,0,0,0,0,0,'https://cf.geekdo-images.com/original/img/n9uCTxxSSZXPVnXRPSgGl6uZQ2w=/0x0/pic2869710.jpg','https://cf.geekdo-images.com/thumb/img/6188rcXHtB6GG-uhVKycacjIzuQ=/fit-in/200x150/pic2869710.jpg',null);
Insert into DB_SAWEE.GAME (G_NO,G_NAME,G_WRITTEN_DATE,G_UPDATED_DATE,G_HIT,G_RECOMMEND_NUM,G_MIN,G_MAX,G_PLAYTIME,G_RELEASE,G_LEVEL,G_RULETIME,G_LANG,G_INTER,G_THEME,G_REPLAY,G_ARTWORK,G_CONTENTS,G_NUM,G_IMAGE,G_THUMBNAIL,G_NAME_KOR) values (107,'Compounded',to_date('20/04/09','RR/MM/DD'),to_date('20/04/09','RR/MM/DD'),0,0,2,5,90,2013,0,0,0,0,0,0,0,0,0,'https://cf.geekdo-images.com/original/img/choLq0WEL544ZQlDBlnhQ2x1h9w=/0x0/pic1322957.jpg','https://cf.geekdo-images.com/thumb/img/Zv2v57KKj4yvCtVCsx1EXXSMHnU=/fit-in/200x150/pic1322957.jpg',null);
Insert into DB_SAWEE.GAME (G_NO,G_NAME,G_WRITTEN_DATE,G_UPDATED_DATE,G_HIT,G_RECOMMEND_NUM,G_MIN,G_MAX,G_PLAYTIME,G_RELEASE,G_LEVEL,G_RULETIME,G_LANG,G_INTER,G_THEME,G_REPLAY,G_ARTWORK,G_CONTENTS,G_NUM,G_IMAGE,G_THUMBNAIL,G_NAME_KOR) values (108,'Compounded: Geiger Expansion',to_date('20/04/09','RR/MM/DD'),to_date('20/04/09','RR/MM/DD'),0,0,1,5,90,2015,0,0,0,0,0,0,0,0,0,'https://cf.geekdo-images.com/original/img/-8BGvI_cASMwch3PBff4Q_ldFgg=/0x0/pic2094101.jpg','https://cf.geekdo-images.com/thumb/img/Uw6PhBSFuQT7sJizYZPm_p9MMPs=/fit-in/200x150/pic2094101.jpg',null);
Insert into DB_SAWEE.GAME (G_NO,G_NAME,G_WRITTEN_DATE,G_UPDATED_DATE,G_HIT,G_RECOMMEND_NUM,G_MIN,G_MAX,G_PLAYTIME,G_RELEASE,G_LEVEL,G_RULETIME,G_LANG,G_INTER,G_THEME,G_REPLAY,G_ARTWORK,G_CONTENTS,G_NUM,G_IMAGE,G_THUMBNAIL,G_NAME_KOR) values (109,'Concordia',to_date('20/04/09','RR/MM/DD'),to_date('20/04/09','RR/MM/DD'),0,0,2,5,100,2013,0,0,0,0,0,0,0,0,0,'https://cf.geekdo-images.com/original/img/abKLQBfHHaouqsLx7GGiIzqXBu8=/0x0/pic3453267.jpg','https://cf.geekdo-images.com/thumb/img/Ap4Vj-Gb0Z64bxDUf7ulr52rFMw=/fit-in/200x150/pic3453267.jpg',null);
Insert into DB_SAWEE.GAME (G_NO,G_NAME,G_WRITTEN_DATE,G_UPDATED_DATE,G_HIT,G_RECOMMEND_NUM,G_MIN,G_MAX,G_PLAYTIME,G_RELEASE,G_LEVEL,G_RULETIME,G_LANG,G_INTER,G_THEME,G_REPLAY,G_ARTWORK,G_CONTENTS,G_NUM,G_IMAGE,G_THUMBNAIL,G_NAME_KOR) values (110,'Concordia: Britannia / Germania',to_date('20/04/09','RR/MM/DD'),to_date('20/04/09','RR/MM/DD'),0,0,2,5,100,2014,0,0,0,0,0,0,0,0,0,'https://cf.geekdo-images.com/original/img/F8F4d2v8KMyEmkV0ymq1VqOQ2h4=/0x0/pic2286539.jpg','https://cf.geekdo-images.com/thumb/img/FoW8hASLnYrgzLLB8aPbOPIHl04=/fit-in/200x150/pic2286539.jpg',null);
Insert into DB_SAWEE.GAME (G_NO,G_NAME,G_WRITTEN_DATE,G_UPDATED_DATE,G_HIT,G_RECOMMEND_NUM,G_MIN,G_MAX,G_PLAYTIME,G_RELEASE,G_LEVEL,G_RULETIME,G_LANG,G_INTER,G_THEME,G_REPLAY,G_ARTWORK,G_CONTENTS,G_NUM,G_IMAGE,G_THUMBNAIL,G_NAME_KOR) values (111,'Concordia: Salsa',to_date('20/04/09','RR/MM/DD'),to_date('20/04/09','RR/MM/DD'),0,0,2,5,90,2015,0,0,0,0,0,0,0,0,0,'https://cf.geekdo-images.com/original/img/-Ry77MmG8azYa_tPI_N18CHpkIk=/0x0/pic3882304.jpg','https://cf.geekdo-images.com/thumb/img/lpA8VcT2q5ZccUpXekyhA2f21CI=/fit-in/200x150/pic3882304.jpg',null);
Insert into DB_SAWEE.GAME (G_NO,G_NAME,G_WRITTEN_DATE,G_UPDATED_DATE,G_HIT,G_RECOMMEND_NUM,G_MIN,G_MAX,G_PLAYTIME,G_RELEASE,G_LEVEL,G_RULETIME,G_LANG,G_INTER,G_THEME,G_REPLAY,G_ARTWORK,G_CONTENTS,G_NUM,G_IMAGE,G_THUMBNAIL,G_NAME_KOR) values (112,'Core Worlds',to_date('20/04/09','RR/MM/DD'),to_date('20/04/09','RR/MM/DD'),0,0,2,5,120,2011,0,0,0,0,0,0,0,0,0,'https://cf.geekdo-images.com/original/img/nVSWU8MO-QnNe7hEvbp2JqPF2ZM=/0x0/pic1063921.jpg','https://cf.geekdo-images.com/thumb/img/5RfZ6H5EzFp0f8J_cqpSiaKBg0c=/fit-in/200x150/pic1063921.jpg',null);
Insert into DB_SAWEE.GAME (G_NO,G_NAME,G_WRITTEN_DATE,G_UPDATED_DATE,G_HIT,G_RECOMMEND_NUM,G_MIN,G_MAX,G_PLAYTIME,G_RELEASE,G_LEVEL,G_RULETIME,G_LANG,G_INTER,G_THEME,G_REPLAY,G_ARTWORK,G_CONTENTS,G_NUM,G_IMAGE,G_THUMBNAIL,G_NAME_KOR) values (113,'Core Worlds: Galactic Orders',to_date('20/04/09','RR/MM/DD'),to_date('20/04/09','RR/MM/DD'),0,0,2,5,90,2012,0,0,0,0,0,0,0,0,0,'https://cf.geekdo-images.com/original/img/iKSoWm_x2jctAPcv_eoTfPbo5y8=/0x0/pic1377006.jpg','https://cf.geekdo-images.com/thumb/img/HBnMxpUEb8dfn1tNO-9bRBpDrzg=/fit-in/200x150/pic1377006.jpg',null);
Insert into DB_SAWEE.GAME (G_NO,G_NAME,G_WRITTEN_DATE,G_UPDATED_DATE,G_HIT,G_RECOMMEND_NUM,G_MIN,G_MAX,G_PLAYTIME,G_RELEASE,G_LEVEL,G_RULETIME,G_LANG,G_INTER,G_THEME,G_REPLAY,G_ARTWORK,G_CONTENTS,G_NUM,G_IMAGE,G_THUMBNAIL,G_NAME_KOR) values (114,'Core Worlds: Revolution',to_date('20/04/09','RR/MM/DD'),to_date('20/04/09','RR/MM/DD'),0,0,2,5,120,2014,0,0,0,0,0,0,0,0,0,'https://cf.geekdo-images.com/original/img/1uCVQCO1AskrsOFBIDo31VJUMqI=/0x0/pic2059260.jpg','https://cf.geekdo-images.com/thumb/img/N8aWYhsvYylsxfBIiG0iGW1Lffc=/fit-in/200x150/pic2059260.jpg',null);
Insert into DB_SAWEE.GAME (G_NO,G_NAME,G_WRITTEN_DATE,G_UPDATED_DATE,G_HIT,G_RECOMMEND_NUM,G_MIN,G_MAX,G_PLAYTIME,G_RELEASE,G_LEVEL,G_RULETIME,G_LANG,G_INTER,G_THEME,G_REPLAY,G_ARTWORK,G_CONTENTS,G_NUM,G_IMAGE,G_THUMBNAIL,G_NAME_KOR) values (115,'Cosmic Encounter',to_date('20/04/09','RR/MM/DD'),to_date('20/04/09','RR/MM/DD'),0,0,3,5,120,2008,0,0,0,0,0,0,0,0,0,'https://cf.geekdo-images.com/original/img/gOe4HfaLyDfqDaCD38dTIalHUBk=/0x0/pic4243113.jpg','https://cf.geekdo-images.com/thumb/img/LSbrqwhmlw1S55of3_Mu9bM0lss=/fit-in/200x150/pic4243113.jpg',null);
Insert into DB_SAWEE.GAME (G_NO,G_NAME,G_WRITTEN_DATE,G_UPDATED_DATE,G_HIT,G_RECOMMEND_NUM,G_MIN,G_MAX,G_PLAYTIME,G_RELEASE,G_LEVEL,G_RULETIME,G_LANG,G_INTER,G_THEME,G_REPLAY,G_ARTWORK,G_CONTENTS,G_NUM,G_IMAGE,G_THUMBNAIL,G_NAME_KOR) values (116,'Cosmic Encounter: Cosmic Incursion',to_date('20/04/09','RR/MM/DD'),to_date('20/04/09','RR/MM/DD'),0,0,3,6,60,2010,0,0,0,0,0,0,0,0,0,'https://cf.geekdo-images.com/original/img/pfP3AbtdVRmUpvl8sW61pif6yg0=/0x0/pic657393.jpg','https://cf.geekdo-images.com/thumb/img/-T42pvZYaW-6a2OFKzObEDnzUsw=/fit-in/200x150/pic657393.jpg',null);
Insert into DB_SAWEE.GAME (G_NO,G_NAME,G_WRITTEN_DATE,G_UPDATED_DATE,G_HIT,G_RECOMMEND_NUM,G_MIN,G_MAX,G_PLAYTIME,G_RELEASE,G_LEVEL,G_RULETIME,G_LANG,G_INTER,G_THEME,G_REPLAY,G_ARTWORK,G_CONTENTS,G_NUM,G_IMAGE,G_THUMBNAIL,G_NAME_KOR) values (117,'Council of Verona',to_date('20/04/09','RR/MM/DD'),to_date('20/04/09','RR/MM/DD'),0,0,2,5,20,2013,0,0,0,0,0,0,0,0,0,'https://cf.geekdo-images.com/original/img/mXbpNfCxTl3sMWG29C2vhSs-7EM=/0x0/pic1673162.jpg','https://cf.geekdo-images.com/thumb/img/FOuqQEiQI-HoLcsGWT2heXsYXJo=/fit-in/200x150/pic1673162.jpg',null);
Insert into DB_SAWEE.GAME (G_NO,G_NAME,G_WRITTEN_DATE,G_UPDATED_DATE,G_HIT,G_RECOMMEND_NUM,G_MIN,G_MAX,G_PLAYTIME,G_RELEASE,G_LEVEL,G_RULETIME,G_LANG,G_INTER,G_THEME,G_REPLAY,G_ARTWORK,G_CONTENTS,G_NUM,G_IMAGE,G_THUMBNAIL,G_NAME_KOR) values (118,'Council of Verona: Poison Expansion',to_date('20/04/09','RR/MM/DD'),to_date('20/04/09','RR/MM/DD'),0,0,2,5,30,2013,0,0,0,0,0,0,0,0,0,'https://cf.geekdo-images.com/original/img/O0i6TsGt2FTGrGerDl0PbqkxVug=/0x0/pic1776648.jpg','https://cf.geekdo-images.com/thumb/img/a6gTUwCn7ayx7oYsnQJ5jW8x4hw=/fit-in/200x150/pic1776648.jpg',null);
Insert into DB_SAWEE.GAME (G_NO,G_NAME,G_WRITTEN_DATE,G_UPDATED_DATE,G_HIT,G_RECOMMEND_NUM,G_MIN,G_MAX,G_PLAYTIME,G_RELEASE,G_LEVEL,G_RULETIME,G_LANG,G_INTER,G_THEME,G_REPLAY,G_ARTWORK,G_CONTENTS,G_NUM,G_IMAGE,G_THUMBNAIL,G_NAME_KOR) values (119,'Coup',to_date('20/04/09','RR/MM/DD'),to_date('20/04/09','RR/MM/DD'),0,0,2,6,15,2012,0,0,0,0,0,0,0,0,0,'https://cf.geekdo-images.com/original/img/4zmqrQ4v-rufRQM_oinFDQ6HykI=/0x0/pic2016054.jpg','https://cf.geekdo-images.com/thumb/img/ZsRtgIExTwWphMDZPH1hG-CR8os=/fit-in/200x150/pic2016054.jpg',null);
Insert into DB_SAWEE.GAME (G_NO,G_NAME,G_WRITTEN_DATE,G_UPDATED_DATE,G_HIT,G_RECOMMEND_NUM,G_MIN,G_MAX,G_PLAYTIME,G_RELEASE,G_LEVEL,G_RULETIME,G_LANG,G_INTER,G_THEME,G_REPLAY,G_ARTWORK,G_CONTENTS,G_NUM,G_IMAGE,G_THUMBNAIL,G_NAME_KOR) values (120,'Coup: Reformation',to_date('20/04/09','RR/MM/DD'),to_date('20/04/09','RR/MM/DD'),0,0,2,10,15,2013,0,0,0,0,0,0,0,0,0,'https://cf.geekdo-images.com/original/img/QojS1fDcd5o7PE-7GdtZidiZLlk=/0x0/pic1978817.jpg','https://cf.geekdo-images.com/thumb/img/mnZSIx8uK6lnrhPNATRbUulLyAU=/fit-in/200x150/pic1978817.jpg',null);
Insert into DB_SAWEE.GAME (G_NO,G_NAME,G_WRITTEN_DATE,G_UPDATED_DATE,G_HIT,G_RECOMMEND_NUM,G_MIN,G_MAX,G_PLAYTIME,G_RELEASE,G_LEVEL,G_RULETIME,G_LANG,G_INTER,G_THEME,G_REPLAY,G_ARTWORK,G_CONTENTS,G_NUM,G_IMAGE,G_THUMBNAIL,G_NAME_KOR) values (121,'Crokinole',to_date('20/04/09','RR/MM/DD'),to_date('20/04/09','RR/MM/DD'),0,0,2,4,30,1876,0,0,0,0,0,0,0,0,0,'https://cf.geekdo-images.com/original/img/1x-Pt8mWg9fBlo5oB1aBxll6-3k=/0x0/pic79413.jpg','https://cf.geekdo-images.com/thumb/img/G6W8E2xiR0SKMxrgXFaHJXuERLk=/fit-in/200x150/pic79413.jpg',null);
Insert into DB_SAWEE.GAME (G_NO,G_NAME,G_WRITTEN_DATE,G_UPDATED_DATE,G_HIT,G_RECOMMEND_NUM,G_MIN,G_MAX,G_PLAYTIME,G_RELEASE,G_LEVEL,G_RULETIME,G_LANG,G_INTER,G_THEME,G_REPLAY,G_ARTWORK,G_CONTENTS,G_NUM,G_IMAGE,G_THUMBNAIL,G_NAME_KOR) values (122,'Cry Havoc',to_date('20/04/09','RR/MM/DD'),to_date('20/04/09','RR/MM/DD'),0,0,2,4,120,2016,0,0,0,0,0,0,0,0,0,'https://cf.geekdo-images.com/original/img/ME73s_0dstlA4qLpLEBvPyvq8gE=/0x0/pic3090929.jpg','https://cf.geekdo-images.com/thumb/img/7X5vG9KruQ9CmSMVZ3rmiSSqTCM=/fit-in/200x150/pic3090929.jpg',null);
Insert into DB_SAWEE.GAME (G_NO,G_NAME,G_WRITTEN_DATE,G_UPDATED_DATE,G_HIT,G_RECOMMEND_NUM,G_MIN,G_MAX,G_PLAYTIME,G_RELEASE,G_LEVEL,G_RULETIME,G_LANG,G_INTER,G_THEME,G_REPLAY,G_ARTWORK,G_CONTENTS,G_NUM,G_IMAGE,G_THUMBNAIL,G_NAME_KOR) values (123,'CV',to_date('20/04/09','RR/MM/DD'),to_date('20/04/09','RR/MM/DD'),0,0,2,4,60,2013,0,0,0,0,0,0,0,0,0,'https://cf.geekdo-images.com/original/img/-rpL7UMhNubpRyQJwvUDfn2L2v8=/0x0/pic1968267.jpg','https://cf.geekdo-images.com/thumb/img/63KN0YjYGUYH5WzUdZaC8_QZ2ow=/fit-in/200x150/pic1968267.jpg',null);
Insert into DB_SAWEE.GAME (G_NO,G_NAME,G_WRITTEN_DATE,G_UPDATED_DATE,G_HIT,G_RECOMMEND_NUM,G_MIN,G_MAX,G_PLAYTIME,G_RELEASE,G_LEVEL,G_RULETIME,G_LANG,G_INTER,G_THEME,G_REPLAY,G_ARTWORK,G_CONTENTS,G_NUM,G_IMAGE,G_THUMBNAIL,G_NAME_KOR) values (124,'Dark Moon',to_date('20/04/09','RR/MM/DD'),to_date('20/04/09','RR/MM/DD'),0,0,3,7,75,2011,0,0,0,0,0,0,0,0,0,'https://cf.geekdo-images.com/original/img/ifMO5EIHQYs2fjpTOY2EQ9YP3XA=/0x0/pic2320134.jpg','https://cf.geekdo-images.com/thumb/img/0GpHLfdSvyo7if2AUkfY_gqUgB0=/fit-in/200x150/pic2320134.jpg',null);
Insert into DB_SAWEE.GAME (G_NO,G_NAME,G_WRITTEN_DATE,G_UPDATED_DATE,G_HIT,G_RECOMMEND_NUM,G_MIN,G_MAX,G_PLAYTIME,G_RELEASE,G_LEVEL,G_RULETIME,G_LANG,G_INTER,G_THEME,G_REPLAY,G_ARTWORK,G_CONTENTS,G_NUM,G_IMAGE,G_THUMBNAIL,G_NAME_KOR) values (125,'Dead Men Tell No Tales',to_date('20/04/09','RR/MM/DD'),to_date('20/04/09','RR/MM/DD'),0,0,2,5,75,2015,0,0,0,0,0,0,0,0,0,'https://cf.geekdo-images.com/original/img/Ob9W8nJGzBZf27tSW093DnfVraw=/0x0/pic2545662.jpg','https://cf.geekdo-images.com/thumb/img/Bo8qEKTQ7VaaTcxffWJKxduQG9k=/fit-in/200x150/pic2545662.jpg',null);
Insert into DB_SAWEE.GAME (G_NO,G_NAME,G_WRITTEN_DATE,G_UPDATED_DATE,G_HIT,G_RECOMMEND_NUM,G_MIN,G_MAX,G_PLAYTIME,G_RELEASE,G_LEVEL,G_RULETIME,G_LANG,G_INTER,G_THEME,G_REPLAY,G_ARTWORK,G_CONTENTS,G_NUM,G_IMAGE,G_THUMBNAIL,G_NAME_KOR) values (126,'Dead of Winter: A Crossroads Game',to_date('20/04/09','RR/MM/DD'),to_date('20/04/09','RR/MM/DD'),0,0,2,5,120,2014,0,0,0,0,0,0,0,0,0,'https://cf.geekdo-images.com/original/img/pOYQOSR1CnXcN6pEPx3yFDjKFaA=/0x0/pic3016500.jpg','https://cf.geekdo-images.com/thumb/img/da35zyUhqdAVUoYNFvTdvp_MsnY=/fit-in/200x150/pic3016500.jpg',null);
Insert into DB_SAWEE.GAME (G_NO,G_NAME,G_WRITTEN_DATE,G_UPDATED_DATE,G_HIT,G_RECOMMEND_NUM,G_MIN,G_MAX,G_PLAYTIME,G_RELEASE,G_LEVEL,G_RULETIME,G_LANG,G_INTER,G_THEME,G_REPLAY,G_ARTWORK,G_CONTENTS,G_NUM,G_IMAGE,G_THUMBNAIL,G_NAME_KOR) values (127,'Dead of Winter: The Long Night',to_date('20/04/09','RR/MM/DD'),to_date('20/04/09','RR/MM/DD'),0,0,2,5,120,2016,0,0,0,0,0,0,0,0,0,'https://cf.geekdo-images.com/original/img/ZLQYXI0DERFPJ1xC8PuJY__RY28=/0x0/pic2906832.jpg','https://cf.geekdo-images.com/thumb/img/x1m6AT2DUI7Q74AkY4PhpdxCjMQ=/fit-in/200x150/pic2906832.jpg',null);
Insert into DB_SAWEE.GAME (G_NO,G_NAME,G_WRITTEN_DATE,G_UPDATED_DATE,G_HIT,G_RECOMMEND_NUM,G_MIN,G_MAX,G_PLAYTIME,G_RELEASE,G_LEVEL,G_RULETIME,G_LANG,G_INTER,G_THEME,G_REPLAY,G_ARTWORK,G_CONTENTS,G_NUM,G_IMAGE,G_THUMBNAIL,G_NAME_KOR) values (128,'Deception: Murder in Hong Kong',to_date('20/04/09','RR/MM/DD'),to_date('20/04/09','RR/MM/DD'),0,0,4,12,20,2014,0,0,0,0,0,0,0,0,0,'https://cf.geekdo-images.com/original/img/hGE79VL3d5Kv8dIXehMPafkacI4=/0x0/pic3033330.jpg','https://cf.geekdo-images.com/thumb/img/at_Bpsv--kgIi57NoVsPbmR444w=/fit-in/200x150/pic3033330.jpg',null);
Insert into DB_SAWEE.GAME (G_NO,G_NAME,G_WRITTEN_DATE,G_UPDATED_DATE,G_HIT,G_RECOMMEND_NUM,G_MIN,G_MAX,G_PLAYTIME,G_RELEASE,G_LEVEL,G_RULETIME,G_LANG,G_INTER,G_THEME,G_REPLAY,G_ARTWORK,G_CONTENTS,G_NUM,G_IMAGE,G_THUMBNAIL,G_NAME_KOR) values (129,'Defenders of the Realm',to_date('20/04/09','RR/MM/DD'),to_date('20/04/09','RR/MM/DD'),0,0,1,4,90,2010,0,0,0,0,0,0,0,0,0,'https://cf.geekdo-images.com/original/img/aJAYc0ekL2ur6qOCAOsirM03ksc=/0x0/pic649329.jpg','https://cf.geekdo-images.com/thumb/img/JFMSCNF1D2baL2Y2wZw_RuwT_hk=/fit-in/200x150/pic649329.jpg',null);
Insert into DB_SAWEE.GAME (G_NO,G_NAME,G_WRITTEN_DATE,G_UPDATED_DATE,G_HIT,G_RECOMMEND_NUM,G_MIN,G_MAX,G_PLAYTIME,G_RELEASE,G_LEVEL,G_RULETIME,G_LANG,G_INTER,G_THEME,G_REPLAY,G_ARTWORK,G_CONTENTS,G_NUM,G_IMAGE,G_THUMBNAIL,G_NAME_KOR) values (130,'Defenders of the Realm: Hero Expansion #1',to_date('20/04/09','RR/MM/DD'),to_date('20/04/09','RR/MM/DD'),0,0,1,4,120,2011,0,0,0,0,0,0,0,0,0,'https://cf.geekdo-images.com/original/img/oCZjIkjzqk7ItmkLbX6c1pB_yKg=/0x0/pic931454.jpg','https://cf.geekdo-images.com/thumb/img/ZGnxLiJkoUXCdEeTbKx_ZoCxBjo=/fit-in/200x150/pic931454.jpg',null);
Insert into DB_SAWEE.GAME (G_NO,G_NAME,G_WRITTEN_DATE,G_UPDATED_DATE,G_HIT,G_RECOMMEND_NUM,G_MIN,G_MAX,G_PLAYTIME,G_RELEASE,G_LEVEL,G_RULETIME,G_LANG,G_INTER,G_THEME,G_REPLAY,G_ARTWORK,G_CONTENTS,G_NUM,G_IMAGE,G_THUMBNAIL,G_NAME_KOR) values (131,'Defenders of the Realm: Hero Expansion #2',to_date('20/04/09','RR/MM/DD'),to_date('20/04/09','RR/MM/DD'),0,0,1,4,120,2011,0,0,0,0,0,0,0,0,0,'https://cf.geekdo-images.com/original/img/b9wu6aXjZVaiu0po1xr7MvKGj40=/0x0/pic931478.jpg','https://cf.geekdo-images.com/thumb/img/nA4xjMvCEM0w3QPByckf0DbUCQo=/fit-in/200x150/pic931478.jpg',null);
Insert into DB_SAWEE.GAME (G_NO,G_NAME,G_WRITTEN_DATE,G_UPDATED_DATE,G_HIT,G_RECOMMEND_NUM,G_MIN,G_MAX,G_PLAYTIME,G_RELEASE,G_LEVEL,G_RULETIME,G_LANG,G_INTER,G_THEME,G_REPLAY,G_ARTWORK,G_CONTENTS,G_NUM,G_IMAGE,G_THUMBNAIL,G_NAME_KOR) values (80,'Carcassonne: Expansion 6 – Count, King & Robber',to_date('20/04/09','RR/MM/DD'),to_date('20/04/09','RR/MM/DD'),0,0,2,6,45,2007,0,0,0,0,0,0,0,0,0,'https://cf.geekdo-images.com/original/img/yr61rzMt_Cb2kYIopWjH8A-bEJs=/0x0/pic4007858.jpg','https://cf.geekdo-images.com/thumb/img/AP9veBB63FvBhuI55HuwyPELDIg=/fit-in/200x150/pic4007858.jpg',null);
Insert into DB_SAWEE.GAME (G_NO,G_NAME,G_WRITTEN_DATE,G_UPDATED_DATE,G_HIT,G_RECOMMEND_NUM,G_MIN,G_MAX,G_PLAYTIME,G_RELEASE,G_LEVEL,G_RULETIME,G_LANG,G_INTER,G_THEME,G_REPLAY,G_ARTWORK,G_CONTENTS,G_NUM,G_IMAGE,G_THUMBNAIL,G_NAME_KOR) values (81,'Carcassonne: Hunters and Gatherers',to_date('20/04/09','RR/MM/DD'),to_date('20/04/09','RR/MM/DD'),0,0,2,5,35,2002,0,0,0,0,0,0,0,0,0,'https://cf.geekdo-images.com/original/img/Cd6eLz6Q1HTYKOJs9tR0IsKXotw=/0x0/pic2428656.png','https://cf.geekdo-images.com/thumb/img/mAW-Rsr2TehTM6hU0syybzMWBug=/fit-in/200x150/pic2428656.png',null);
Insert into DB_SAWEE.GAME (G_NO,G_NAME,G_WRITTEN_DATE,G_UPDATED_DATE,G_HIT,G_RECOMMEND_NUM,G_MIN,G_MAX,G_PLAYTIME,G_RELEASE,G_LEVEL,G_RULETIME,G_LANG,G_INTER,G_THEME,G_REPLAY,G_ARTWORK,G_CONTENTS,G_NUM,G_IMAGE,G_THUMBNAIL,G_NAME_KOR) values (82,'Carcassonne: South Seas',to_date('20/04/09','RR/MM/DD'),to_date('20/04/09','RR/MM/DD'),0,0,2,5,35,2013,0,0,0,0,0,0,0,0,0,'https://cf.geekdo-images.com/original/img/ezGkPbfMCiahFPKsm4PDd5OhHPg=/0x0/pic1917224.jpg','https://cf.geekdo-images.com/thumb/img/_hj8wOy2WfwNI9asYD3HNcq3Dfo=/fit-in/200x150/pic1917224.jpg',null);
Insert into DB_SAWEE.GAME (G_NO,G_NAME,G_WRITTEN_DATE,G_UPDATED_DATE,G_HIT,G_RECOMMEND_NUM,G_MIN,G_MAX,G_PLAYTIME,G_RELEASE,G_LEVEL,G_RULETIME,G_LANG,G_INTER,G_THEME,G_REPLAY,G_ARTWORK,G_CONTENTS,G_NUM,G_IMAGE,G_THUMBNAIL,G_NAME_KOR) values (83,'Carcassonne: The Castle',to_date('20/04/09','RR/MM/DD'),to_date('20/04/09','RR/MM/DD'),0,0,2,2,30,2003,0,0,0,0,0,0,0,0,0,'https://cf.geekdo-images.com/original/img/7lTOkLHfELCQCFOx1GYarqIbyqU=/0x0/pic2606367.jpg','https://cf.geekdo-images.com/thumb/img/o2wzkf9r8EyiBD3oMqdWOnVfB18=/fit-in/200x150/pic2606367.jpg',null);
Insert into DB_SAWEE.GAME (G_NO,G_NAME,G_WRITTEN_DATE,G_UPDATED_DATE,G_HIT,G_RECOMMEND_NUM,G_MIN,G_MAX,G_PLAYTIME,G_RELEASE,G_LEVEL,G_RULETIME,G_LANG,G_INTER,G_THEME,G_REPLAY,G_ARTWORK,G_CONTENTS,G_NUM,G_IMAGE,G_THUMBNAIL,G_NAME_KOR) values (84,'Carcassonne: The City',to_date('20/04/09','RR/MM/DD'),to_date('20/04/09','RR/MM/DD'),0,0,2,4,45,2004,0,0,0,0,0,0,0,0,0,'https://cf.geekdo-images.com/original/img/CtFlOIRU6Zqg_hTcuH0ySpVfAtU=/0x0/pic839808.jpg','https://cf.geekdo-images.com/thumb/img/N7_bnUlau4KP_IBV44O7lJTIu7g=/fit-in/200x150/pic839808.jpg',null);
Insert into DB_SAWEE.GAME (G_NO,G_NAME,G_WRITTEN_DATE,G_UPDATED_DATE,G_HIT,G_RECOMMEND_NUM,G_MIN,G_MAX,G_PLAYTIME,G_RELEASE,G_LEVEL,G_RULETIME,G_LANG,G_INTER,G_THEME,G_REPLAY,G_ARTWORK,G_CONTENTS,G_NUM,G_IMAGE,G_THUMBNAIL,G_NAME_KOR) values (85,'Carcassonne: The River II',to_date('20/04/09','RR/MM/DD'),to_date('20/04/09','RR/MM/DD'),0,0,2,6,60,2005,0,0,0,0,0,0,0,0,0,'https://cf.geekdo-images.com/original/img/qP63H8TPuEPTZpU9oGlBCOxPnPE=/0x0/pic105976.jpg','https://cf.geekdo-images.com/thumb/img/nEP_bT6r3VHFaJ3W87y9Uq2f3-Y=/fit-in/200x150/pic105976.jpg',null);
Insert into DB_SAWEE.GAME (G_NO,G_NAME,G_WRITTEN_DATE,G_UPDATED_DATE,G_HIT,G_RECOMMEND_NUM,G_MIN,G_MAX,G_PLAYTIME,G_RELEASE,G_LEVEL,G_RULETIME,G_LANG,G_INTER,G_THEME,G_REPLAY,G_ARTWORK,G_CONTENTS,G_NUM,G_IMAGE,G_THUMBNAIL,G_NAME_KOR) values (86,'Cardline: Animals',to_date('20/04/09','RR/MM/DD'),to_date('20/04/09','RR/MM/DD'),0,0,2,8,15,2012,0,0,0,0,0,0,0,0,0,'https://cf.geekdo-images.com/original/img/mtAKkx3xvZitmwfkKxwQaaP9vuY=/0x0/pic1714093.png','https://cf.geekdo-images.com/thumb/img/y3b76FF7RbGRNwShjHpWl2yEjxk=/fit-in/200x150/pic1714093.png',null);
Insert into DB_SAWEE.GAME (G_NO,G_NAME,G_WRITTEN_DATE,G_UPDATED_DATE,G_HIT,G_RECOMMEND_NUM,G_MIN,G_MAX,G_PLAYTIME,G_RELEASE,G_LEVEL,G_RULETIME,G_LANG,G_INTER,G_THEME,G_REPLAY,G_ARTWORK,G_CONTENTS,G_NUM,G_IMAGE,G_THUMBNAIL,G_NAME_KOR) values (87,'Cards Against Humanity',to_date('20/04/09','RR/MM/DD'),to_date('20/04/09','RR/MM/DD'),0,0,4,30,30,2009,0,0,0,0,0,0,0,0,0,'https://cf.geekdo-images.com/original/img/jg6r3iBsIWQAIFhrcGlQ1o-ZfzQ=/0x0/pic2909692.jpg','https://cf.geekdo-images.com/thumb/img/RXuwz8i7pH7X7IXnVNeWAGXeHVc=/fit-in/200x150/pic2909692.jpg',null);
Insert into DB_SAWEE.GAME (G_NO,G_NAME,G_WRITTEN_DATE,G_UPDATED_DATE,G_HIT,G_RECOMMEND_NUM,G_MIN,G_MAX,G_PLAYTIME,G_RELEASE,G_LEVEL,G_RULETIME,G_LANG,G_INTER,G_THEME,G_REPLAY,G_ARTWORK,G_CONTENTS,G_NUM,G_IMAGE,G_THUMBNAIL,G_NAME_KOR) values (88,'Castle Panic',to_date('20/04/09','RR/MM/DD'),to_date('20/04/09','RR/MM/DD'),0,0,1,6,60,2009,0,0,0,0,0,0,0,0,0,'https://cf.geekdo-images.com/original/img/xOimjOG95u8pxQhByVDTT1vkMYA=/0x0/pic496923.jpg','https://cf.geekdo-images.com/thumb/img/IgWfEJ63ailu4y7vOmsaSH06u-M=/fit-in/200x150/pic496923.jpg',null);
Insert into DB_SAWEE.GAME (G_NO,G_NAME,G_WRITTEN_DATE,G_UPDATED_DATE,G_HIT,G_RECOMMEND_NUM,G_MIN,G_MAX,G_PLAYTIME,G_RELEASE,G_LEVEL,G_RULETIME,G_LANG,G_INTER,G_THEME,G_REPLAY,G_ARTWORK,G_CONTENTS,G_NUM,G_IMAGE,G_THUMBNAIL,G_NAME_KOR) values (89,'Castle Panic: Crossbow promo',to_date('20/04/09','RR/MM/DD'),to_date('20/04/09','RR/MM/DD'),0,0,1,6,50,2012,0,0,0,0,0,0,0,0,0,'https://cf.geekdo-images.com/original/img/GWg53Zsc4TooQm2utgHkmptqbX4=/0x0/pic1515870.jpg','https://cf.geekdo-images.com/thumb/img/GoZWx4c0L_uVcMTBdByK6WY_whU=/fit-in/200x150/pic1515870.jpg',null);
Insert into DB_SAWEE.GAME (G_NO,G_NAME,G_WRITTEN_DATE,G_UPDATED_DATE,G_HIT,G_RECOMMEND_NUM,G_MIN,G_MAX,G_PLAYTIME,G_RELEASE,G_LEVEL,G_RULETIME,G_LANG,G_INTER,G_THEME,G_REPLAY,G_ARTWORK,G_CONTENTS,G_NUM,G_IMAGE,G_THUMBNAIL,G_NAME_KOR) values (90,'Castle Panic: The Wizard''s Tower',to_date('20/04/09','RR/MM/DD'),to_date('20/04/09','RR/MM/DD'),0,0,1,6,90,2011,0,0,0,0,0,0,0,0,0,'https://cf.geekdo-images.com/original/img/OQ_mF0FBo6Xxfor0nXMTU6Ex9Rk=/0x0/pic1063887.jpg','https://cf.geekdo-images.com/thumb/img/PuJCM4-i-7EV3QmviixAQ6aiciw=/fit-in/200x150/pic1063887.jpg',null);
Insert into DB_SAWEE.GAME (G_NO,G_NAME,G_WRITTEN_DATE,G_UPDATED_DATE,G_HIT,G_RECOMMEND_NUM,G_MIN,G_MAX,G_PLAYTIME,G_RELEASE,G_LEVEL,G_RULETIME,G_LANG,G_INTER,G_THEME,G_REPLAY,G_ARTWORK,G_CONTENTS,G_NUM,G_IMAGE,G_THUMBNAIL,G_NAME_KOR) values (91,'The Castles of Burgundy',to_date('20/04/09','RR/MM/DD'),to_date('20/04/09','RR/MM/DD'),0,0,2,4,90,2011,0,0,0,0,0,0,0,0,0,'https://cf.geekdo-images.com/original/img/w3EsrbF6-Gvr5_qBeF7YL1Rslnk=/0x0/pic1176894.jpg','https://cf.geekdo-images.com/thumb/img/WQrgUYzyNADux66REz6_rfF26HU=/fit-in/200x150/pic1176894.jpg',null);
Insert into DB_SAWEE.GAME (G_NO,G_NAME,G_WRITTEN_DATE,G_UPDATED_DATE,G_HIT,G_RECOMMEND_NUM,G_MIN,G_MAX,G_PLAYTIME,G_RELEASE,G_LEVEL,G_RULETIME,G_LANG,G_INTER,G_THEME,G_REPLAY,G_ARTWORK,G_CONTENTS,G_NUM,G_IMAGE,G_THUMBNAIL,G_NAME_KOR) values (92,'Castles of Mad King Ludwig',to_date('20/04/09','RR/MM/DD'),to_date('20/04/09','RR/MM/DD'),0,0,1,4,90,2014,0,0,0,0,0,0,0,0,0,'https://cf.geekdo-images.com/original/img/fmSwPPkAioUPtMDVzmo48zHYvxI=/0x0/pic1961827.jpg','https://cf.geekdo-images.com/thumb/img/eOGAGUEr07-WE0APc1STPB8veKg=/fit-in/200x150/pic1961827.jpg',null);
Insert into DB_SAWEE.GAME (G_NO,G_NAME,G_WRITTEN_DATE,G_UPDATED_DATE,G_HIT,G_RECOMMEND_NUM,G_MIN,G_MAX,G_PLAYTIME,G_RELEASE,G_LEVEL,G_RULETIME,G_LANG,G_INTER,G_THEME,G_REPLAY,G_ARTWORK,G_CONTENTS,G_NUM,G_IMAGE,G_THUMBNAIL,G_NAME_KOR) values (93,'Castles of Mad King Ludwig: Secrets',to_date('20/04/09','RR/MM/DD'),to_date('20/04/09','RR/MM/DD'),0,0,1,4,90,2015,0,0,0,0,0,0,0,0,0,'https://cf.geekdo-images.com/original/img/e9kpH3DjvH5s8Z4U7LAnxeiea8c=/0x0/pic2452313.jpg','https://cf.geekdo-images.com/thumb/img/3Eag6mglKS6P1WbJcNg_cf-768E=/fit-in/200x150/pic2452313.jpg',null);
Insert into DB_SAWEE.GAME (G_NO,G_NAME,G_WRITTEN_DATE,G_UPDATED_DATE,G_HIT,G_RECOMMEND_NUM,G_MIN,G_MAX,G_PLAYTIME,G_RELEASE,G_LEVEL,G_RULETIME,G_LANG,G_INTER,G_THEME,G_REPLAY,G_ARTWORK,G_CONTENTS,G_NUM,G_IMAGE,G_THUMBNAIL,G_NAME_KOR) values (94,'Catan',to_date('20/04/09','RR/MM/DD'),to_date('20/04/09','RR/MM/DD'),0,0,3,4,120,1995,0,0,0,0,0,0,0,0,0,'https://cf.geekdo-images.com/original/img/A-0yDJkve0avEicYQ4HoNO-HkK8=/0x0/pic2419375.jpg','https://cf.geekdo-images.com/thumb/img/g8LvJsd2oLAub6AEKN_Xpdoi8Sw=/fit-in/200x150/pic2419375.jpg',null);
Insert into DB_SAWEE.GAME (G_NO,G_NAME,G_WRITTEN_DATE,G_UPDATED_DATE,G_HIT,G_RECOMMEND_NUM,G_MIN,G_MAX,G_PLAYTIME,G_RELEASE,G_LEVEL,G_RULETIME,G_LANG,G_INTER,G_THEME,G_REPLAY,G_ARTWORK,G_CONTENTS,G_NUM,G_IMAGE,G_THUMBNAIL,G_NAME_KOR) values (95,'Catan: Ancient Egypt',to_date('20/04/09','RR/MM/DD'),to_date('20/04/09','RR/MM/DD'),0,0,3,4,75,2014,0,0,0,0,0,0,0,0,0,'https://cf.geekdo-images.com/original/img/pA_7rA8tLypCHuKS86wnXQ3GBQo=/0x0/pic2228343.jpg','https://cf.geekdo-images.com/thumb/img/pcD66SVAGvojHUgIjYJzkKmRbYQ=/fit-in/200x150/pic2228343.jpg',null);
Insert into DB_SAWEE.GAME (G_NO,G_NAME,G_WRITTEN_DATE,G_UPDATED_DATE,G_HIT,G_RECOMMEND_NUM,G_MIN,G_MAX,G_PLAYTIME,G_RELEASE,G_LEVEL,G_RULETIME,G_LANG,G_INTER,G_THEME,G_REPLAY,G_ARTWORK,G_CONTENTS,G_NUM,G_IMAGE,G_THUMBNAIL,G_NAME_KOR) values (96,'Catan Histories: Settlers of America – Trails to Rails',to_date('20/04/09','RR/MM/DD'),to_date('20/04/09','RR/MM/DD'),0,0,3,4,120,2010,0,0,0,0,0,0,0,0,0,'https://cf.geekdo-images.com/original/img/WBH4tuYmR4lRVRycJ2pSAKTeLsk=/0x0/pic4819010.png','https://cf.geekdo-images.com/thumb/img/pgMA90YOygHLbkbZQZQOo5S2eK0=/fit-in/200x150/pic4819010.png',null);
Insert into DB_SAWEE.GAME (G_NO,G_NAME,G_WRITTEN_DATE,G_UPDATED_DATE,G_HIT,G_RECOMMEND_NUM,G_MIN,G_MAX,G_PLAYTIME,G_RELEASE,G_LEVEL,G_RULETIME,G_LANG,G_INTER,G_THEME,G_REPLAY,G_ARTWORK,G_CONTENTS,G_NUM,G_IMAGE,G_THUMBNAIL,G_NAME_KOR) values (97,'The Cave',to_date('20/04/09','RR/MM/DD'),to_date('20/04/09','RR/MM/DD'),0,0,2,5,60,2012,0,0,0,0,0,0,0,0,0,'https://cf.geekdo-images.com/original/img/qbs9uGJsS78wQxsnOocJHlpsj78=/0x0/pic1399091.jpg','https://cf.geekdo-images.com/thumb/img/ApGdLrVS1KGCngo0oShYaOSduFE=/fit-in/200x150/pic1399091.jpg',null);
Insert into DB_SAWEE.GAME (G_NO,G_NAME,G_WRITTEN_DATE,G_UPDATED_DATE,G_HIT,G_RECOMMEND_NUM,G_MIN,G_MAX,G_PLAYTIME,G_RELEASE,G_LEVEL,G_RULETIME,G_LANG,G_INTER,G_THEME,G_REPLAY,G_ARTWORK,G_CONTENTS,G_NUM,G_IMAGE,G_THUMBNAIL,G_NAME_KOR) values (98,'Caverna: The Cave Farmers',to_date('20/04/09','RR/MM/DD'),to_date('20/04/09','RR/MM/DD'),0,0,1,7,210,2013,0,0,0,0,0,0,0,0,0,'https://cf.geekdo-images.com/original/img/xLuIh5VNsD57GXfcBox_ZF1jH4o=/0x0/pic1790789.jpg','https://cf.geekdo-images.com/thumb/img/00FpWk6IN889ypSvLAo6ILUGZXw=/fit-in/200x150/pic1790789.jpg',null);
Insert into DB_SAWEE.GAME (G_NO,G_NAME,G_WRITTEN_DATE,G_UPDATED_DATE,G_HIT,G_RECOMMEND_NUM,G_MIN,G_MAX,G_PLAYTIME,G_RELEASE,G_LEVEL,G_RULETIME,G_LANG,G_INTER,G_THEME,G_REPLAY,G_ARTWORK,G_CONTENTS,G_NUM,G_IMAGE,G_THUMBNAIL,G_NAME_KOR) values (99,'Caylus Magna Carta',to_date('20/04/09','RR/MM/DD'),to_date('20/04/09','RR/MM/DD'),0,0,2,4,75,2007,0,0,0,0,0,0,0,0,0,'https://cf.geekdo-images.com/original/img/FKHTjfwMYAsnNfjh-lNSKFKMzkM=/0x0/pic339842.jpg','https://cf.geekdo-images.com/thumb/img/Doyzl_QdXMNaAliyHuY70f4tgOk=/fit-in/200x150/pic339842.jpg',null);
Insert into DB_SAWEE.GAME (G_NO,G_NAME,G_WRITTEN_DATE,G_UPDATED_DATE,G_HIT,G_RECOMMEND_NUM,G_MIN,G_MAX,G_PLAYTIME,G_RELEASE,G_LEVEL,G_RULETIME,G_LANG,G_INTER,G_THEME,G_REPLAY,G_ARTWORK,G_CONTENTS,G_NUM,G_IMAGE,G_THUMBNAIL,G_NAME_KOR) values (100,'Champions of Midgard',to_date('20/04/09','RR/MM/DD'),to_date('20/04/09','RR/MM/DD'),0,0,2,4,90,2015,0,0,0,0,0,0,0,0,0,'https://cf.geekdo-images.com/original/img/c1gxRcNaDdjeH8zpLYJEkDEYA5g=/0x0/pic2869714.jpg','https://cf.geekdo-images.com/thumb/img/DkcfHm6xpdMa8-Bi1t7qEZsdeu4=/fit-in/200x150/pic2869714.jpg',null);
Insert into DB_SAWEE.GAME (G_NO,G_NAME,G_WRITTEN_DATE,G_UPDATED_DATE,G_HIT,G_RECOMMEND_NUM,G_MIN,G_MAX,G_PLAYTIME,G_RELEASE,G_LEVEL,G_RULETIME,G_LANG,G_INTER,G_THEME,G_REPLAY,G_ARTWORK,G_CONTENTS,G_NUM,G_IMAGE,G_THUMBNAIL,G_NAME_KOR) values (101,'Citadels',to_date('20/04/09','RR/MM/DD'),to_date('20/04/09','RR/MM/DD'),0,0,2,8,60,2000,0,0,0,0,0,0,0,0,0,'https://cf.geekdo-images.com/original/img/URnubCk0xqx2UN9dW10JO22V4qg=/0x0/pic3239104.jpg','https://cf.geekdo-images.com/thumb/img/8WHy1HRwSF8DAf7Dg-wdGIHFXKE=/fit-in/200x150/pic3239104.jpg',null);
Insert into DB_SAWEE.GAME (G_NO,G_NAME,G_WRITTEN_DATE,G_UPDATED_DATE,G_HIT,G_RECOMMEND_NUM,G_MIN,G_MAX,G_PLAYTIME,G_RELEASE,G_LEVEL,G_RULETIME,G_LANG,G_INTER,G_THEME,G_REPLAY,G_ARTWORK,G_CONTENTS,G_NUM,G_IMAGE,G_THUMBNAIL,G_NAME_KOR) values (102,'City of Iron',to_date('20/04/09','RR/MM/DD'),to_date('20/04/09','RR/MM/DD'),0,0,2,4,120,2013,0,0,0,0,0,0,0,0,0,'https://cf.geekdo-images.com/original/img/mb0Lzhf5LsVmtgCLneoR4xqg9tA=/0x0/pic1292441.jpg','https://cf.geekdo-images.com/thumb/img/XqTBOk0v7xXop4KVA2kXnlpUMnM=/fit-in/200x150/pic1292441.jpg',null);
Insert into DB_SAWEE.GAME (G_NO,G_NAME,G_WRITTEN_DATE,G_UPDATED_DATE,G_HIT,G_RECOMMEND_NUM,G_MIN,G_MAX,G_PLAYTIME,G_RELEASE,G_LEVEL,G_RULETIME,G_LANG,G_INTER,G_THEME,G_REPLAY,G_ARTWORK,G_CONTENTS,G_NUM,G_IMAGE,G_THUMBNAIL,G_NAME_KOR) values (103,'Claustrophobia',to_date('20/04/09','RR/MM/DD'),to_date('20/04/09','RR/MM/DD'),0,0,2,2,45,2009,0,0,0,0,0,0,0,0,0,'https://cf.geekdo-images.com/original/img/tZKSyqTq-T5VfdD3IclQJIim44M=/0x0/pic570518.jpg','https://cf.geekdo-images.com/thumb/img/qrh883HPCZdPjrM4Yth3wd1ZGeE=/fit-in/200x150/pic570518.jpg',null);
Insert into DB_SAWEE.GAME (G_NO,G_NAME,G_WRITTEN_DATE,G_UPDATED_DATE,G_HIT,G_RECOMMEND_NUM,G_MIN,G_MAX,G_PLAYTIME,G_RELEASE,G_LEVEL,G_RULETIME,G_LANG,G_INTER,G_THEME,G_REPLAY,G_ARTWORK,G_CONTENTS,G_NUM,G_IMAGE,G_THUMBNAIL,G_NAME_KOR) values (104,'Codenames',to_date('20/04/09','RR/MM/DD'),to_date('20/04/09','RR/MM/DD'),0,0,2,8,15,2015,0,0,0,0,0,0,0,0,0,'https://cf.geekdo-images.com/original/img/MJ6MNz8-_rb1C2VUTnYBTYOiiy0=/0x0/pic2582929.jpg','https://cf.geekdo-images.com/thumb/img/jEZ06Ca_jj1919XUS4DgBaaxAN8=/fit-in/200x150/pic2582929.jpg',null);
Insert into DB_SAWEE.GAME (G_NO,G_NAME,G_WRITTEN_DATE,G_UPDATED_DATE,G_HIT,G_RECOMMEND_NUM,G_MIN,G_MAX,G_PLAYTIME,G_RELEASE,G_LEVEL,G_RULETIME,G_LANG,G_INTER,G_THEME,G_REPLAY,G_ARTWORK,G_CONTENTS,G_NUM,G_IMAGE,G_THUMBNAIL,G_NAME_KOR) values (105,'Collapse',to_date('20/04/09','RR/MM/DD'),to_date('20/04/09','RR/MM/DD'),0,0,2,4,20,2015,0,0,0,0,0,0,0,0,0,'https://cf.geekdo-images.com/original/img/ca6HzhF3NmZ61f2Mzf4JgBsMeS4=/0x0/pic2088004.png','https://cf.geekdo-images.com/thumb/img/IC_GjB-ZbXWWCSh-kQV_AtaEfVg=/fit-in/200x150/pic2088004.png',null);
Insert into DB_SAWEE.GAME (G_NO,G_NAME,G_WRITTEN_DATE,G_UPDATED_DATE,G_HIT,G_RECOMMEND_NUM,G_MIN,G_MAX,G_PLAYTIME,G_RELEASE,G_LEVEL,G_RULETIME,G_LANG,G_INTER,G_THEME,G_REPLAY,G_ARTWORK,G_CONTENTS,G_NUM,G_IMAGE,G_THUMBNAIL,G_NAME_KOR) values (53,'Battlestar Galactica: The Board Game',to_date('20/04/09','RR/MM/DD'),to_date('20/04/09','RR/MM/DD'),0,0,3,6,180,2008,0,0,0,0,0,0,0,0,0,'https://cf.geekdo-images.com/original/img/-hZFpTm-evjyuLD_bj-y845-4f8=/0x0/pic354500.jpg','https://cf.geekdo-images.com/thumb/img/NpZjJd2NgxSJV2WrlB_U1e89txY=/fit-in/200x150/pic354500.jpg',null);
Insert into DB_SAWEE.GAME (G_NO,G_NAME,G_WRITTEN_DATE,G_UPDATED_DATE,G_HIT,G_RECOMMEND_NUM,G_MIN,G_MAX,G_PLAYTIME,G_RELEASE,G_LEVEL,G_RULETIME,G_LANG,G_INTER,G_THEME,G_REPLAY,G_ARTWORK,G_CONTENTS,G_NUM,G_IMAGE,G_THUMBNAIL,G_NAME_KOR) values (54,'Belfort',to_date('20/04/09','RR/MM/DD'),to_date('20/04/09','RR/MM/DD'),0,0,2,5,120,2011,0,0,0,0,0,0,0,0,0,'https://cf.geekdo-images.com/original/img/mXIQt2AKH3JmkDQx1NONQJZJCug=/0x0/pic1368514.jpg','https://cf.geekdo-images.com/thumb/img/JK17BV0sZOOxIAKVUtxcnUWoDDo=/fit-in/200x150/pic1368514.jpg',null);
Insert into DB_SAWEE.GAME (G_NO,G_NAME,G_WRITTEN_DATE,G_UPDATED_DATE,G_HIT,G_RECOMMEND_NUM,G_MIN,G_MAX,G_PLAYTIME,G_RELEASE,G_LEVEL,G_RULETIME,G_LANG,G_INTER,G_THEME,G_REPLAY,G_ARTWORK,G_CONTENTS,G_NUM,G_IMAGE,G_THUMBNAIL,G_NAME_KOR) values (55,'Belfort: The Expansion Expansion',to_date('20/04/09','RR/MM/DD'),to_date('20/04/09','RR/MM/DD'),0,0,2,5,90,2013,0,0,0,0,0,0,0,0,0,'https://cf.geekdo-images.com/original/img/sD_6wYlXeStlob1dpbouIoHHy5M=/0x0/pic1640305.jpg','https://cf.geekdo-images.com/thumb/img/u8Rhi3ir-y3XhWBbUkCnaqIp_ok=/fit-in/200x150/pic1640305.jpg',null);
Insert into DB_SAWEE.GAME (G_NO,G_NAME,G_WRITTEN_DATE,G_UPDATED_DATE,G_HIT,G_RECOMMEND_NUM,G_MIN,G_MAX,G_PLAYTIME,G_RELEASE,G_LEVEL,G_RULETIME,G_LANG,G_INTER,G_THEME,G_REPLAY,G_ARTWORK,G_CONTENTS,G_NUM,G_IMAGE,G_THUMBNAIL,G_NAME_KOR) values (56,'Belle of the Ball',to_date('20/04/09','RR/MM/DD'),to_date('20/04/09','RR/MM/DD'),0,0,2,5,45,2014,0,0,0,0,0,0,0,0,0,'https://cf.geekdo-images.com/original/img/Yrc8jKDRnHRC3sV6mK8eB8YH1H8=/0x0/pic4593784.jpg','https://cf.geekdo-images.com/thumb/img/ARy0BHc1GcHsNHyJd4jK1nOgHkQ=/fit-in/200x150/pic4593784.jpg',null);
Insert into DB_SAWEE.GAME (G_NO,G_NAME,G_WRITTEN_DATE,G_UPDATED_DATE,G_HIT,G_RECOMMEND_NUM,G_MIN,G_MAX,G_PLAYTIME,G_RELEASE,G_LEVEL,G_RULETIME,G_LANG,G_INTER,G_THEME,G_REPLAY,G_ARTWORK,G_CONTENTS,G_NUM,G_IMAGE,G_THUMBNAIL,G_NAME_KOR) values (57,'Betrayal at House on the Hill',to_date('20/04/09','RR/MM/DD'),to_date('20/04/09','RR/MM/DD'),0,0,3,6,60,2004,0,0,0,0,0,0,0,0,0,'https://cf.geekdo-images.com/original/img/U9FGhiyJR7_TM4IPQogUjbcoPmQ=/0x0/pic5146864.png','https://cf.geekdo-images.com/thumb/img/9N_vkqFmwyQk_4xFvdOhfN8uVTw=/fit-in/200x150/pic5146864.png',null);
Insert into DB_SAWEE.GAME (G_NO,G_NAME,G_WRITTEN_DATE,G_UPDATED_DATE,G_HIT,G_RECOMMEND_NUM,G_MIN,G_MAX,G_PLAYTIME,G_RELEASE,G_LEVEL,G_RULETIME,G_LANG,G_INTER,G_THEME,G_REPLAY,G_ARTWORK,G_CONTENTS,G_NUM,G_IMAGE,G_THUMBNAIL,G_NAME_KOR) values (58,'Between Two Cities',to_date('20/04/09','RR/MM/DD'),to_date('20/04/09','RR/MM/DD'),0,0,1,7,25,2015,0,0,0,0,0,0,0,0,0,'https://cf.geekdo-images.com/original/img/Su50y56tW7OpjmkxtJSobo5-U-0=/0x0/pic2326114.jpg','https://cf.geekdo-images.com/thumb/img/kJa-1qQZiIzeiCWYhxYJQeSeiaE=/fit-in/200x150/pic2326114.jpg',null);
Insert into DB_SAWEE.GAME (G_NO,G_NAME,G_WRITTEN_DATE,G_UPDATED_DATE,G_HIT,G_RECOMMEND_NUM,G_MIN,G_MAX,G_PLAYTIME,G_RELEASE,G_LEVEL,G_RULETIME,G_LANG,G_INTER,G_THEME,G_REPLAY,G_ARTWORK,G_CONTENTS,G_NUM,G_IMAGE,G_THUMBNAIL,G_NAME_KOR) values (59,'Beyond Baker Street',to_date('20/04/09','RR/MM/DD'),to_date('20/04/09','RR/MM/DD'),0,0,2,4,20,2016,0,0,0,0,0,0,0,0,0,'https://cf.geekdo-images.com/original/img/1rh59TYIMj6WcXtn9eTCOpBxFlU=/0x0/pic2926075.jpg','https://cf.geekdo-images.com/thumb/img/0b5_H74YgLb5n6XVFyX1yDjrqNM=/fit-in/200x150/pic2926075.jpg',null);
Insert into DB_SAWEE.GAME (G_NO,G_NAME,G_WRITTEN_DATE,G_UPDATED_DATE,G_HIT,G_RECOMMEND_NUM,G_MIN,G_MAX,G_PLAYTIME,G_RELEASE,G_LEVEL,G_RULETIME,G_LANG,G_INTER,G_THEME,G_REPLAY,G_ARTWORK,G_CONTENTS,G_NUM,G_IMAGE,G_THUMBNAIL,G_NAME_KOR) values (60,'Biblios',to_date('20/04/09','RR/MM/DD'),to_date('20/04/09','RR/MM/DD'),0,0,2,4,30,2007,0,0,0,0,0,0,0,0,0,'https://cf.geekdo-images.com/original/img/LHYQeLvH4_mQLFBoei4Ns5k8hms=/0x0/pic759154.jpg','https://cf.geekdo-images.com/thumb/img/s0zypGMGSHdfwG7tAu5Zfj2KiBw=/fit-in/200x150/pic759154.jpg',null);
Insert into DB_SAWEE.GAME (G_NO,G_NAME,G_WRITTEN_DATE,G_UPDATED_DATE,G_HIT,G_RECOMMEND_NUM,G_MIN,G_MAX,G_PLAYTIME,G_RELEASE,G_LEVEL,G_RULETIME,G_LANG,G_INTER,G_THEME,G_REPLAY,G_ARTWORK,G_CONTENTS,G_NUM,G_IMAGE,G_THUMBNAIL,G_NAME_KOR) values (61,'Biblios Dice',to_date('20/04/09','RR/MM/DD'),to_date('20/04/09','RR/MM/DD'),0,0,2,5,30,2015,0,0,0,0,0,0,0,0,0,'https://cf.geekdo-images.com/original/img/dtCtn738hTynW3Hn-IH4gKeBZg8=/0x0/pic2300088.jpg','https://cf.geekdo-images.com/thumb/img/9OzfgsHAg_UQNZbyt0ElHolbgRw=/fit-in/200x150/pic2300088.jpg',null);
Insert into DB_SAWEE.GAME (G_NO,G_NAME,G_WRITTEN_DATE,G_UPDATED_DATE,G_HIT,G_RECOMMEND_NUM,G_MIN,G_MAX,G_PLAYTIME,G_RELEASE,G_LEVEL,G_RULETIME,G_LANG,G_INTER,G_THEME,G_REPLAY,G_ARTWORK,G_CONTENTS,G_NUM,G_IMAGE,G_THUMBNAIL,G_NAME_KOR) values (62,'The Big Book of Madness',to_date('20/04/09','RR/MM/DD'),to_date('20/04/09','RR/MM/DD'),0,0,2,5,90,2015,0,0,0,0,0,0,0,0,0,'https://cf.geekdo-images.com/original/img/PDUi7MvHSOcGqAa1WvVWg1w0fAM=/0x0/pic2750172.jpg','https://cf.geekdo-images.com/thumb/img/lNSkTw4ercOfA5z1cURVnV4tdII=/fit-in/200x150/pic2750172.jpg',null);
Insert into DB_SAWEE.GAME (G_NO,G_NAME,G_WRITTEN_DATE,G_UPDATED_DATE,G_HIT,G_RECOMMEND_NUM,G_MIN,G_MAX,G_PLAYTIME,G_RELEASE,G_LEVEL,G_RULETIME,G_LANG,G_INTER,G_THEME,G_REPLAY,G_ARTWORK,G_CONTENTS,G_NUM,G_IMAGE,G_THUMBNAIL,G_NAME_KOR) values (63,'Black Fleet',to_date('20/04/09','RR/MM/DD'),to_date('20/04/09','RR/MM/DD'),0,0,3,4,60,2014,0,0,0,0,0,0,0,0,0,'https://cf.geekdo-images.com/original/img/U3mLOSa1rASgVJUGgWJi6WkC5Ew=/0x0/pic1987366.jpg','https://cf.geekdo-images.com/thumb/img/5QWA_OtBDNLNsyg3TU5wJrQpXnc=/fit-in/200x150/pic1987366.jpg',null);
Insert into DB_SAWEE.GAME (G_NO,G_NAME,G_WRITTEN_DATE,G_UPDATED_DATE,G_HIT,G_RECOMMEND_NUM,G_MIN,G_MAX,G_PLAYTIME,G_RELEASE,G_LEVEL,G_RULETIME,G_LANG,G_INTER,G_THEME,G_REPLAY,G_ARTWORK,G_CONTENTS,G_NUM,G_IMAGE,G_THUMBNAIL,G_NAME_KOR) values (64,'Blood Rage',to_date('20/04/09','RR/MM/DD'),to_date('20/04/09','RR/MM/DD'),0,0,2,4,90,2015,0,0,0,0,0,0,0,0,0,'https://cf.geekdo-images.com/original/img/p4IovYzLVXqxY40lbGUu92VxaIQ=/0x0/pic2439223.jpg','https://cf.geekdo-images.com/thumb/img/JPo2K0kSzYwCSqgEFdJbCzXFaTA=/fit-in/200x150/pic2439223.jpg',null);
Insert into DB_SAWEE.GAME (G_NO,G_NAME,G_WRITTEN_DATE,G_UPDATED_DATE,G_HIT,G_RECOMMEND_NUM,G_MIN,G_MAX,G_PLAYTIME,G_RELEASE,G_LEVEL,G_RULETIME,G_LANG,G_INTER,G_THEME,G_REPLAY,G_ARTWORK,G_CONTENTS,G_NUM,G_IMAGE,G_THUMBNAIL,G_NAME_KOR) values (65,'Blue Moon City',to_date('20/04/09','RR/MM/DD'),to_date('20/04/09','RR/MM/DD'),0,0,2,4,50,2006,0,0,0,0,0,0,0,0,0,'https://cf.geekdo-images.com/original/img/5kYRY3fJk4v4fIKME8Zq3npd_RQ=/0x0/pic4757841.jpg','https://cf.geekdo-images.com/thumb/img/zAjirffiOV57yPUVsN8GSb0MYpM=/fit-in/200x150/pic4757841.jpg',null);
Insert into DB_SAWEE.GAME (G_NO,G_NAME,G_WRITTEN_DATE,G_UPDATED_DATE,G_HIT,G_RECOMMEND_NUM,G_MIN,G_MAX,G_PLAYTIME,G_RELEASE,G_LEVEL,G_RULETIME,G_LANG,G_INTER,G_THEME,G_REPLAY,G_ARTWORK,G_CONTENTS,G_NUM,G_IMAGE,G_THUMBNAIL,G_NAME_KOR) values (66,'Blue Moon Legends',to_date('20/04/09','RR/MM/DD'),to_date('20/04/09','RR/MM/DD'),0,0,2,2,30,2014,0,0,0,0,0,0,0,0,0,'https://cf.geekdo-images.com/original/img/6n4b_oj1IxO72poJxz1nvenhEeM=/0x0/pic1854836.jpg','https://cf.geekdo-images.com/thumb/img/FY_8g1ddXpJbOQbLb7QF7JApoQA=/fit-in/200x150/pic1854836.jpg',null);
Insert into DB_SAWEE.GAME (G_NO,G_NAME,G_WRITTEN_DATE,G_UPDATED_DATE,G_HIT,G_RECOMMEND_NUM,G_MIN,G_MAX,G_PLAYTIME,G_RELEASE,G_LEVEL,G_RULETIME,G_LANG,G_INTER,G_THEME,G_REPLAY,G_ARTWORK,G_CONTENTS,G_NUM,G_IMAGE,G_THUMBNAIL,G_NAME_KOR) values (67,'Blueprints',to_date('20/04/09','RR/MM/DD'),to_date('20/04/09','RR/MM/DD'),0,0,2,4,30,2013,0,0,0,0,0,0,0,0,0,'https://cf.geekdo-images.com/original/img/u0EtNimUgRoAd-XTc-Lz4YVf9zM=/0x0/pic1877243.jpg','https://cf.geekdo-images.com/thumb/img/VMS6XL6HC3RLwKkleAwoNPdj6MQ=/fit-in/200x150/pic1877243.jpg',null);
Insert into DB_SAWEE.GAME (G_NO,G_NAME,G_WRITTEN_DATE,G_UPDATED_DATE,G_HIT,G_RECOMMEND_NUM,G_MIN,G_MAX,G_PLAYTIME,G_RELEASE,G_LEVEL,G_RULETIME,G_LANG,G_INTER,G_THEME,G_REPLAY,G_ARTWORK,G_CONTENTS,G_NUM,G_IMAGE,G_THUMBNAIL,G_NAME_KOR) values (68,'Bomb Squad',to_date('20/04/09','RR/MM/DD'),to_date('20/04/09','RR/MM/DD'),0,0,2,6,30,2013,0,0,0,0,0,0,0,0,0,'https://cf.geekdo-images.com/original/img/WILhNIn8CL_As0Tl24wfs60je1Y=/0x0/pic2162016.png','https://cf.geekdo-images.com/thumb/img/5QmobSweZX4ssKivB47ExBNF3aU=/fit-in/200x150/pic2162016.png',null);
Insert into DB_SAWEE.GAME (G_NO,G_NAME,G_WRITTEN_DATE,G_UPDATED_DATE,G_HIT,G_RECOMMEND_NUM,G_MIN,G_MAX,G_PLAYTIME,G_RELEASE,G_LEVEL,G_RULETIME,G_LANG,G_INTER,G_THEME,G_REPLAY,G_ARTWORK,G_CONTENTS,G_NUM,G_IMAGE,G_THUMBNAIL,G_NAME_KOR) values (69,'Brew Crafters',to_date('20/04/09','RR/MM/DD'),to_date('20/04/09','RR/MM/DD'),0,0,2,5,90,2013,0,0,0,0,0,0,0,0,0,'https://cf.geekdo-images.com/original/img/21UI0gGVL11omxHgncdP9vgsLTU=/0x0/pic1601585.jpg','https://cf.geekdo-images.com/thumb/img/9Z9IiNpKt-k0i7TIWsTOk_DQ6Bw=/fit-in/200x150/pic1601585.jpg',null);
Insert into DB_SAWEE.GAME (G_NO,G_NAME,G_WRITTEN_DATE,G_UPDATED_DATE,G_HIT,G_RECOMMEND_NUM,G_MIN,G_MAX,G_PLAYTIME,G_RELEASE,G_LEVEL,G_RULETIME,G_LANG,G_INTER,G_THEME,G_REPLAY,G_ARTWORK,G_CONTENTS,G_NUM,G_IMAGE,G_THUMBNAIL,G_NAME_KOR) values (70,'Broom Service',to_date('20/04/09','RR/MM/DD'),to_date('20/04/09','RR/MM/DD'),0,0,2,5,75,2015,0,0,0,0,0,0,0,0,0,'https://cf.geekdo-images.com/original/img/YrLRtKpFVN7_QhPmj2WYb6TalzM=/0x0/pic2546156.jpg','https://cf.geekdo-images.com/thumb/img/NC23VZFA8UHuNCazCvgVdN1ym8o=/fit-in/200x150/pic2546156.jpg',null);
Insert into DB_SAWEE.GAME (G_NO,G_NAME,G_WRITTEN_DATE,G_UPDATED_DATE,G_HIT,G_RECOMMEND_NUM,G_MIN,G_MAX,G_PLAYTIME,G_RELEASE,G_LEVEL,G_RULETIME,G_LANG,G_INTER,G_THEME,G_REPLAY,G_ARTWORK,G_CONTENTS,G_NUM,G_IMAGE,G_THUMBNAIL,G_NAME_KOR) values (71,'Bruges',to_date('20/04/09','RR/MM/DD'),to_date('20/04/09','RR/MM/DD'),0,0,2,4,60,2013,0,0,0,0,0,0,0,0,0,'https://cf.geekdo-images.com/original/img/G_0u37fgId8_hqzPrpQaJZSR5bU=/0x0/pic1652004.jpg','https://cf.geekdo-images.com/thumb/img/vCOD5SwOQA0dxJ9-bkQUQ6aNb0w=/fit-in/200x150/pic1652004.jpg',null);
Insert into DB_SAWEE.GAME (G_NO,G_NAME,G_WRITTEN_DATE,G_UPDATED_DATE,G_HIT,G_RECOMMEND_NUM,G_MIN,G_MAX,G_PLAYTIME,G_RELEASE,G_LEVEL,G_RULETIME,G_LANG,G_INTER,G_THEME,G_REPLAY,G_ARTWORK,G_CONTENTS,G_NUM,G_IMAGE,G_THUMBNAIL,G_NAME_KOR) values (72,'The Builders: Antiquity',to_date('20/04/09','RR/MM/DD'),to_date('20/04/09','RR/MM/DD'),0,0,2,4,30,2015,0,0,0,0,0,0,0,0,0,'https://cf.geekdo-images.com/original/img/1g1MBNtyTY-YyDVHuPBQdyl99kM=/0x0/pic3095866.jpg','https://cf.geekdo-images.com/thumb/img/GLNs3du7vM76U3MqP7R8zUvXogA=/fit-in/200x150/pic3095866.jpg',null);
Insert into DB_SAWEE.GAME (G_NO,G_NAME,G_WRITTEN_DATE,G_UPDATED_DATE,G_HIT,G_RECOMMEND_NUM,G_MIN,G_MAX,G_PLAYTIME,G_RELEASE,G_LEVEL,G_RULETIME,G_LANG,G_INTER,G_THEME,G_REPLAY,G_ARTWORK,G_CONTENTS,G_NUM,G_IMAGE,G_THUMBNAIL,G_NAME_KOR) values (73,'Camel Up',to_date('20/04/09','RR/MM/DD'),to_date('20/04/09','RR/MM/DD'),0,0,2,8,30,2014,0,0,0,0,0,0,0,0,0,'https://cf.geekdo-images.com/original/img/EabhoQOn-hB-i3eclgtDqXcgtCs=/0x0/pic2031446.png','https://cf.geekdo-images.com/thumb/img/Pbab8HsjkmpO5frSXwMxzhRREwQ=/fit-in/200x150/pic2031446.png',null);
Insert into DB_SAWEE.GAME (G_NO,G_NAME,G_WRITTEN_DATE,G_UPDATED_DATE,G_HIT,G_RECOMMEND_NUM,G_MIN,G_MAX,G_PLAYTIME,G_RELEASE,G_LEVEL,G_RULETIME,G_LANG,G_INTER,G_THEME,G_REPLAY,G_ARTWORK,G_CONTENTS,G_NUM,G_IMAGE,G_THUMBNAIL,G_NAME_KOR) values (74,'The Captain Is Dead',to_date('20/04/09','RR/MM/DD'),to_date('20/04/09','RR/MM/DD'),0,0,2,7,90,2014,0,0,0,0,0,0,0,0,0,'https://cf.geekdo-images.com/original/img/wX81taxEV4CUuHNffULjeoB7n3Y=/0x0/pic3279087.jpg','https://cf.geekdo-images.com/thumb/img/PDPyS_fgXgFhmPhx8Th2aGkWs7k=/fit-in/200x150/pic3279087.jpg',null);
Insert into DB_SAWEE.GAME (G_NO,G_NAME,G_WRITTEN_DATE,G_UPDATED_DATE,G_HIT,G_RECOMMEND_NUM,G_MIN,G_MAX,G_PLAYTIME,G_RELEASE,G_LEVEL,G_RULETIME,G_LANG,G_INTER,G_THEME,G_REPLAY,G_ARTWORK,G_CONTENTS,G_NUM,G_IMAGE,G_THUMBNAIL,G_NAME_KOR) values (75,'Captain''s Wager',to_date('20/04/09','RR/MM/DD'),to_date('20/04/09','RR/MM/DD'),0,0,2,5,30,2015,0,0,0,0,0,0,0,0,0,'https://cf.geekdo-images.com/original/img/ixNzj59odh6B5_v9eo7Jrj4gvvI=/0x0/pic2563817.png','https://cf.geekdo-images.com/thumb/img/hNJ2bIo2RnOH5tujgzNJBzILtGE=/fit-in/200x150/pic2563817.png',null);
Insert into DB_SAWEE.GAME (G_NO,G_NAME,G_WRITTEN_DATE,G_UPDATED_DATE,G_HIT,G_RECOMMEND_NUM,G_MIN,G_MAX,G_PLAYTIME,G_RELEASE,G_LEVEL,G_RULETIME,G_LANG,G_INTER,G_THEME,G_REPLAY,G_ARTWORK,G_CONTENTS,G_NUM,G_IMAGE,G_THUMBNAIL,G_NAME_KOR) values (76,'Captain''s Wager: The Maelstrom',to_date('20/04/09','RR/MM/DD'),to_date('20/04/09','RR/MM/DD'),0,0,2,5,40,2015,0,0,0,0,0,0,0,0,0,'https://cf.geekdo-images.com/original/img/tzOzrVLNEn9kjUAxtXMUsHFMBLk=/0x0/pic2530969.jpg','https://cf.geekdo-images.com/thumb/img/AsHFOLeqMFd8WJ_UvKV0ZwX3LKk=/fit-in/200x150/pic2530969.jpg',null);
Insert into DB_SAWEE.GAME (G_NO,G_NAME,G_WRITTEN_DATE,G_UPDATED_DATE,G_HIT,G_RECOMMEND_NUM,G_MIN,G_MAX,G_PLAYTIME,G_RELEASE,G_LEVEL,G_RULETIME,G_LANG,G_INTER,G_THEME,G_REPLAY,G_ARTWORK,G_CONTENTS,G_NUM,G_IMAGE,G_THUMBNAIL,G_NAME_KOR) values (77,'Carcassonne',to_date('20/04/09','RR/MM/DD'),to_date('20/04/09','RR/MM/DD'),0,0,2,5,45,2000,0,0,0,0,0,0,0,0,0,'https://cf.geekdo-images.com/original/img/o4p6f88SGE899BTNMzTvERVWZ-M=/0x0/pic2337577.jpg','https://cf.geekdo-images.com/thumb/img/kqE4YJSm5PVkocYGl-V_IJcZQw4=/fit-in/200x150/pic2337577.jpg',null);
Insert into DB_SAWEE.GAME (G_NO,G_NAME,G_WRITTEN_DATE,G_UPDATED_DATE,G_HIT,G_RECOMMEND_NUM,G_MIN,G_MAX,G_PLAYTIME,G_RELEASE,G_LEVEL,G_RULETIME,G_LANG,G_INTER,G_THEME,G_REPLAY,G_ARTWORK,G_CONTENTS,G_NUM,G_IMAGE,G_THUMBNAIL,G_NAME_KOR) values (78,'Carcassonne: Expansion 1 – Inns & Cathedrals',to_date('20/04/09','RR/MM/DD'),to_date('20/04/09','RR/MM/DD'),0,0,2,6,60,2002,0,0,0,0,0,0,0,0,0,'https://cf.geekdo-images.com/original/img/fyFwz5eOK-R2W4DugMmGWs1MFaE=/0x0/pic2659943.jpg','https://cf.geekdo-images.com/thumb/img/VIf1O5CjApsMesNfch46eXezPxA=/fit-in/200x150/pic2659943.jpg',null);
Insert into DB_SAWEE.GAME (G_NO,G_NAME,G_WRITTEN_DATE,G_UPDATED_DATE,G_HIT,G_RECOMMEND_NUM,G_MIN,G_MAX,G_PLAYTIME,G_RELEASE,G_LEVEL,G_RULETIME,G_LANG,G_INTER,G_THEME,G_REPLAY,G_ARTWORK,G_CONTENTS,G_NUM,G_IMAGE,G_THUMBNAIL,G_NAME_KOR) values (79,'Carcassonne: Expansion 2 – Traders & Builders',to_date('20/04/09','RR/MM/DD'),to_date('20/04/09','RR/MM/DD'),0,0,2,6,60,2003,0,0,0,0,0,0,0,0,0,'https://cf.geekdo-images.com/original/img/uumS5wg1ttKxBCKdXl-nbg5Ka0Q=/0x0/pic2659946.jpg','https://cf.geekdo-images.com/thumb/img/4BEgw-bx_KLj0nyd1dZa9v1SNAM=/fit-in/200x150/pic2659946.jpg',null);
Insert into DB_SAWEE.GAME (G_NO,G_NAME,G_WRITTEN_DATE,G_UPDATED_DATE,G_HIT,G_RECOMMEND_NUM,G_MIN,G_MAX,G_PLAYTIME,G_RELEASE,G_LEVEL,G_RULETIME,G_LANG,G_INTER,G_THEME,G_REPLAY,G_ARTWORK,G_CONTENTS,G_NUM,G_IMAGE,G_THUMBNAIL,G_NAME_KOR) values (27,'Alchemists',to_date('20/04/09','RR/MM/DD'),to_date('20/04/09','RR/MM/DD'),0,0,2,4,120,2014,0,0,0,0,0,0,0,0,0,'https://cf.geekdo-images.com/original/img/VKBFHqR2xm0EFGWfb1sPJZctMCs=/0x0/pic2241156.png','https://cf.geekdo-images.com/thumb/img/4VjOkEjTXNR4KQMjaOK7JibjPSw=/fit-in/200x150/pic2241156.png','연금술사');
Insert into DB_SAWEE.GAME (G_NO,G_NAME,G_WRITTEN_DATE,G_UPDATED_DATE,G_HIT,G_RECOMMEND_NUM,G_MIN,G_MAX,G_PLAYTIME,G_RELEASE,G_LEVEL,G_RULETIME,G_LANG,G_INTER,G_THEME,G_REPLAY,G_ARTWORK,G_CONTENTS,G_NUM,G_IMAGE,G_THUMBNAIL,G_NAME_KOR) values (28,'Alea Iacta Est',to_date('20/04/09','RR/MM/DD'),to_date('20/04/09','RR/MM/DD'),0,0,2,5,60,2009,0,0,0,0,0,0,0,0,0,'https://cf.geekdo-images.com/original/img/WSRudWRsv3uitgCpas9ecMhwSGc=/0x0/pic1218804.jpg','https://cf.geekdo-images.com/thumb/img/rMGDmMag27MvycUKT22Ws5QpjVc=/fit-in/200x150/pic1218804.jpg','주사위는 던져졌다');
Insert into DB_SAWEE.GAME (G_NO,G_NAME,G_WRITTEN_DATE,G_UPDATED_DATE,G_HIT,G_RECOMMEND_NUM,G_MIN,G_MAX,G_PLAYTIME,G_RELEASE,G_LEVEL,G_RULETIME,G_LANG,G_INTER,G_THEME,G_REPLAY,G_ARTWORK,G_CONTENTS,G_NUM,G_IMAGE,G_THUMBNAIL,G_NAME_KOR) values (29,'Alhambra',to_date('20/04/09','RR/MM/DD'),to_date('20/04/09','RR/MM/DD'),0,0,2,6,60,2003,0,0,0,0,0,0,0,0,0,'https://cf.geekdo-images.com/original/img/kw2inREfU-Jpbpbv9VV1hGa0LWU=/0x0/pic4893652.jpg','https://cf.geekdo-images.com/thumb/img/WfMn5n1jTcr_rdtAngb51PHA6XI=/fit-in/200x150/pic4893652.jpg','알함브라');
Insert into DB_SAWEE.GAME (G_NO,G_NAME,G_WRITTEN_DATE,G_UPDATED_DATE,G_HIT,G_RECOMMEND_NUM,G_MIN,G_MAX,G_PLAYTIME,G_RELEASE,G_LEVEL,G_RULETIME,G_LANG,G_INTER,G_THEME,G_REPLAY,G_ARTWORK,G_CONTENTS,G_NUM,G_IMAGE,G_THUMBNAIL,G_NAME_KOR) values (30,'Alhambra: The Vizier''s Favor',to_date('20/04/09','RR/MM/DD'),to_date('20/04/09','RR/MM/DD'),0,0,2,6,60,2004,0,0,0,0,0,0,0,0,0,'https://cf.geekdo-images.com/original/img/O55GlhfUKhzV9dM6MHzAXqn3euY=/0x0/pic105723.jpg','https://cf.geekdo-images.com/thumb/img/wT8Fj1TVE_q8Btstyf1JuG81Jpw=/fit-in/200x150/pic105723.jpg','알함브라:바이저의 호의');
Insert into DB_SAWEE.GAME (G_NO,G_NAME,G_WRITTEN_DATE,G_UPDATED_DATE,G_HIT,G_RECOMMEND_NUM,G_MIN,G_MAX,G_PLAYTIME,G_RELEASE,G_LEVEL,G_RULETIME,G_LANG,G_INTER,G_THEME,G_REPLAY,G_ARTWORK,G_CONTENTS,G_NUM,G_IMAGE,G_THUMBNAIL,G_NAME_KOR) values (31,'Alien Frontiers',to_date('20/04/09','RR/MM/DD'),to_date('20/04/09','RR/MM/DD'),0,0,2,4,90,2010,0,0,0,0,0,0,0,0,0,'https://cf.geekdo-images.com/original/img/aTQJOrXHU-GtDW6WRkfGz_Zc93s=/0x0/pic3360924.png','https://cf.geekdo-images.com/thumb/img/fgrCpjnoHfbnQHbr6xoAQ0mojsc=/fit-in/200x150/pic3360924.png','에일리언 프론티어즈');
Insert into DB_SAWEE.GAME (G_NO,G_NAME,G_WRITTEN_DATE,G_UPDATED_DATE,G_HIT,G_RECOMMEND_NUM,G_MIN,G_MAX,G_PLAYTIME,G_RELEASE,G_LEVEL,G_RULETIME,G_LANG,G_INTER,G_THEME,G_REPLAY,G_ARTWORK,G_CONTENTS,G_NUM,G_IMAGE,G_THUMBNAIL,G_NAME_KOR) values (32,'Alien Frontiers: Factions',to_date('20/04/09','RR/MM/DD'),to_date('20/04/09','RR/MM/DD'),0,0,2,5,60,2012,0,0,0,0,0,0,0,0,0,'https://cf.geekdo-images.com/original/img/Y4BgvlK24j1f7Sb6X6_R23phcKc=/0x0/pic3360935.png','https://cf.geekdo-images.com/thumb/img/CN_WkGWw5MVobfBMVrkSSDTEvS4=/fit-in/200x150/pic3360935.png','에일리언 프론티어즈:팩션즈');
Insert into DB_SAWEE.GAME (G_NO,G_NAME,G_WRITTEN_DATE,G_UPDATED_DATE,G_HIT,G_RECOMMEND_NUM,G_MIN,G_MAX,G_PLAYTIME,G_RELEASE,G_LEVEL,G_RULETIME,G_LANG,G_INTER,G_THEME,G_REPLAY,G_ARTWORK,G_CONTENTS,G_NUM,G_IMAGE,G_THUMBNAIL,G_NAME_KOR) values (33,'Among the Stars',to_date('20/04/09','RR/MM/DD'),to_date('20/04/09','RR/MM/DD'),0,0,2,4,30,2012,0,0,0,0,0,0,0,0,0,'https://cf.geekdo-images.com/original/img/YfZDrdGnVZqfp3Bgkl-TPdXPqRU=/0x0/pic2037906.jpg','https://cf.geekdo-images.com/thumb/img/4LU_WjnaPnadLCLtKxcnGMY7fq4=/fit-in/200x150/pic2037906.jpg','별들 사이에서');
Insert into DB_SAWEE.GAME (G_NO,G_NAME,G_WRITTEN_DATE,G_UPDATED_DATE,G_HIT,G_RECOMMEND_NUM,G_MIN,G_MAX,G_PLAYTIME,G_RELEASE,G_LEVEL,G_RULETIME,G_LANG,G_INTER,G_THEME,G_REPLAY,G_ARTWORK,G_CONTENTS,G_NUM,G_IMAGE,G_THUMBNAIL,G_NAME_KOR) values (34,'Among the Stars: The Ambassadors',to_date('20/04/09','RR/MM/DD'),to_date('20/04/09','RR/MM/DD'),0,0,2,4,30,2013,0,0,0,0,0,0,0,0,0,'https://cf.geekdo-images.com/original/img/3UEGAOp1Y5pLxIftBzGdHC7sqCA=/0x0/pic1801598.jpg','https://cf.geekdo-images.com/thumb/img/amKl3G-PlRMAHEBr1s3pQj770v0=/fit-in/200x150/pic1801598.jpg','별들 사이에서:앰버서더');
Insert into DB_SAWEE.GAME (G_NO,G_NAME,G_WRITTEN_DATE,G_UPDATED_DATE,G_HIT,G_RECOMMEND_NUM,G_MIN,G_MAX,G_PLAYTIME,G_RELEASE,G_LEVEL,G_RULETIME,G_LANG,G_INTER,G_THEME,G_REPLAY,G_ARTWORK,G_CONTENTS,G_NUM,G_IMAGE,G_THUMBNAIL,G_NAME_KOR) values (35,'The Ancient World',to_date('20/04/09','RR/MM/DD'),to_date('20/04/09','RR/MM/DD'),0,0,2,4,90,2014,0,0,0,0,0,0,0,0,0,'https://cf.geekdo-images.com/original/img/KeNcx-xNE9N7MKf6ElWVmuPys8Q=/0x0/pic1951629.jpg','https://cf.geekdo-images.com/thumb/img/bxbyzQyLDRcTpwZ_-Pw3hEPOzY4=/fit-in/200x150/pic1951629.jpg','고대의 세계');
Insert into DB_SAWEE.GAME (G_NO,G_NAME,G_WRITTEN_DATE,G_UPDATED_DATE,G_HIT,G_RECOMMEND_NUM,G_MIN,G_MAX,G_PLAYTIME,G_RELEASE,G_LEVEL,G_RULETIME,G_LANG,G_INTER,G_THEME,G_REPLAY,G_ARTWORK,G_CONTENTS,G_NUM,G_IMAGE,G_THUMBNAIL,G_NAME_KOR) values (36,'Android: Netrunner',to_date('20/04/09','RR/MM/DD'),to_date('20/04/09','RR/MM/DD'),0,0,2,2,45,2012,0,0,0,0,0,0,0,0,0,'https://cf.geekdo-images.com/original/img/Wbp__Fl6QDKqzealhK2SDpoEk_g=/0x0/pic3738560.jpg','https://cf.geekdo-images.com/thumb/img/fJp94uxjjBE5bGT0IxWZ5ePpe8A=/fit-in/200x150/pic3738560.jpg','안드로이드:넷러너');
Insert into DB_SAWEE.GAME (G_NO,G_NAME,G_WRITTEN_DATE,G_UPDATED_DATE,G_HIT,G_RECOMMEND_NUM,G_MIN,G_MAX,G_PLAYTIME,G_RELEASE,G_LEVEL,G_RULETIME,G_LANG,G_INTER,G_THEME,G_REPLAY,G_ARTWORK,G_CONTENTS,G_NUM,G_IMAGE,G_THUMBNAIL,G_NAME_KOR) values (37,'Android: Netrunner – Creation and Control',to_date('20/04/09','RR/MM/DD'),to_date('20/04/09','RR/MM/DD'),0,0,2,2,45,2013,0,0,0,0,0,0,0,0,0,'https://cf.geekdo-images.com/original/img/Fx5M1d33fR3lsQLN76fFym8PB1c=/0x0/pic1639594.jpg','https://cf.geekdo-images.com/thumb/img/JPMgyCo6e4-jFnynyjs-mKs8u2M=/fit-in/200x150/pic1639594.jpg','안드로이드:넷러너-창조와 통제');
Insert into DB_SAWEE.GAME (G_NO,G_NAME,G_WRITTEN_DATE,G_UPDATED_DATE,G_HIT,G_RECOMMEND_NUM,G_MIN,G_MAX,G_PLAYTIME,G_RELEASE,G_LEVEL,G_RULETIME,G_LANG,G_INTER,G_THEME,G_REPLAY,G_ARTWORK,G_CONTENTS,G_NUM,G_IMAGE,G_THUMBNAIL,G_NAME_KOR) values (38,'Android: Netrunner – Honor and Profit',to_date('20/04/09','RR/MM/DD'),to_date('20/04/09','RR/MM/DD'),0,0,2,2,45,2014,0,0,0,0,0,0,0,0,0,'https://cf.geekdo-images.com/original/img/n2EZvAj72YFlKj5w_GpkrRe7UiE=/0x0/pic1878471.jpg','https://cf.geekdo-images.com/thumb/img/orFq3sbx0zHsMJVOf110FspOrUM=/fit-in/200x150/pic1878471.jpg','안드로이드:넷러너- 명예와 이익');
Insert into DB_SAWEE.GAME (G_NO,G_NAME,G_WRITTEN_DATE,G_UPDATED_DATE,G_HIT,G_RECOMMEND_NUM,G_MIN,G_MAX,G_PLAYTIME,G_RELEASE,G_LEVEL,G_RULETIME,G_LANG,G_INTER,G_THEME,G_REPLAY,G_ARTWORK,G_CONTENTS,G_NUM,G_IMAGE,G_THUMBNAIL,G_NAME_KOR) values (39,'AquaSphere',to_date('20/04/09','RR/MM/DD'),to_date('20/04/09','RR/MM/DD'),0,0,2,4,100,2014,0,0,0,0,0,0,0,0,0,'https://cf.geekdo-images.com/original/img/ZVq8NpSeBVl_A3VRXOGMSggn8Sw=/0x0/pic2197124.jpg','https://cf.geekdo-images.com/thumb/img/AoLakM5hwyr9A6zN1CsShED6fKA=/fit-in/200x150/pic2197124.jpg','아쿠아스피어');
Insert into DB_SAWEE.GAME (G_NO,G_NAME,G_WRITTEN_DATE,G_UPDATED_DATE,G_HIT,G_RECOMMEND_NUM,G_MIN,G_MAX,G_PLAYTIME,G_RELEASE,G_LEVEL,G_RULETIME,G_LANG,G_INTER,G_THEME,G_REPLAY,G_ARTWORK,G_CONTENTS,G_NUM,G_IMAGE,G_THUMBNAIL,G_NAME_KOR) values (40,'Arctic Scavengers',to_date('20/04/09','RR/MM/DD'),to_date('20/04/09','RR/MM/DD'),0,0,2,5,60,2009,0,0,0,0,0,0,0,0,0,'https://cf.geekdo-images.com/original/img/213P_53w1FdZrkRWufpXNIZvYFU=/0x0/pic1114682.jpg','https://cf.geekdo-images.com/thumb/img/x37o31wP_nhJed-XmxlACceMLlw=/fit-in/200x150/pic1114682.jpg','북극의 스캐빈저');
Insert into DB_SAWEE.GAME (G_NO,G_NAME,G_WRITTEN_DATE,G_UPDATED_DATE,G_HIT,G_RECOMMEND_NUM,G_MIN,G_MAX,G_PLAYTIME,G_RELEASE,G_LEVEL,G_RULETIME,G_LANG,G_INTER,G_THEME,G_REPLAY,G_ARTWORK,G_CONTENTS,G_NUM,G_IMAGE,G_THUMBNAIL,G_NAME_KOR) values (41,'Arctic Scavengers: HQ',to_date('20/04/09','RR/MM/DD'),to_date('20/04/09','RR/MM/DD'),0,0,2,5,45,2011,0,0,0,0,0,0,0,0,0,'https://cf.geekdo-images.com/original/img/edKjTKZYua3IfBiOt0HnabEVPSQ=/0x0/pic533559.jpg','https://cf.geekdo-images.com/thumb/img/x_-bRZHWfpBJG4Wg6JtCbxHNyU0=/fit-in/200x150/pic533559.jpg','북극의 스캐빈저:HQ');
Insert into DB_SAWEE.GAME (G_NO,G_NAME,G_WRITTEN_DATE,G_UPDATED_DATE,G_HIT,G_RECOMMEND_NUM,G_MIN,G_MAX,G_PLAYTIME,G_RELEASE,G_LEVEL,G_RULETIME,G_LANG,G_INTER,G_THEME,G_REPLAY,G_ARTWORK,G_CONTENTS,G_NUM,G_IMAGE,G_THUMBNAIL,G_NAME_KOR) values (42,'Arctic Scavengers: Recon',to_date('20/04/09','RR/MM/DD'),to_date('20/04/09','RR/MM/DD'),0,0,1,5,60,2015,0,0,0,0,0,0,0,0,0,'https://cf.geekdo-images.com/original/img/RjJN8ADbiACbwr5FMng5bidCq5Y=/0x0/pic2431658.jpg','https://cf.geekdo-images.com/thumb/img/ENh8crLezIrAdR87XCcgI0Dkmac=/fit-in/200x150/pic2431658.jpg','북극의 스캐빈저:Recon');
Insert into DB_SAWEE.GAME (G_NO,G_NAME,G_WRITTEN_DATE,G_UPDATED_DATE,G_HIT,G_RECOMMEND_NUM,G_MIN,G_MAX,G_PLAYTIME,G_RELEASE,G_LEVEL,G_RULETIME,G_LANG,G_INTER,G_THEME,G_REPLAY,G_ARTWORK,G_CONTENTS,G_NUM,G_IMAGE,G_THUMBNAIL,G_NAME_KOR) values (43,'Ascension',to_date('20/04/09','RR/MM/DD'),to_date('20/04/09','RR/MM/DD'),0,0,1,4,30,2010,0,0,0,0,0,0,0,0,0,'https://cf.geekdo-images.com/original/img/ieLXktFXa3ftoAp1mNQjCK2VaL4=/0x0/pic2382123.jpg','https://cf.geekdo-images.com/thumb/img/-WsZSVh6j5vUIea9_zwHuGiNnxw=/fit-in/200x150/pic2382123.jpg',null);
Insert into DB_SAWEE.GAME (G_NO,G_NAME,G_WRITTEN_DATE,G_UPDATED_DATE,G_HIT,G_RECOMMEND_NUM,G_MIN,G_MAX,G_PLAYTIME,G_RELEASE,G_LEVEL,G_RULETIME,G_LANG,G_INTER,G_THEME,G_REPLAY,G_ARTWORK,G_CONTENTS,G_NUM,G_IMAGE,G_THUMBNAIL,G_NAME_KOR) values (44,'Ascension: Apprentice Edition',to_date('20/04/09','RR/MM/DD'),to_date('20/04/09','RR/MM/DD'),0,0,2,2,30,2013,0,0,0,0,0,0,0,0,0,'https://cf.geekdo-images.com/original/img/r5jfPl0CWZoligJfMl8svn-FOO0=/0x0/pic1733803.jpg','https://cf.geekdo-images.com/thumb/img/SVwzajyRG9gaPy4crVHkDtSWxNE=/fit-in/200x150/pic1733803.jpg',null);
Insert into DB_SAWEE.GAME (G_NO,G_NAME,G_WRITTEN_DATE,G_UPDATED_DATE,G_HIT,G_RECOMMEND_NUM,G_MIN,G_MAX,G_PLAYTIME,G_RELEASE,G_LEVEL,G_RULETIME,G_LANG,G_INTER,G_THEME,G_REPLAY,G_ARTWORK,G_CONTENTS,G_NUM,G_IMAGE,G_THUMBNAIL,G_NAME_KOR) values (45,'Ascension: Dreamscape',to_date('20/04/09','RR/MM/DD'),to_date('20/04/09','RR/MM/DD'),0,0,1,4,60,2015,0,0,0,0,0,0,0,0,0,'https://cf.geekdo-images.com/original/img/XJqQUdZFOef1EEQ-RkZ7mpBGIRI=/0x0/pic3180363.jpg','https://cf.geekdo-images.com/thumb/img/P7A3ZKM9nIkfYSnx3t0KUOgBWp8=/fit-in/200x150/pic3180363.jpg',null);
Insert into DB_SAWEE.GAME (G_NO,G_NAME,G_WRITTEN_DATE,G_UPDATED_DATE,G_HIT,G_RECOMMEND_NUM,G_MIN,G_MAX,G_PLAYTIME,G_RELEASE,G_LEVEL,G_RULETIME,G_LANG,G_INTER,G_THEME,G_REPLAY,G_ARTWORK,G_CONTENTS,G_NUM,G_IMAGE,G_THUMBNAIL,G_NAME_KOR) values (46,'Ascension: Realms Unraveled',to_date('20/04/09','RR/MM/DD'),to_date('20/04/09','RR/MM/DD'),0,0,1,4,30,2014,0,0,0,0,0,0,0,0,0,'https://cf.geekdo-images.com/original/img/YmoX-baDgksVswdRMKEpfKErdwA=/0x0/pic2054959.png','https://cf.geekdo-images.com/thumb/img/mX9SZBae1XykwpxFMmUbfz8N-pw=/fit-in/200x150/pic2054959.png',null);
Insert into DB_SAWEE.GAME (G_NO,G_NAME,G_WRITTEN_DATE,G_UPDATED_DATE,G_HIT,G_RECOMMEND_NUM,G_MIN,G_MAX,G_PLAYTIME,G_RELEASE,G_LEVEL,G_RULETIME,G_LANG,G_INTER,G_THEME,G_REPLAY,G_ARTWORK,G_CONTENTS,G_NUM,G_IMAGE,G_THUMBNAIL,G_NAME_KOR) values (47,'Ascension: Return of the Fallen',to_date('20/04/09','RR/MM/DD'),to_date('20/04/09','RR/MM/DD'),0,0,1,2,30,2011,0,0,0,0,0,0,0,0,0,'https://cf.geekdo-images.com/original/img/VP4ghyxWsM7D1BN7vQd8rOA6C5Q=/0x0/pic947575.jpg','https://cf.geekdo-images.com/thumb/img/aIOt1iD585EPCHcVf2P4vnmAlk0=/fit-in/200x150/pic947575.jpg',null);
Insert into DB_SAWEE.GAME (G_NO,G_NAME,G_WRITTEN_DATE,G_UPDATED_DATE,G_HIT,G_RECOMMEND_NUM,G_MIN,G_MAX,G_PLAYTIME,G_RELEASE,G_LEVEL,G_RULETIME,G_LANG,G_INTER,G_THEME,G_REPLAY,G_ARTWORK,G_CONTENTS,G_NUM,G_IMAGE,G_THUMBNAIL,G_NAME_KOR) values (48,'Ascension: Year One Collector''s Edition',to_date('20/04/09','RR/MM/DD'),to_date('20/04/09','RR/MM/DD'),0,0,1,6,30,2015,0,0,0,0,0,0,0,0,0,'https://cf.geekdo-images.com/original/img/C8tkmgiDRoYpGdKQBUdj2ZDlqYY=/0x0/pic2422635.jpg','https://cf.geekdo-images.com/thumb/img/JxKMI-vOVSmcYGkAvCRaKnwaGfg=/fit-in/200x150/pic2422635.jpg',null);
Insert into DB_SAWEE.GAME (G_NO,G_NAME,G_WRITTEN_DATE,G_UPDATED_DATE,G_HIT,G_RECOMMEND_NUM,G_MIN,G_MAX,G_PLAYTIME,G_RELEASE,G_LEVEL,G_RULETIME,G_LANG,G_INTER,G_THEME,G_REPLAY,G_ARTWORK,G_CONTENTS,G_NUM,G_IMAGE,G_THUMBNAIL,G_NAME_KOR) values (49,'Assault on Doomrock',to_date('20/04/09','RR/MM/DD'),to_date('20/04/09','RR/MM/DD'),0,0,1,4,150,2014,0,0,0,0,0,0,0,0,0,'https://cf.geekdo-images.com/original/img/3rCs5DTFu9Wp9g0lE9P9h2jXdqw=/0x0/pic1808352.jpg','https://cf.geekdo-images.com/thumb/img/OSB-umKpWmHSwhlNyDMNLr3U3hE=/fit-in/200x150/pic1808352.jpg',null);
Insert into DB_SAWEE.GAME (G_NO,G_NAME,G_WRITTEN_DATE,G_UPDATED_DATE,G_HIT,G_RECOMMEND_NUM,G_MIN,G_MAX,G_PLAYTIME,G_RELEASE,G_LEVEL,G_RULETIME,G_LANG,G_INTER,G_THEME,G_REPLAY,G_ARTWORK,G_CONTENTS,G_NUM,G_IMAGE,G_THUMBNAIL,G_NAME_KOR) values (50,'Automobiles',to_date('20/04/09','RR/MM/DD'),to_date('20/04/09','RR/MM/DD'),0,0,2,5,75,2016,0,0,0,0,0,0,0,0,0,'https://cf.geekdo-images.com/original/img/sWINeKgKgMRwct-En7j3cnWCs4A=/0x0/pic2586265.png','https://cf.geekdo-images.com/thumb/img/6T8Ed7BFMiV_xO4vZIIG5cGPVuI=/fit-in/200x150/pic2586265.png',null);
Insert into DB_SAWEE.GAME (G_NO,G_NAME,G_WRITTEN_DATE,G_UPDATED_DATE,G_HIT,G_RECOMMEND_NUM,G_MIN,G_MAX,G_PLAYTIME,G_RELEASE,G_LEVEL,G_RULETIME,G_LANG,G_INTER,G_THEME,G_REPLAY,G_ARTWORK,G_CONTENTS,G_NUM,G_IMAGE,G_THUMBNAIL,G_NAME_KOR) values (51,'BANG! The Dice Game',to_date('20/04/09','RR/MM/DD'),to_date('20/04/09','RR/MM/DD'),0,0,3,8,15,2013,0,0,0,0,0,0,0,0,0,'https://cf.geekdo-images.com/original/img/FV0kpzyWF-7AQCFI8TuQlRRIhNo=/0x0/pic2909713.jpg','https://cf.geekdo-images.com/thumb/img/3xvZe7fHZdreM0Zt_eINI0F2V-A=/fit-in/200x150/pic2909713.jpg',null);
Insert into DB_SAWEE.GAME (G_NO,G_NAME,G_WRITTEN_DATE,G_UPDATED_DATE,G_HIT,G_RECOMMEND_NUM,G_MIN,G_MAX,G_PLAYTIME,G_RELEASE,G_LEVEL,G_RULETIME,G_LANG,G_INTER,G_THEME,G_REPLAY,G_ARTWORK,G_CONTENTS,G_NUM,G_IMAGE,G_THUMBNAIL,G_NAME_KOR) values (52,'The Battle of Five Armies',to_date('20/04/09','RR/MM/DD'),to_date('20/04/09','RR/MM/DD'),0,0,2,2,240,2014,0,0,0,0,0,0,0,0,0,'https://cf.geekdo-images.com/original/img/RUjjLqAusDGUeKgTuS64yK34Qq0=/0x0/pic1886964.jpg','https://cf.geekdo-images.com/thumb/img/TY5tj4qpNxsYcIiure6kfz2Swa8=/fit-in/200x150/pic1886964.jpg',null);
Insert into DB_SAWEE.GAME (G_NO,G_NAME,G_WRITTEN_DATE,G_UPDATED_DATE,G_HIT,G_RECOMMEND_NUM,G_MIN,G_MAX,G_PLAYTIME,G_RELEASE,G_LEVEL,G_RULETIME,G_LANG,G_INTER,G_THEME,G_REPLAY,G_ARTWORK,G_CONTENTS,G_NUM,G_IMAGE,G_THUMBNAIL,G_NAME_KOR) values (1,'10 Days in Africa',to_date('20/04/09','RR/MM/DD'),to_date('20/04/09','RR/MM/DD'),0,0,2,4,30,2003,0,0,0,0,0,0,0,0,0,'https://cf.geekdo-images.com/original/img/k0YHQxddSd7-fTmuamxpZiwI1Xs=/0x0/pic1229634.jpg','https://cf.geekdo-images.com/thumb/img/Kk309UtSrQu3flO3Rs_Vxuumvd4=/fit-in/200x150/pic1229634.jpg','아프리카에서 10일');
Insert into DB_SAWEE.GAME (G_NO,G_NAME,G_WRITTEN_DATE,G_UPDATED_DATE,G_HIT,G_RECOMMEND_NUM,G_MIN,G_MAX,G_PLAYTIME,G_RELEASE,G_LEVEL,G_RULETIME,G_LANG,G_INTER,G_THEME,G_REPLAY,G_ARTWORK,G_CONTENTS,G_NUM,G_IMAGE,G_THUMBNAIL,G_NAME_KOR) values (2,'10 Days in Europe',to_date('20/04/09','RR/MM/DD'),to_date('20/04/09','RR/MM/DD'),0,0,2,4,30,2002,0,0,0,0,0,0,0,0,0,'https://cf.geekdo-images.com/original/img/JJ6hN2UlO9n_pQPi4zXdQ6ceG-w=/0x0/pic4895073.png','https://cf.geekdo-images.com/thumb/img/i5n0reQ1WzQHopvVGAm0GvaOny4=/fit-in/200x150/pic4895073.png','유럽에서 10일');
Insert into DB_SAWEE.GAME (G_NO,G_NAME,G_WRITTEN_DATE,G_UPDATED_DATE,G_HIT,G_RECOMMEND_NUM,G_MIN,G_MAX,G_PLAYTIME,G_RELEASE,G_LEVEL,G_RULETIME,G_LANG,G_INTER,G_THEME,G_REPLAY,G_ARTWORK,G_CONTENTS,G_NUM,G_IMAGE,G_THUMBNAIL,G_NAME_KOR) values (3,'10 Days in the Americas',to_date('20/04/09','RR/MM/DD'),to_date('20/04/09','RR/MM/DD'),0,0,2,4,30,2010,0,0,0,0,0,0,0,0,0,'https://cf.geekdo-images.com/original/img/ZP0xym1QAqwrQ4-MuKNMTWDFHZw=/0x0/pic1229649.jpg','https://cf.geekdo-images.com/thumb/img/HjxZJH1ZM6KupRtWUjFm7jLSAxY=/fit-in/200x150/pic1229649.jpg','미국에서 10일');
Insert into DB_SAWEE.GAME (G_NO,G_NAME,G_WRITTEN_DATE,G_UPDATED_DATE,G_HIT,G_RECOMMEND_NUM,G_MIN,G_MAX,G_PLAYTIME,G_RELEASE,G_LEVEL,G_RULETIME,G_LANG,G_INTER,G_THEME,G_REPLAY,G_ARTWORK,G_CONTENTS,G_NUM,G_IMAGE,G_THUMBNAIL,G_NAME_KOR) values (4,'12 Realms',to_date('20/04/09','RR/MM/DD'),to_date('20/04/09','RR/MM/DD'),0,0,1,6,90,2010,0,0,0,0,0,0,0,0,0,'https://cf.geekdo-images.com/original/img/pGnfEOXhC5YsXUhG3Gz1qghYpUo=/0x0/pic2761491.jpg','https://cf.geekdo-images.com/thumb/img/sYjFJU56ZSveZeCwifDWSagUAeo=/fit-in/200x150/pic2761491.jpg','12 왕국');
Insert into DB_SAWEE.GAME (G_NO,G_NAME,G_WRITTEN_DATE,G_UPDATED_DATE,G_HIT,G_RECOMMEND_NUM,G_MIN,G_MAX,G_PLAYTIME,G_RELEASE,G_LEVEL,G_RULETIME,G_LANG,G_INTER,G_THEME,G_REPLAY,G_ARTWORK,G_CONTENTS,G_NUM,G_IMAGE,G_THUMBNAIL,G_NAME_KOR) values (5,'12 Realms: Ancestors Legacy',to_date('20/04/09','RR/MM/DD'),to_date('20/04/09','RR/MM/DD'),0,0,1,6,60,2015,0,0,0,0,0,0,0,0,0,'https://cf.geekdo-images.com/original/img/EZ79Dgq3em8ycvuxh2mpIRfps_A=/0x0/pic2015987.jpg','https://cf.geekdo-images.com/thumb/img/xEo78KmIXlqz2-xyOWuujNt5dLM=/fit-in/200x150/pic2015987.jpg','12 왕국 : 유산');
Insert into DB_SAWEE.GAME (G_NO,G_NAME,G_WRITTEN_DATE,G_UPDATED_DATE,G_HIT,G_RECOMMEND_NUM,G_MIN,G_MAX,G_PLAYTIME,G_RELEASE,G_LEVEL,G_RULETIME,G_LANG,G_INTER,G_THEME,G_REPLAY,G_ARTWORK,G_CONTENTS,G_NUM,G_IMAGE,G_THUMBNAIL,G_NAME_KOR) values (6,'1st & Goal',to_date('20/04/09','RR/MM/DD'),to_date('20/04/09','RR/MM/DD'),0,0,2,4,150,2011,0,0,0,0,0,0,0,0,0,'https://cf.geekdo-images.com/original/img/IPUK5ofdo_jbSLUabmpuceMzlzs=/0x0/pic1172132.jpg','https://cf.geekdo-images.com/thumb/img/SeMTfeM18idnRgrt10h3p4osYQA=/fit-in/200x150/pic1172132.jpg','lst & Goal');
Insert into DB_SAWEE.GAME (G_NO,G_NAME,G_WRITTEN_DATE,G_UPDATED_DATE,G_HIT,G_RECOMMEND_NUM,G_MIN,G_MAX,G_PLAYTIME,G_RELEASE,G_LEVEL,G_RULETIME,G_LANG,G_INTER,G_THEME,G_REPLAY,G_ARTWORK,G_CONTENTS,G_NUM,G_IMAGE,G_THUMBNAIL,G_NAME_KOR) values (7,'51st State: Master Set',to_date('20/04/09','RR/MM/DD'),to_date('20/04/09','RR/MM/DD'),0,0,1,4,90,2016,0,0,0,0,0,0,0,0,0,'https://cf.geekdo-images.com/original/img/FikdHVDtGfaFsStTcuw0LwiFTqo=/0x0/pic2945432.jpg','https://cf.geekdo-images.com/thumb/img/bxYLwIIAg9qhq9BSCcODWN94SR4=/fit-in/200x150/pic2945432.jpg','51번째 주 :마스터 셋');
Insert into DB_SAWEE.GAME (G_NO,G_NAME,G_WRITTEN_DATE,G_UPDATED_DATE,G_HIT,G_RECOMMEND_NUM,G_MIN,G_MAX,G_PLAYTIME,G_RELEASE,G_LEVEL,G_RULETIME,G_LANG,G_INTER,G_THEME,G_REPLAY,G_ARTWORK,G_CONTENTS,G_NUM,G_IMAGE,G_THUMBNAIL,G_NAME_KOR) values (8,'7 Wonders',to_date('20/04/09','RR/MM/DD'),to_date('20/04/09','RR/MM/DD'),0,0,2,7,30,2010,0,0,0,0,0,0,0,0,0,'https://cf.geekdo-images.com/original/img/3DP_RW5lTX0WrV67s8qi8CsiXoQ=/0x0/pic860217.jpg','https://cf.geekdo-images.com/thumb/img/Grz-qM9xwxlvQGK7B-MiljtO9pQ=/fit-in/200x150/pic860217.jpg','7 원더스');
Insert into DB_SAWEE.GAME (G_NO,G_NAME,G_WRITTEN_DATE,G_UPDATED_DATE,G_HIT,G_RECOMMEND_NUM,G_MIN,G_MAX,G_PLAYTIME,G_RELEASE,G_LEVEL,G_RULETIME,G_LANG,G_INTER,G_THEME,G_REPLAY,G_ARTWORK,G_CONTENTS,G_NUM,G_IMAGE,G_THUMBNAIL,G_NAME_KOR) values (9,'7 Wonders Duel',to_date('20/04/09','RR/MM/DD'),to_date('20/04/09','RR/MM/DD'),0,0,2,2,30,2015,0,0,0,0,0,0,0,0,0,'https://cf.geekdo-images.com/original/img/M6wL1YFgW-PsdtJ328m2QiJf1K8=/0x0/pic3376065.jpg','https://cf.geekdo-images.com/thumb/img/cwWMq5feF7O4O82HJOK3WE5IZ6o=/fit-in/200x150/pic3376065.jpg','7 원더스 대결');
Insert into DB_SAWEE.GAME (G_NO,G_NAME,G_WRITTEN_DATE,G_UPDATED_DATE,G_HIT,G_RECOMMEND_NUM,G_MIN,G_MAX,G_PLAYTIME,G_RELEASE,G_LEVEL,G_RULETIME,G_LANG,G_INTER,G_THEME,G_REPLAY,G_ARTWORK,G_CONTENTS,G_NUM,G_IMAGE,G_THUMBNAIL,G_NAME_KOR) values (10,'7 Wonders: Babel',to_date('20/04/09','RR/MM/DD'),to_date('20/04/09','RR/MM/DD'),0,0,2,7,45,2014,0,0,0,0,0,0,0,0,0,'https://cf.geekdo-images.com/original/img/MfusbtqqsTS2j4YQ9DJLkjysH1c=/0x0/pic2286085.jpg','https://cf.geekdo-images.com/thumb/img/ZG8CR39Z8EeGvdRf6QeMQniPTgA=/fit-in/200x150/pic2286085.jpg','7 원더스:바벨');
Insert into DB_SAWEE.GAME (G_NO,G_NAME,G_WRITTEN_DATE,G_UPDATED_DATE,G_HIT,G_RECOMMEND_NUM,G_MIN,G_MAX,G_PLAYTIME,G_RELEASE,G_LEVEL,G_RULETIME,G_LANG,G_INTER,G_THEME,G_REPLAY,G_ARTWORK,G_CONTENTS,G_NUM,G_IMAGE,G_THUMBNAIL,G_NAME_KOR) values (11,'7 Wonders: Cities',to_date('20/04/09','RR/MM/DD'),to_date('20/04/09','RR/MM/DD'),0,0,2,8,40,2012,0,0,0,0,0,0,0,0,0,'https://cf.geekdo-images.com/original/img/haUgLus7zmOGXp7GtKawIyMSmt4=/0x0/pic1380423.jpg','https://cf.geekdo-images.com/thumb/img/5cgzWX_ulsgpUn0q5hoEcN6U72s=/fit-in/200x150/pic1380423.jpg','7 원더스:도시들');
Insert into DB_SAWEE.GAME (G_NO,G_NAME,G_WRITTEN_DATE,G_UPDATED_DATE,G_HIT,G_RECOMMEND_NUM,G_MIN,G_MAX,G_PLAYTIME,G_RELEASE,G_LEVEL,G_RULETIME,G_LANG,G_INTER,G_THEME,G_REPLAY,G_ARTWORK,G_CONTENTS,G_NUM,G_IMAGE,G_THUMBNAIL,G_NAME_KOR) values (12,'7 Wonders: Empires',to_date('20/04/09','RR/MM/DD'),to_date('20/04/09','RR/MM/DD'),0,0,3,8,60,2013,0,0,0,0,0,0,0,0,0,'https://cf.geekdo-images.com/original/img/QvmHPcUxmiMgLKs4l1rYA0vTQ6Y=/0x0/pic1678158.jpg','https://cf.geekdo-images.com/thumb/img/Ju7_H2BkR6nJIR--EjYMR9WQjd8=/fit-in/200x150/pic1678158.jpg','7 원더스:제국');
Insert into DB_SAWEE.GAME (G_NO,G_NAME,G_WRITTEN_DATE,G_UPDATED_DATE,G_HIT,G_RECOMMEND_NUM,G_MIN,G_MAX,G_PLAYTIME,G_RELEASE,G_LEVEL,G_RULETIME,G_LANG,G_INTER,G_THEME,G_REPLAY,G_ARTWORK,G_CONTENTS,G_NUM,G_IMAGE,G_THUMBNAIL,G_NAME_KOR) values (13,'7 Wonders: Leaders',to_date('20/04/09','RR/MM/DD'),to_date('20/04/09','RR/MM/DD'),0,0,2,7,40,2011,0,0,0,0,0,0,0,0,0,'https://cf.geekdo-images.com/original/img/pjr6mqCoXU_DdMnlS2lMDwpyMh4=/0x0/pic1046319.jpg','https://cf.geekdo-images.com/thumb/img/g6r52bov56jE3RhunWC4micydEw=/fit-in/200x150/pic1046319.jpg','7 원더스:지도자');
Insert into DB_SAWEE.GAME (G_NO,G_NAME,G_WRITTEN_DATE,G_UPDATED_DATE,G_HIT,G_RECOMMEND_NUM,G_MIN,G_MAX,G_PLAYTIME,G_RELEASE,G_LEVEL,G_RULETIME,G_LANG,G_INTER,G_THEME,G_REPLAY,G_ARTWORK,G_CONTENTS,G_NUM,G_IMAGE,G_THUMBNAIL,G_NAME_KOR) values (14,'7 Wonders: Wonder Pack',to_date('20/04/09','RR/MM/DD'),to_date('20/04/09','RR/MM/DD'),0,0,2,7,30,2013,0,0,0,0,0,0,0,0,0,'https://cf.geekdo-images.com/original/img/iLYK2mGTh_2NRg649gZd19K2-mc=/0x0/pic1495052.jpg','https://cf.geekdo-images.com/thumb/img/uv48zrVjsu4z917FhGLBgYtlJNo=/fit-in/200x150/pic1495052.jpg','7 원더스:원더팩');
Insert into DB_SAWEE.GAME (G_NO,G_NAME,G_WRITTEN_DATE,G_UPDATED_DATE,G_HIT,G_RECOMMEND_NUM,G_MIN,G_MAX,G_PLAYTIME,G_RELEASE,G_LEVEL,G_RULETIME,G_LANG,G_INTER,G_THEME,G_REPLAY,G_ARTWORK,G_CONTENTS,G_NUM,G_IMAGE,G_THUMBNAIL,G_NAME_KOR) values (15,'Above and Below',to_date('20/04/09','RR/MM/DD'),to_date('20/04/09','RR/MM/DD'),0,0,2,4,90,2015,0,0,0,0,0,0,0,0,0,'https://cf.geekdo-images.com/original/img/AG4FQZuzzueBT6t31kypY8jTRus=/0x0/pic2398773.jpg','https://cf.geekdo-images.com/thumb/img/ONhKaMo__wRDkxngqt3ieBUu9pU=/fit-in/200x150/pic2398773.jpg','위아래');
Insert into DB_SAWEE.GAME (G_NO,G_NAME,G_WRITTEN_DATE,G_UPDATED_DATE,G_HIT,G_RECOMMEND_NUM,G_MIN,G_MAX,G_PLAYTIME,G_RELEASE,G_LEVEL,G_RULETIME,G_LANG,G_INTER,G_THEME,G_REPLAY,G_ARTWORK,G_CONTENTS,G_NUM,G_IMAGE,G_THUMBNAIL,G_NAME_KOR) values (16,'Abyss',to_date('20/04/09','RR/MM/DD'),to_date('20/04/09','RR/MM/DD'),0,0,2,4,60,2014,0,0,0,0,0,0,0,0,0,'https://cf.geekdo-images.com/original/img/QZD3-w6S6hbAQO7AfTFc342WsqI=/0x0/pic1965255.jpg','https://cf.geekdo-images.com/thumb/img/89XgMkYK9NLsjRxzSXm3JK9jou0=/fit-in/200x150/pic1965255.jpg','어비스');
Insert into DB_SAWEE.GAME (G_NO,G_NAME,G_WRITTEN_DATE,G_UPDATED_DATE,G_HIT,G_RECOMMEND_NUM,G_MIN,G_MAX,G_PLAYTIME,G_RELEASE,G_LEVEL,G_RULETIME,G_LANG,G_INTER,G_THEME,G_REPLAY,G_ARTWORK,G_CONTENTS,G_NUM,G_IMAGE,G_THUMBNAIL,G_NAME_KOR) values (17,'Adventure Land',to_date('20/04/09','RR/MM/DD'),to_date('20/04/09','RR/MM/DD'),0,0,2,4,45,2015,0,0,0,0,0,0,0,0,0,'https://cf.geekdo-images.com/original/img/TjHHm0reKqqhMw76TvaMBNFjL9M=/0x0/pic2958289.jpg','https://cf.geekdo-images.com/thumb/img/WwGAswYk1Lr9l58JeeuBCkrkU6I=/fit-in/200x150/pic2958289.jpg','어드벤처 랜드');
Insert into DB_SAWEE.GAME (G_NO,G_NAME,G_WRITTEN_DATE,G_UPDATED_DATE,G_HIT,G_RECOMMEND_NUM,G_MIN,G_MAX,G_PLAYTIME,G_RELEASE,G_LEVEL,G_RULETIME,G_LANG,G_INTER,G_THEME,G_REPLAY,G_ARTWORK,G_CONTENTS,G_NUM,G_IMAGE,G_THUMBNAIL,G_NAME_KOR) values (18,'Agents of SMERSH',to_date('20/04/09','RR/MM/DD'),to_date('20/04/09','RR/MM/DD'),0,0,1,4,90,2012,0,0,0,0,0,0,0,0,0,'https://cf.geekdo-images.com/original/img/s_tzo5wpm4NtIR3GNv20GzdEXps=/0x0/pic2295348.jpg','https://cf.geekdo-images.com/thumb/img/sgxw0Gl-pNW_NRImVUxAgcWo89E=/fit-in/200x150/pic2295348.jpg','스메르쉬의 요원들');
Insert into DB_SAWEE.GAME (G_NO,G_NAME,G_WRITTEN_DATE,G_UPDATED_DATE,G_HIT,G_RECOMMEND_NUM,G_MIN,G_MAX,G_PLAYTIME,G_RELEASE,G_LEVEL,G_RULETIME,G_LANG,G_INTER,G_THEME,G_REPLAY,G_ARTWORK,G_CONTENTS,G_NUM,G_IMAGE,G_THUMBNAIL,G_NAME_KOR) values (19,'Agents of SMERSH: Swagman''s Hope',to_date('20/04/09','RR/MM/DD'),to_date('20/04/09','RR/MM/DD'),0,0,1,5,120,2014,0,0,0,0,0,0,0,0,0,'https://cf.geekdo-images.com/original/img/Lp5XQXzIZqxghKc6DTv0kAmT31Q=/0x0/pic1920453.jpg','https://cf.geekdo-images.com/thumb/img/NH9ahDjxu0yHLMpH-VTKcYKZMjw=/fit-in/200x150/pic1920453.jpg','스메르쉬의 요원들:선원의 바람');
Insert into DB_SAWEE.GAME (G_NO,G_NAME,G_WRITTEN_DATE,G_UPDATED_DATE,G_HIT,G_RECOMMEND_NUM,G_MIN,G_MAX,G_PLAYTIME,G_RELEASE,G_LEVEL,G_RULETIME,G_LANG,G_INTER,G_THEME,G_REPLAY,G_ARTWORK,G_CONTENTS,G_NUM,G_IMAGE,G_THUMBNAIL,G_NAME_KOR) values (20,'Agricola',to_date('20/04/09','RR/MM/DD'),to_date('20/04/09','RR/MM/DD'),0,0,1,5,150,2007,0,0,0,0,0,0,0,0,0,'https://cf.geekdo-images.com/original/img/WQS7FRLHzvFQ8mjt94Au4W8CYn0=/0x0/pic831744.jpg','https://cf.geekdo-images.com/thumb/img/3LEMSEjJJrLsTNnUOwpiHfb5DQw=/fit-in/200x150/pic831744.jpg','아그리콜라');
Insert into DB_SAWEE.GAME (G_NO,G_NAME,G_WRITTEN_DATE,G_UPDATED_DATE,G_HIT,G_RECOMMEND_NUM,G_MIN,G_MAX,G_PLAYTIME,G_RELEASE,G_LEVEL,G_RULETIME,G_LANG,G_INTER,G_THEME,G_REPLAY,G_ARTWORK,G_CONTENTS,G_NUM,G_IMAGE,G_THUMBNAIL,G_NAME_KOR) values (21,'Agricola: All Creatures Big and Small',to_date('20/04/09','RR/MM/DD'),to_date('20/04/09','RR/MM/DD'),0,0,2,2,30,2012,0,0,0,0,0,0,0,0,0,'https://cf.geekdo-images.com/original/img/jeB8MXXENLZyEfwdcM5yD6OmUYw=/0x0/pic1514252.jpg','https://cf.geekdo-images.com/thumb/img/Vt9igzurW29IDvWChj7AXzl8Fxs=/fit-in/200x150/pic1514252.jpg','아그리콜라:크고 작은 피조물');
Insert into DB_SAWEE.GAME (G_NO,G_NAME,G_WRITTEN_DATE,G_UPDATED_DATE,G_HIT,G_RECOMMEND_NUM,G_MIN,G_MAX,G_PLAYTIME,G_RELEASE,G_LEVEL,G_RULETIME,G_LANG,G_INTER,G_THEME,G_REPLAY,G_ARTWORK,G_CONTENTS,G_NUM,G_IMAGE,G_THUMBNAIL,G_NAME_KOR) values (22,'Agricola: All Creatures Big and Small – Even More Buildings Big and Small',to_date('20/04/09','RR/MM/DD'),to_date('20/04/09','RR/MM/DD'),0,0,2,2,30,2013,0,0,0,0,0,0,0,0,0,'https://cf.geekdo-images.com/original/img/p0j_kP_KEndqgfnMfjKgxB4HXhc=/0x0/pic1723707.jpg','https://cf.geekdo-images.com/thumb/img/IECf6hBOofT8Vht2YmLOXpfJoH4=/fit-in/200x150/pic1723707.jpg','아그리콜라:크고 작은 피조물-더 많은 크고 작은 건물들');
Insert into DB_SAWEE.GAME (G_NO,G_NAME,G_WRITTEN_DATE,G_UPDATED_DATE,G_HIT,G_RECOMMEND_NUM,G_MIN,G_MAX,G_PLAYTIME,G_RELEASE,G_LEVEL,G_RULETIME,G_LANG,G_INTER,G_THEME,G_REPLAY,G_ARTWORK,G_CONTENTS,G_NUM,G_IMAGE,G_THUMBNAIL,G_NAME_KOR) values (23,'Agricola: All Creatures Big and Small – More Buildings Big and Small',to_date('20/04/09','RR/MM/DD'),to_date('20/04/09','RR/MM/DD'),0,0,2,2,30,2012,0,0,0,0,0,0,0,0,0,'https://cf.geekdo-images.com/original/img/bYNc9mK5hRQPNpSkoMpZqfo8Hro=/0x0/pic1451726.jpg','https://cf.geekdo-images.com/thumb/img/FuK8Skf6_zUThdxvYa9KFyfiTQQ=/fit-in/200x150/pic1451726.jpg','아그리콜라:크고 작은 피조물-모어빌딩스빅앤스몰');
Insert into DB_SAWEE.GAME (G_NO,G_NAME,G_WRITTEN_DATE,G_UPDATED_DATE,G_HIT,G_RECOMMEND_NUM,G_MIN,G_MAX,G_PLAYTIME,G_RELEASE,G_LEVEL,G_RULETIME,G_LANG,G_INTER,G_THEME,G_REPLAY,G_ARTWORK,G_CONTENTS,G_NUM,G_IMAGE,G_THUMBNAIL,G_NAME_KOR) values (24,'Agricola: Farmers of the Moor',to_date('20/04/09','RR/MM/DD'),to_date('20/04/09','RR/MM/DD'),0,0,1,5,200,2009,0,0,0,0,0,0,0,0,0,'https://cf.geekdo-images.com/original/img/A_qTRozM63XVIAlhvrqHAMoIFuQ=/0x0/pic568164.jpg','https://cf.geekdo-images.com/thumb/img/a75kvmv-PtlI_D-dcP4RkpfzUFE=/fit-in/200x150/pic568164.jpg','아그리콜라:황무지의 농부');
Insert into DB_SAWEE.GAME (G_NO,G_NAME,G_WRITTEN_DATE,G_UPDATED_DATE,G_HIT,G_RECOMMEND_NUM,G_MIN,G_MAX,G_PLAYTIME,G_RELEASE,G_LEVEL,G_RULETIME,G_LANG,G_INTER,G_THEME,G_REPLAY,G_ARTWORK,G_CONTENTS,G_NUM,G_IMAGE,G_THUMBNAIL,G_NAME_KOR) values (25,'Agricola: World Championship Deck – 2011',to_date('20/04/09','RR/MM/DD'),to_date('20/04/09','RR/MM/DD'),0,0,1,5,180,2011,0,0,0,0,0,0,0,0,0,'https://cf.geekdo-images.com/original/img/ReVdHr42hL3aNSiLO-Ylm7KGm1s=/0x0/pic1216379.jpg','https://cf.geekdo-images.com/thumb/img/5lqo4fz2lNIx1GuI_b0wzSRvvdQ=/fit-in/200x150/pic1216379.jpg','아그리콜라:월드 챔피언덱');
Insert into DB_SAWEE.GAME (G_NO,G_NAME,G_WRITTEN_DATE,G_UPDATED_DATE,G_HIT,G_RECOMMEND_NUM,G_MIN,G_MAX,G_PLAYTIME,G_RELEASE,G_LEVEL,G_RULETIME,G_LANG,G_INTER,G_THEME,G_REPLAY,G_ARTWORK,G_CONTENTS,G_NUM,G_IMAGE,G_THUMBNAIL,G_NAME_KOR) values (26,'Albion''s Legacy',to_date('20/04/09','RR/MM/DD'),to_date('20/04/09','RR/MM/DD'),0,0,1,6,90,2015,0,0,0,0,0,0,0,0,0,'https://cf.geekdo-images.com/original/img/NPwN0-C1m-4S8YjNMkvbW4INHsI=/0x0/pic3534682.jpg','https://cf.geekdo-images.com/thumb/img/r7p0NL-QieXgYTXYNX-8wVarCTM=/fit-in/200x150/pic3534682.jpg','알비온즈 레거시');
REM INSERTING into DB_SAWEE.GAME_CLASS
SET DEFINE OFF;
REM INSERTING into DB_SAWEE.GAME_METHOD
SET DEFINE OFF;
REM INSERTING into DB_SAWEE.GAME_PERSON
SET DEFINE OFF;
REM INSERTING into DB_SAWEE.GAME_SORT
SET DEFINE OFF;
REM INSERTING into DB_SAWEE.GAME_THEME
SET DEFINE OFF;
REM INSERTING into DB_SAWEE.MEMBER
SET DEFINE OFF;
Insert into DB_SAWEE.MEMBER (M_NO,M_ID,M_PW,M_NAME,M_BIRTH,M_NICK,M_GENDER,M_POINT,M_PHONE,M_EMAIL,M_POST,M_ADDR1,M_ADDR2,R_NO,M_RE_SMS,M_RE_NOTICE,M_RE_MESSAGE,M_INFO,M_SELF,M_INDATE,M_OUTDATE,M_OUT,M_REPORT_NUM,M_EXTRA,F_NO) values (2,'tester2','2222','member2',20001031,'member_nick2','f',30000,'01011111112','tester2@gmail.com',0,'test','test2',4,'n','n','n','n','자기소개',to_date('20/03/19','RR/MM/DD'),to_date('20/04/03','RR/MM/DD'),'0',0,null,1);
Insert into DB_SAWEE.MEMBER (M_NO,M_ID,M_PW,M_NAME,M_BIRTH,M_NICK,M_GENDER,M_POINT,M_PHONE,M_EMAIL,M_POST,M_ADDR1,M_ADDR2,R_NO,M_RE_SMS,M_RE_NOTICE,M_RE_MESSAGE,M_INFO,M_SELF,M_INDATE,M_OUTDATE,M_OUT,M_REPORT_NUM,M_EXTRA,F_NO) values (3,'tester3','3333','member3',19891008,'member_nick3','f',10030,'01011111113','tester3@gmail.com',0,'test','test3',1,'n','n','n','n','자기소개',to_date('20/03/19','RR/MM/DD'),null,'1',0,null,1);
Insert into DB_SAWEE.MEMBER (M_NO,M_ID,M_PW,M_NAME,M_BIRTH,M_NICK,M_GENDER,M_POINT,M_PHONE,M_EMAIL,M_POST,M_ADDR1,M_ADDR2,R_NO,M_RE_SMS,M_RE_NOTICE,M_RE_MESSAGE,M_INFO,M_SELF,M_INDATE,M_OUTDATE,M_OUT,M_REPORT_NUM,M_EXTRA,F_NO) values (1,'tester1','test1111','member1',19970203,'member_nick1','f',0,'01011111110','tester1@gmail.com',0,'test','test2',2,'y','y','n','n','update',to_date('20/03/19','RR/MM/DD'),to_date('20/04/03','RR/MM/DD'),'1',0,null,1);
Insert into DB_SAWEE.MEMBER (M_NO,M_ID,M_PW,M_NAME,M_BIRTH,M_NICK,M_GENDER,M_POINT,M_PHONE,M_EMAIL,M_POST,M_ADDR1,M_ADDR2,R_NO,M_RE_SMS,M_RE_NOTICE,M_RE_MESSAGE,M_INFO,M_SELF,M_INDATE,M_OUTDATE,M_OUT,M_REPORT_NUM,M_EXTRA,F_NO) values (4,'tester4','4444','member4',20040803,'member_nick4','f',50000,'01011111114','tester4@gmail.com',0,'test','test4',1,'n','n','n','n','자기소개',to_date('20/03/19','RR/MM/DD'),null,'1',0,null,1);
Insert into DB_SAWEE.MEMBER (M_NO,M_ID,M_PW,M_NAME,M_BIRTH,M_NICK,M_GENDER,M_POINT,M_PHONE,M_EMAIL,M_POST,M_ADDR1,M_ADDR2,R_NO,M_RE_SMS,M_RE_NOTICE,M_RE_MESSAGE,M_INFO,M_SELF,M_INDATE,M_OUTDATE,M_OUT,M_REPORT_NUM,M_EXTRA,F_NO) values (5,'tester5','5555','member5',19990712,'member_nick5','f',0,'01011111115','tester5@gmail.com',0,'test','test5',4,'n','n','n','n','자기소개',to_date('20/03/19','RR/MM/DD'),to_date('20/04/06','RR/MM/DD'),'0',0,'~~~!!!',1);
Insert into DB_SAWEE.MEMBER (M_NO,M_ID,M_PW,M_NAME,M_BIRTH,M_NICK,M_GENDER,M_POINT,M_PHONE,M_EMAIL,M_POST,M_ADDR1,M_ADDR2,R_NO,M_RE_SMS,M_RE_NOTICE,M_RE_MESSAGE,M_INFO,M_SELF,M_INDATE,M_OUTDATE,M_OUT,M_REPORT_NUM,M_EXTRA,F_NO) values (6,'tester6','6666','member6',19901101,'member_nick6','m',0,'01011111116','tester6@gmail.com',0,'test','test6',3,'n','n','n','n','자기소개33',to_date('20/03/19','RR/MM/DD'),null,'1',0,null,1);
Insert into DB_SAWEE.MEMBER (M_NO,M_ID,M_PW,M_NAME,M_BIRTH,M_NICK,M_GENDER,M_POINT,M_PHONE,M_EMAIL,M_POST,M_ADDR1,M_ADDR2,R_NO,M_RE_SMS,M_RE_NOTICE,M_RE_MESSAGE,M_INFO,M_SELF,M_INDATE,M_OUTDATE,M_OUT,M_REPORT_NUM,M_EXTRA,F_NO) values (7,'tester7','7777','member7',19860243,'member_nick7','m',0,'01011111117','tester7@gmail.com',0,'test','test7',3,'n','n','n','n','자기소개',to_date('20/03/19','RR/MM/DD'),null,'1',0,null,1);
Insert into DB_SAWEE.MEMBER (M_NO,M_ID,M_PW,M_NAME,M_BIRTH,M_NICK,M_GENDER,M_POINT,M_PHONE,M_EMAIL,M_POST,M_ADDR1,M_ADDR2,R_NO,M_RE_SMS,M_RE_NOTICE,M_RE_MESSAGE,M_INFO,M_SELF,M_INDATE,M_OUTDATE,M_OUT,M_REPORT_NUM,M_EXTRA,F_NO) values (8,'tester8','8888','member8',19890801,'member_nick8','m',0,'01011111118','tester8@gmail.com',0,'test','test8',4,'n','n','n','n','자기소개',to_date('20/03/19','RR/MM/DD'),null,'1',0,null,1);
Insert into DB_SAWEE.MEMBER (M_NO,M_ID,M_PW,M_NAME,M_BIRTH,M_NICK,M_GENDER,M_POINT,M_PHONE,M_EMAIL,M_POST,M_ADDR1,M_ADDR2,R_NO,M_RE_SMS,M_RE_NOTICE,M_RE_MESSAGE,M_INFO,M_SELF,M_INDATE,M_OUTDATE,M_OUT,M_REPORT_NUM,M_EXTRA,F_NO) values (9,'tester9','9999','member9',19951208,'member_nick9','m',10,'01011111119','tester9@gmail.com',0,'test','test9',4,'n','n','n','n','자기소개',to_date('20/03/19','RR/MM/DD'),to_date('20/04/03','RR/MM/DD'),'1',0,null,1);
Insert into DB_SAWEE.MEMBER (M_NO,M_ID,M_PW,M_NAME,M_BIRTH,M_NICK,M_GENDER,M_POINT,M_PHONE,M_EMAIL,M_POST,M_ADDR1,M_ADDR2,R_NO,M_RE_SMS,M_RE_NOTICE,M_RE_MESSAGE,M_INFO,M_SELF,M_INDATE,M_OUTDATE,M_OUT,M_REPORT_NUM,M_EXTRA,F_NO) values (10,'tester10','11111','member10',19900322,'member_nick10','f',0,'01011111120','tester10@gmail.com',0,'test','test10',4,'n','n','n','n','자기소개',to_date('20/03/19','RR/MM/DD'),null,'1',8,null,1);
Insert into DB_SAWEE.MEMBER (M_NO,M_ID,M_PW,M_NAME,M_BIRTH,M_NICK,M_GENDER,M_POINT,M_PHONE,M_EMAIL,M_POST,M_ADDR1,M_ADDR2,R_NO,M_RE_SMS,M_RE_NOTICE,M_RE_MESSAGE,M_INFO,M_SELF,M_INDATE,M_OUTDATE,M_OUT,M_REPORT_NUM,M_EXTRA,F_NO) values (11,'tester11','22222','member11',19940306,'member_nick11','f',95,'01011111121','tester11@gmail.com',0,'test','test11',4,'n','n','n','n','자기소개',to_date('20/03/19','RR/MM/DD'),null,'1',0,null,1);
Insert into DB_SAWEE.MEMBER (M_NO,M_ID,M_PW,M_NAME,M_BIRTH,M_NICK,M_GENDER,M_POINT,M_PHONE,M_EMAIL,M_POST,M_ADDR1,M_ADDR2,R_NO,M_RE_SMS,M_RE_NOTICE,M_RE_MESSAGE,M_INFO,M_SELF,M_INDATE,M_OUTDATE,M_OUT,M_REPORT_NUM,M_EXTRA,F_NO) values (12,'tester12','33333','member12',20000202,'member_nick122','f',0,'01011111122','tester12@gmail.com',0,'test','test12',4,'n','n','n','n','자기소개33',to_date('20/03/19','RR/MM/DD'),null,'1',0,'비고비고비고',1);
Insert into DB_SAWEE.MEMBER (M_NO,M_ID,M_PW,M_NAME,M_BIRTH,M_NICK,M_GENDER,M_POINT,M_PHONE,M_EMAIL,M_POST,M_ADDR1,M_ADDR2,R_NO,M_RE_SMS,M_RE_NOTICE,M_RE_MESSAGE,M_INFO,M_SELF,M_INDATE,M_OUTDATE,M_OUT,M_REPORT_NUM,M_EXTRA,F_NO) values (13,'tester13','44444','member13',19910623,'집에가고싶다','f',0,'01011111123','tester13@gmail.com',0,'test','test13',3,'n','n','n','n','자기소개',to_date('20/03/19','RR/MM/DD'),to_date('20/04/03','RR/MM/DD'),'1',0,null,1);
Insert into DB_SAWEE.MEMBER (M_NO,M_ID,M_PW,M_NAME,M_BIRTH,M_NICK,M_GENDER,M_POINT,M_PHONE,M_EMAIL,M_POST,M_ADDR1,M_ADDR2,R_NO,M_RE_SMS,M_RE_NOTICE,M_RE_MESSAGE,M_INFO,M_SELF,M_INDATE,M_OUTDATE,M_OUT,M_REPORT_NUM,M_EXTRA,F_NO) values (14,'tester14','55555','member14',19980222,'nick','f',0,'01011111124','tester14@gmail.com',0,'test','test14',3,'n','n','n','n','qqqqqqqqqqq',to_date('20/03/19','RR/MM/DD'),null,'1',2,'qqqqqqq',1);
Insert into DB_SAWEE.MEMBER (M_NO,M_ID,M_PW,M_NAME,M_BIRTH,M_NICK,M_GENDER,M_POINT,M_PHONE,M_EMAIL,M_POST,M_ADDR1,M_ADDR2,R_NO,M_RE_SMS,M_RE_NOTICE,M_RE_MESSAGE,M_INFO,M_SELF,M_INDATE,M_OUTDATE,M_OUT,M_REPORT_NUM,M_EXTRA,F_NO) values (0,'admin','4321','admin',19940615,'admin_nick','f',60,'01012341234','admin@gmail.com',0,'add',null,0,'n','n','n','n',null,to_date('20/03/19','RR/MM/DD'),to_date('20/04/03','RR/MM/DD'),'1',0,null,null);
Insert into DB_SAWEE.MEMBER (M_NO,M_ID,M_PW,M_NAME,M_BIRTH,M_NICK,M_GENDER,M_POINT,M_PHONE,M_EMAIL,M_POST,M_ADDR1,M_ADDR2,R_NO,M_RE_SMS,M_RE_NOTICE,M_RE_MESSAGE,M_INFO,M_SELF,M_INDATE,M_OUTDATE,M_OUT,M_REPORT_NUM,M_EXTRA,F_NO) values (21,'test','test','t',0,'test','f',0,'01011112222','test@test.te',48060,'부산 해운대구 APEC로 55','test',3,'n','n','y','y','test',to_date('20/03/27','RR/MM/DD'),to_date('20/04/09','RR/MM/DD'),'0',0,'0',1);
Insert into DB_SAWEE.MEMBER (M_NO,M_ID,M_PW,M_NAME,M_BIRTH,M_NICK,M_GENDER,M_POINT,M_PHONE,M_EMAIL,M_POST,M_ADDR1,M_ADDR2,R_NO,M_RE_SMS,M_RE_NOTICE,M_RE_MESSAGE,M_INFO,M_SELF,M_INDATE,M_OUTDATE,M_OUT,M_REPORT_NUM,M_EXTRA,F_NO) values (41,'test2','test2222','테스터',19940615,'우편번호테스트','f',0,'01011110000','test2@gmail.com',4108,'서울 마포구 백범로 23','지하1층 비트캠프',3,'n','n','n','n','우편번호 테스트',to_date('20/04/02','RR/MM/DD'),null,'0',0,'0',1);
Insert into DB_SAWEE.MEMBER (M_NO,M_ID,M_PW,M_NAME,M_BIRTH,M_NICK,M_GENDER,M_POINT,M_PHONE,M_EMAIL,M_POST,M_ADDR1,M_ADDR2,R_NO,M_RE_SMS,M_RE_NOTICE,M_RE_MESSAGE,M_INFO,M_SELF,M_INDATE,M_OUTDATE,M_OUT,M_REPORT_NUM,M_EXTRA,F_NO) values (43,'test3','test3333','테스터',19940615,'비밀번호암호화,0','f',0,'01011113333','test3@xxxx.com',0,'서울 마포구 백범로 3','102',3,'y','n','y','n','test',to_date('20/04/02','RR/MM/DD'),to_date('20/04/03','RR/MM/DD'),'1',0,'0',1);
Insert into DB_SAWEE.MEMBER (M_NO,M_ID,M_PW,M_NAME,M_BIRTH,M_NICK,M_GENDER,M_POINT,M_PHONE,M_EMAIL,M_POST,M_ADDR1,M_ADDR2,R_NO,M_RE_SMS,M_RE_NOTICE,M_RE_MESSAGE,M_INFO,M_SELF,M_INDATE,M_OUTDATE,M_OUT,M_REPORT_NUM,M_EXTRA,F_NO) values (44,'test4','test4444','테스트',19940615,'암호화머지후확인예','f',10,'01011111111','형식x',6267,'서울 강남구 남부순환로 2609','1',3,'n','n','y','n','t',to_date('20/04/02','RR/MM/DD'),to_date('20/04/03','RR/MM/DD'),'1',0,'0',1);
Insert into DB_SAWEE.MEMBER (M_NO,M_ID,M_PW,M_NAME,M_BIRTH,M_NICK,M_GENDER,M_POINT,M_PHONE,M_EMAIL,M_POST,M_ADDR1,M_ADDR2,R_NO,M_RE_SMS,M_RE_NOTICE,M_RE_MESSAGE,M_INFO,M_SELF,M_INDATE,M_OUTDATE,M_OUT,M_REPORT_NUM,M_EXTRA,F_NO) values (61,'test5','$2a$10$ueLnQQmJDZltNLAjOHN6E.XpogFkQdv1Th7xwczaFxzedw.VJwFg6','test',19940615,'nick5','f',0,'01011112222','dfds@ldd.com',5237,'서울 강동구 아리수로 46','dsd',3,'n','n','n','n','d',to_date('20/04/07','RR/MM/DD'),null,'1',0,'0020202',1);
Insert into DB_SAWEE.MEMBER (M_NO,M_ID,M_PW,M_NAME,M_BIRTH,M_NICK,M_GENDER,M_POINT,M_PHONE,M_EMAIL,M_POST,M_ADDR1,M_ADDR2,R_NO,M_RE_SMS,M_RE_NOTICE,M_RE_MESSAGE,M_INFO,M_SELF,M_INDATE,M_OUTDATE,M_OUT,M_REPORT_NUM,M_EXTRA,F_NO) values (62,'test6','$2a$10$ZcRjm0mb4.AkzteWsLqFju0xssv5/FzOFu9DQBKhhpkzD0e/ovKgi','asd',19940615,'nick','f',0,'01022221111','121@sd.sds',6267,'서울 강남구 남부순환로 2609','dsad',3,'y','y','y','n','r',to_date('20/04/08','RR/MM/DD'),null,'1',0,'0',1);
Insert into DB_SAWEE.MEMBER (M_NO,M_ID,M_PW,M_NAME,M_BIRTH,M_NICK,M_GENDER,M_POINT,M_PHONE,M_EMAIL,M_POST,M_ADDR1,M_ADDR2,R_NO,M_RE_SMS,M_RE_NOTICE,M_RE_MESSAGE,M_INFO,M_SELF,M_INDATE,M_OUTDATE,M_OUT,M_REPORT_NUM,M_EXTRA,F_NO) values (63,'test1','test1111','test',19940615,'testest','f',0,'01022211111','sds@na.ci',48060,'부산 해운대구 APEC로 55','385',3,'n','n','y','n','hi',to_date('20/04/08','RR/MM/DD'),to_date('20/04/08','RR/MM/DD'),'0',0,'0',1);
REM INSERTING into DB_SAWEE.NOTE
SET DEFINE OFF;
Insert into DB_SAWEE.NOTE (N_NO,M_NO,M_NO2,N_TITLE,N_CONTENT,N_WRITTEN_DATE,N_CHECK) values (1,1,2,'쪽지 제목 디비 테스트','쪽지 내용 디비 테스트',to_date('20/04/09','RR/MM/DD'),1);
Insert into DB_SAWEE.NOTE (N_NO,M_NO,M_NO2,N_TITLE,N_CONTENT,N_WRITTEN_DATE,N_CHECK) values (2,1,3,'쪽지 제목 디비 테스트 1-3','쪽지 내용 디비 테스트 1-3',to_date('20/04/09','RR/MM/DD'),1);
Insert into DB_SAWEE.NOTE (N_NO,M_NO,M_NO2,N_TITLE,N_CONTENT,N_WRITTEN_DATE,N_CHECK) values (3,2,3,'쪽지 제목 디비 테스트 2-3','쪽지 내용 디비 테스트 2-3',to_date('20/04/09','RR/MM/DD'),1);
Insert into DB_SAWEE.NOTE (N_NO,M_NO,M_NO2,N_TITLE,N_CONTENT,N_WRITTEN_DATE,N_CHECK) values (4,2,1,'쪽지 제목 디비 테스트 2-1','쪽지 내용 디비 테스트 2-1',to_date('20/04/09','RR/MM/DD'),1);
Insert into DB_SAWEE.NOTE (N_NO,M_NO,M_NO2,N_TITLE,N_CONTENT,N_WRITTEN_DATE,N_CHECK) values (5,2,3,'쪽지 제목 디비 테스트 2-3','쪽지 내용 디비 테스트 2-3',to_date('20/04/09','RR/MM/DD'),1);
Insert into DB_SAWEE.NOTE (N_NO,M_NO,M_NO2,N_TITLE,N_CONTENT,N_WRITTEN_DATE,N_CHECK) values (6,1,3,'쪽지 제목 디비 테스트 1-3','쪽지 내용 디비 테스트 1-3',to_date('20/04/09','RR/MM/DD'),1);
Insert into DB_SAWEE.NOTE (N_NO,M_NO,M_NO2,N_TITLE,N_CONTENT,N_WRITTEN_DATE,N_CHECK) values (7,1,2,'쪽지 제목 디비 테스트','쪽지 내용 디비 테스트',to_date('20/04/09','RR/MM/DD'),1);
Insert into DB_SAWEE.NOTE (N_NO,M_NO,M_NO2,N_TITLE,N_CONTENT,N_WRITTEN_DATE,N_CHECK) values (8,2,1,'쪽지 제목 디비 테스트 2-1','쪽지 내용 디비 테스트 2-1',to_date('20/04/09','RR/MM/DD'),1);
Insert into DB_SAWEE.NOTE (N_NO,M_NO,M_NO2,N_TITLE,N_CONTENT,N_WRITTEN_DATE,N_CHECK) values (9,2,3,'쪽지 제목 디비 테스트 2-3','쪽지 내용 디비 테스트 2-3',to_date('20/04/09','RR/MM/DD'),1);
Insert into DB_SAWEE.NOTE (N_NO,M_NO,M_NO2,N_TITLE,N_CONTENT,N_WRITTEN_DATE,N_CHECK) values (10,2,3,'쪽지 제목 디비 테스트 2-3','쪽지 내용 디비 테스트 2-3',to_date('20/04/09','RR/MM/DD'),1);
Insert into DB_SAWEE.NOTE (N_NO,M_NO,M_NO2,N_TITLE,N_CONTENT,N_WRITTEN_DATE,N_CHECK) values (11,1,2,'쪽지 제목 디비 테스트','쪽지 내용 디비 테스트',to_date('20/04/09','RR/MM/DD'),1);
Insert into DB_SAWEE.NOTE (N_NO,M_NO,M_NO2,N_TITLE,N_CONTENT,N_WRITTEN_DATE,N_CHECK) values (12,1,2,'쪽지 제목 디비 테스트','쪽지 내용 디비 테스트',to_date('20/04/09','RR/MM/DD'),1);
Insert into DB_SAWEE.NOTE (N_NO,M_NO,M_NO2,N_TITLE,N_CONTENT,N_WRITTEN_DATE,N_CHECK) values (13,1,2,'쪽지 제목 디비 테스트','쪽지 내용 디비 테스트',to_date('20/04/09','RR/MM/DD'),1);
Insert into DB_SAWEE.NOTE (N_NO,M_NO,M_NO2,N_TITLE,N_CONTENT,N_WRITTEN_DATE,N_CHECK) values (14,1,2,'쪽지 제목 디비 테스트','쪽지 내용 디비 테스트',to_date('20/04/09','RR/MM/DD'),1);
Insert into DB_SAWEE.NOTE (N_NO,M_NO,M_NO2,N_TITLE,N_CONTENT,N_WRITTEN_DATE,N_CHECK) values (15,1,2,'쪽지 제목 디비 테스트','쪽지 내용 디비 테스트',to_date('20/04/09','RR/MM/DD'),1);
Insert into DB_SAWEE.NOTE (N_NO,M_NO,M_NO2,N_TITLE,N_CONTENT,N_WRITTEN_DATE,N_CHECK) values (16,1,2,'쪽지 제목 디비 테스트','쪽지 내용 디비 테스트',to_date('20/04/09','RR/MM/DD'),1);
Insert into DB_SAWEE.NOTE (N_NO,M_NO,M_NO2,N_TITLE,N_CONTENT,N_WRITTEN_DATE,N_CHECK) values (17,1,2,'쪽지 제목 디비 테스트','쪽지 내용 디비 테스트',to_date('20/04/09','RR/MM/DD'),1);
Insert into DB_SAWEE.NOTE (N_NO,M_NO,M_NO2,N_TITLE,N_CONTENT,N_WRITTEN_DATE,N_CHECK) values (18,1,2,'쪽지 제목 디비 테스트','쪽지 내용 디비 테스트',to_date('20/04/09','RR/MM/DD'),1);
Insert into DB_SAWEE.NOTE (N_NO,M_NO,M_NO2,N_TITLE,N_CONTENT,N_WRITTEN_DATE,N_CHECK) values (19,1,2,'쪽지 제목 디비 테스트','쪽지 내용 디비 테스트',to_date('20/04/09','RR/MM/DD'),1);
Insert into DB_SAWEE.NOTE (N_NO,M_NO,M_NO2,N_TITLE,N_CONTENT,N_WRITTEN_DATE,N_CHECK) values (20,3,1,'쪽지 제목 디비 테스트 2-1','쪽지 내용 디비 테스트 하이 <br/><br/><br/><br/><br/><br/><br/><br/>하이 <br/><br/><br/>',to_date('20/04/09','RR/MM/DD'),1);
Insert into DB_SAWEE.NOTE (N_NO,M_NO,M_NO2,N_TITLE,N_CONTENT,N_WRITTEN_DATE,N_CHECK) values (21,1,2,'쪽지 제목 디비 테스트','쪽지 내용 디비 테스트',to_date('20/04/09','RR/MM/DD'),1);
Insert into DB_SAWEE.NOTE (N_NO,M_NO,M_NO2,N_TITLE,N_CONTENT,N_WRITTEN_DATE,N_CHECK) values (22,1,3,'쪽지 제목 디비 테스트 1-3','쪽지 내용 디비 테스트 1-3',to_date('20/04/09','RR/MM/DD'),1);
Insert into DB_SAWEE.NOTE (N_NO,M_NO,M_NO2,N_TITLE,N_CONTENT,N_WRITTEN_DATE,N_CHECK) values (23,2,3,'쪽지 제목 디비 테스트 2-3','쪽지 내용 디비 테스트 2-3',to_date('20/04/09','RR/MM/DD'),1);
Insert into DB_SAWEE.NOTE (N_NO,M_NO,M_NO2,N_TITLE,N_CONTENT,N_WRITTEN_DATE,N_CHECK) values (24,3,1,'쪽지 제목 디비 테스트 2-1','쪽지 내용 디비 테스트 2-1',to_date('20/04/09','RR/MM/DD'),1);
REM INSERTING into DB_SAWEE.PAYMENT
SET DEFINE OFF;
REM INSERTING into DB_SAWEE.RANK
SET DEFINE OFF;
Insert into DB_SAWEE.RANK (R_NO,R_NAME) values (0,'관리자');
Insert into DB_SAWEE.RANK (R_NO,R_NAME) values (1,'보드대마왕');
Insert into DB_SAWEE.RANK (R_NO,R_NAME) values (2,'보드마스터');
Insert into DB_SAWEE.RANK (R_NO,R_NAME) values (3,'보드게이머');
Insert into DB_SAWEE.RANK (R_NO,R_NAME) values (4,'표류자');
REM INSERTING into DB_SAWEE.REPORT
SET DEFINE OFF;
Insert into DB_SAWEE.REPORT (R_NO,M_NO,R_TYPE,R_TYPE_NO,R_CONTENT,R_REPORT_DATE) values (1,1,'회원',2,'신고합니다신고합니다신고합니다신고합니다신고합니다신고합니다신고합니다신고합니다신고합니다신고합니다',to_date('20/03/23','RR/MM/DD'));
Insert into DB_SAWEE.REPORT (R_NO,M_NO,R_TYPE,R_TYPE_NO,R_CONTENT,R_REPORT_DATE) values (2,2,'게시글',3,'신고합니다',to_date('20/03/23','RR/MM/DD'));
Insert into DB_SAWEE.REPORT (R_NO,M_NO,R_TYPE,R_TYPE_NO,R_CONTENT,R_REPORT_DATE) values (3,2,'댓글',1,'신고합니다',to_date('20/03/23','RR/MM/DD'));
Insert into DB_SAWEE.REPORT (R_NO,M_NO,R_TYPE,R_TYPE_NO,R_CONTENT,R_REPORT_DATE) values (5,1,'회원',8,'욕설',to_date('20/03/26','RR/MM/DD'));
Insert into DB_SAWEE.REPORT (R_NO,M_NO,R_TYPE,R_TYPE_NO,R_CONTENT,R_REPORT_DATE) values (7,1,'회원',2,'욕설',to_date('20/03/27','RR/MM/DD'));
Insert into DB_SAWEE.REPORT (R_NO,M_NO,R_TYPE,R_TYPE_NO,R_CONTENT,R_REPORT_DATE) values (8,1,'중고거래',2,'욕설',to_date('20/03/27','RR/MM/DD'));
Insert into DB_SAWEE.REPORT (R_NO,M_NO,R_TYPE,R_TYPE_NO,R_CONTENT,R_REPORT_DATE) values (4,1,'회원',11,'욕설',to_date('20/03/26','RR/MM/DD'));
Insert into DB_SAWEE.REPORT (R_NO,M_NO,R_TYPE,R_TYPE_NO,R_CONTENT,R_REPORT_DATE) values (9,1,'회원',2,'욕설',to_date('20/03/27','RR/MM/DD'));
Insert into DB_SAWEE.REPORT (R_NO,M_NO,R_TYPE,R_TYPE_NO,R_CONTENT,R_REPORT_DATE) values (10,1,'회원',2,'욕설',to_date('20/03/27','RR/MM/DD'));
Insert into DB_SAWEE.REPORT (R_NO,M_NO,R_TYPE,R_TYPE_NO,R_CONTENT,R_REPORT_DATE) values (11,1,'회원',2,'욕설',to_date('20/03/27','RR/MM/DD'));
Insert into DB_SAWEE.REPORT (R_NO,M_NO,R_TYPE,R_TYPE_NO,R_CONTENT,R_REPORT_DATE) values (12,1,'카페리뷰',2,'욕설',to_date('20/03/27','RR/MM/DD'));
Insert into DB_SAWEE.REPORT (R_NO,M_NO,R_TYPE,R_TYPE_NO,R_CONTENT,R_REPORT_DATE) values (13,1,'회원',2,'욕설',to_date('20/03/27','RR/MM/DD'));
Insert into DB_SAWEE.REPORT (R_NO,M_NO,R_TYPE,R_TYPE_NO,R_CONTENT,R_REPORT_DATE) values (14,1,'회원',2,'욕설',to_date('20/03/27','RR/MM/DD'));
Insert into DB_SAWEE.REPORT (R_NO,M_NO,R_TYPE,R_TYPE_NO,R_CONTENT,R_REPORT_DATE) values (15,1,'회원',2,'욕설',to_date('20/03/27','RR/MM/DD'));
Insert into DB_SAWEE.REPORT (R_NO,M_NO,R_TYPE,R_TYPE_NO,R_CONTENT,R_REPORT_DATE) values (16,1,'회원',2,'욕설',to_date('20/03/27','RR/MM/DD'));
Insert into DB_SAWEE.REPORT (R_NO,M_NO,R_TYPE,R_TYPE_NO,R_CONTENT,R_REPORT_DATE) values (17,1,'게시글',2,'욕설',to_date('20/03/27','RR/MM/DD'));
Insert into DB_SAWEE.REPORT (R_NO,M_NO,R_TYPE,R_TYPE_NO,R_CONTENT,R_REPORT_DATE) values (23,5,'게시글',42,'ㅅㄱ',to_date('20/03/30','RR/MM/DD'));
Insert into DB_SAWEE.REPORT (R_NO,M_NO,R_TYPE,R_TYPE_NO,R_CONTENT,R_REPORT_DATE) values (24,5,'게시글',42,'너 신고!!!',to_date('20/03/30','RR/MM/DD'));
Insert into DB_SAWEE.REPORT (R_NO,M_NO,R_TYPE,R_TYPE_NO,R_CONTENT,R_REPORT_DATE) values (25,5,'게시글',42,'하ㅏ하핳하하하ㅏㅎ',to_date('20/03/30','RR/MM/DD'));
Insert into DB_SAWEE.REPORT (R_NO,M_NO,R_TYPE,R_TYPE_NO,R_CONTENT,R_REPORT_DATE) values (26,5,'게시글',42,'ㅎㅇ',to_date('20/03/30','RR/MM/DD'));
Insert into DB_SAWEE.REPORT (R_NO,M_NO,R_TYPE,R_TYPE_NO,R_CONTENT,R_REPORT_DATE) values (28,5,'회원',10,'너 신고!!!!',to_date('20/03/30','RR/MM/DD'));
Insert into DB_SAWEE.REPORT (R_NO,M_NO,R_TYPE,R_TYPE_NO,R_CONTENT,R_REPORT_DATE) values (29,5,'댓글',1,'맘에 안들어..',to_date('20/03/30','RR/MM/DD'));
Insert into DB_SAWEE.REPORT (R_NO,M_NO,R_TYPE,R_TYPE_NO,R_CONTENT,R_REPORT_DATE) values (30,5,'회원',10,'너 신고',to_date('20/03/30','RR/MM/DD'));
Insert into DB_SAWEE.REPORT (R_NO,M_NO,R_TYPE,R_TYPE_NO,R_CONTENT,R_REPORT_DATE) values (31,5,'회원',10,'너 신고할꺼야ㅎ',to_date('20/03/30','RR/MM/DD'));
Insert into DB_SAWEE.REPORT (R_NO,M_NO,R_TYPE,R_TYPE_NO,R_CONTENT,R_REPORT_DATE) values (32,5,'회원',10,'너 신고할꺼야ㅎ',to_date('20/03/30','RR/MM/DD'));
Insert into DB_SAWEE.REPORT (R_NO,M_NO,R_TYPE,R_TYPE_NO,R_CONTENT,R_REPORT_DATE) values (33,5,'댓글',1,'이 댓글 신고할꺼얌!',to_date('20/03/30','RR/MM/DD'));
Insert into DB_SAWEE.REPORT (R_NO,M_NO,R_TYPE,R_TYPE_NO,R_CONTENT,R_REPORT_DATE) values (34,5,'게시글',42,'화이팅',to_date('20/03/30','RR/MM/DD'));
Insert into DB_SAWEE.REPORT (R_NO,M_NO,R_TYPE,R_TYPE_NO,R_CONTENT,R_REPORT_DATE) values (35,5,'게시글',36,'신고할꺼양!!!',to_date('20/03/30','RR/MM/DD'));
Insert into DB_SAWEE.REPORT (R_NO,M_NO,R_TYPE,R_TYPE_NO,R_CONTENT,R_REPORT_DATE) values (36,0,'게시글',1,'이 글 맘에 안들어!!!',to_date('20/03/31','RR/MM/DD'));
Insert into DB_SAWEE.REPORT (R_NO,M_NO,R_TYPE,R_TYPE_NO,R_CONTENT,R_REPORT_DATE) values (37,3,'회원',1,'나도 너 신고할꺼임!!',to_date('20/03/31','RR/MM/DD'));
Insert into DB_SAWEE.REPORT (R_NO,M_NO,R_TYPE,R_TYPE_NO,R_CONTENT,R_REPORT_DATE) values (43,0,'게시글',8,'신고',to_date('20/04/01','RR/MM/DD'));
Insert into DB_SAWEE.REPORT (R_NO,M_NO,R_TYPE,R_TYPE_NO,R_CONTENT,R_REPORT_DATE) values (44,0,'게시글',8,'신고',to_date('20/04/01','RR/MM/DD'));
Insert into DB_SAWEE.REPORT (R_NO,M_NO,R_TYPE,R_TYPE_NO,R_CONTENT,R_REPORT_DATE) values (45,0,'회원',5,'신고',to_date('20/04/01','RR/MM/DD'));
Insert into DB_SAWEE.REPORT (R_NO,M_NO,R_TYPE,R_TYPE_NO,R_CONTENT,R_REPORT_DATE) values (46,0,'회원',5,'신고',to_date('20/04/01','RR/MM/DD'));
Insert into DB_SAWEE.REPORT (R_NO,M_NO,R_TYPE,R_TYPE_NO,R_CONTENT,R_REPORT_DATE) values (47,0,'회원',5,'신고',to_date('20/04/01','RR/MM/DD'));
Insert into DB_SAWEE.REPORT (R_NO,M_NO,R_TYPE,R_TYPE_NO,R_CONTENT,R_REPORT_DATE) values (48,0,'회원',5,'신고합니다',to_date('20/04/01','RR/MM/DD'));
Insert into DB_SAWEE.REPORT (R_NO,M_NO,R_TYPE,R_TYPE_NO,R_CONTENT,R_REPORT_DATE) values (49,0,'회원',5,'신고합니다',to_date('20/04/01','RR/MM/DD'));
Insert into DB_SAWEE.REPORT (R_NO,M_NO,R_TYPE,R_TYPE_NO,R_CONTENT,R_REPORT_DATE) values (50,0,'회원',5,'신고합니다',to_date('20/04/01','RR/MM/DD'));
Insert into DB_SAWEE.REPORT (R_NO,M_NO,R_TYPE,R_TYPE_NO,R_CONTENT,R_REPORT_DATE) values (51,0,'회원',5,'신고합니당',to_date('20/04/01','RR/MM/DD'));
Insert into DB_SAWEE.REPORT (R_NO,M_NO,R_TYPE,R_TYPE_NO,R_CONTENT,R_REPORT_DATE) values (52,0,'댓글',9,'신고합니당당당',to_date('20/04/01','RR/MM/DD'));
Insert into DB_SAWEE.REPORT (R_NO,M_NO,R_TYPE,R_TYPE_NO,R_CONTENT,R_REPORT_DATE) values (53,0,'회원',5,'신고합니닷',to_date('20/04/01','RR/MM/DD'));
Insert into DB_SAWEE.REPORT (R_NO,M_NO,R_TYPE,R_TYPE_NO,R_CONTENT,R_REPORT_DATE) values (54,0,'게시글',1,'신고',to_date('20/04/02','RR/MM/DD'));
Insert into DB_SAWEE.REPORT (R_NO,M_NO,R_TYPE,R_TYPE_NO,R_CONTENT,R_REPORT_DATE) values (55,0,'게시글',1,'너 신고',to_date('20/04/02','RR/MM/DD'));
Insert into DB_SAWEE.REPORT (R_NO,M_NO,R_TYPE,R_TYPE_NO,R_CONTENT,R_REPORT_DATE) values (56,0,'게시글',1,'신고',to_date('20/04/02','RR/MM/DD'));
Insert into DB_SAWEE.REPORT (R_NO,M_NO,R_TYPE,R_TYPE_NO,R_CONTENT,R_REPORT_DATE) values (57,0,'회원',1,'신고',to_date('20/04/02','RR/MM/DD'));
Insert into DB_SAWEE.REPORT (R_NO,M_NO,R_TYPE,R_TYPE_NO,R_CONTENT,R_REPORT_DATE) values (58,0,'게시글',64,'신고할께엽',to_date('20/04/03','RR/MM/DD'));
Insert into DB_SAWEE.REPORT (R_NO,M_NO,R_TYPE,R_TYPE_NO,R_CONTENT,R_REPORT_DATE) values (59,0,'댓글',24,'신고합니닷닷',to_date('20/04/03','RR/MM/DD'));
Insert into DB_SAWEE.REPORT (R_NO,M_NO,R_TYPE,R_TYPE_NO,R_CONTENT,R_REPORT_DATE) values (60,0,'게시글',1,'신고',to_date('20/04/04','RR/MM/DD'));
Insert into DB_SAWEE.REPORT (R_NO,M_NO,R_TYPE,R_TYPE_NO,R_CONTENT,R_REPORT_DATE) values (61,0,'회원',5,'신고',to_date('20/04/04','RR/MM/DD'));
Insert into DB_SAWEE.REPORT (R_NO,M_NO,R_TYPE,R_TYPE_NO,R_CONTENT,R_REPORT_DATE) values (62,0,'댓글',27,'신고',to_date('20/04/04','RR/MM/DD'));
Insert into DB_SAWEE.REPORT (R_NO,M_NO,R_TYPE,R_TYPE_NO,R_CONTENT,R_REPORT_DATE) values (63,0,'중고거래',2,'보부상에서 신고합니다',to_date('20/04/04','RR/MM/DD'));
Insert into DB_SAWEE.REPORT (R_NO,M_NO,R_TYPE,R_TYPE_NO,R_CONTENT,R_REPORT_DATE) values (64,0,'댓글',31,'신고',to_date('20/04/04','RR/MM/DD'));
Insert into DB_SAWEE.REPORT (R_NO,M_NO,R_TYPE,R_TYPE_NO,R_CONTENT,R_REPORT_DATE) values (65,0,'회원',5,'신고합니다',to_date('20/04/04','RR/MM/DD'));
Insert into DB_SAWEE.REPORT (R_NO,M_NO,R_TYPE,R_TYPE_NO,R_CONTENT,R_REPORT_DATE) values (83,0,'카페리뷰',2,'신고 되니?',to_date('20/04/06','RR/MM/DD'));
Insert into DB_SAWEE.REPORT (R_NO,M_NO,R_TYPE,R_TYPE_NO,R_CONTENT,R_REPORT_DATE) values (84,0,'카페리뷰',2,'신고합니닷!!',to_date('20/04/06','RR/MM/DD'));
Insert into DB_SAWEE.REPORT (R_NO,M_NO,R_TYPE,R_TYPE_NO,R_CONTENT,R_REPORT_DATE) values (85,0,'댓글',51,'신고',to_date('20/04/06','RR/MM/DD'));
Insert into DB_SAWEE.REPORT (R_NO,M_NO,R_TYPE,R_TYPE_NO,R_CONTENT,R_REPORT_DATE) values (86,0,'회원',5,'신고',to_date('20/04/06','RR/MM/DD'));
Insert into DB_SAWEE.REPORT (R_NO,M_NO,R_TYPE,R_TYPE_NO,R_CONTENT,R_REPORT_DATE) values (87,0,'댓글',45,'기분이 나쁩니다',to_date('20/04/06','RR/MM/DD'));
Insert into DB_SAWEE.REPORT (R_NO,M_NO,R_TYPE,R_TYPE_NO,R_CONTENT,R_REPORT_DATE) values (88,0,'게시글',202,'이 글 별로야..',to_date('20/04/06','RR/MM/DD'));
Insert into DB_SAWEE.REPORT (R_NO,M_NO,R_TYPE,R_TYPE_NO,R_CONTENT,R_REPORT_DATE) values (89,0,'게시글',202,'별로별로',to_date('20/04/06','RR/MM/DD'));
Insert into DB_SAWEE.REPORT (R_NO,M_NO,R_TYPE,R_TYPE_NO,R_CONTENT,R_REPORT_DATE) values (90,0,'게시글',202,'신고합니닷!!!',to_date('20/04/06','RR/MM/DD'));
Insert into DB_SAWEE.REPORT (R_NO,M_NO,R_TYPE,R_TYPE_NO,R_CONTENT,R_REPORT_DATE) values (91,10,'회원',10,'신고한다.. 널...',to_date('20/04/06','RR/MM/DD'));
Insert into DB_SAWEE.REPORT (R_NO,M_NO,R_TYPE,R_TYPE_NO,R_CONTENT,R_REPORT_DATE) values (92,0,'댓글',57,'뭐?? 안녕 못한다고!?!?!?!?',to_date('20/04/06','RR/MM/DD'));
Insert into DB_SAWEE.REPORT (R_NO,M_NO,R_TYPE,R_TYPE_NO,R_CONTENT,R_REPORT_DATE) values (93,0,'게시글',202,'신고신고',to_date('20/04/07','RR/MM/DD'));
Insert into DB_SAWEE.REPORT (R_NO,M_NO,R_TYPE,R_TYPE_NO,R_CONTENT,R_REPORT_DATE) values (94,0,'게시글',202,'신고',to_date('20/04/07','RR/MM/DD'));
Insert into DB_SAWEE.REPORT (R_NO,M_NO,R_TYPE,R_TYPE_NO,R_CONTENT,R_REPORT_DATE) values (95,0,'게시글',202,'신고',to_date('20/04/07','RR/MM/DD'));
Insert into DB_SAWEE.REPORT (R_NO,M_NO,R_TYPE,R_TYPE_NO,R_CONTENT,R_REPORT_DATE) values (96,0,'게시글',202,'신고',to_date('20/04/07','RR/MM/DD'));
Insert into DB_SAWEE.REPORT (R_NO,M_NO,R_TYPE,R_TYPE_NO,R_CONTENT,R_REPORT_DATE) values (97,0,'게시글',202,'신고',to_date('20/04/07','RR/MM/DD'));
Insert into DB_SAWEE.REPORT (R_NO,M_NO,R_TYPE,R_TYPE_NO,R_CONTENT,R_REPORT_DATE) values (98,0,'게시글',202,'신고',to_date('20/04/07','RR/MM/DD'));
Insert into DB_SAWEE.REPORT (R_NO,M_NO,R_TYPE,R_TYPE_NO,R_CONTENT,R_REPORT_DATE) values (99,0,'게시글',202,'신고신고',to_date('20/04/07','RR/MM/DD'));
Insert into DB_SAWEE.REPORT (R_NO,M_NO,R_TYPE,R_TYPE_NO,R_CONTENT,R_REPORT_DATE) values (100,0,'게시글',202,'신고',to_date('20/04/07','RR/MM/DD'));
Insert into DB_SAWEE.REPORT (R_NO,M_NO,R_TYPE,R_TYPE_NO,R_CONTENT,R_REPORT_DATE) values (101,10,'회원',10,'신고',to_date('20/04/07','RR/MM/DD'));
Insert into DB_SAWEE.REPORT (R_NO,M_NO,R_TYPE,R_TYPE_NO,R_CONTENT,R_REPORT_DATE) values (102,10,'회원',10,'신고',to_date('20/04/07','RR/MM/DD'));
Insert into DB_SAWEE.REPORT (R_NO,M_NO,R_TYPE,R_TYPE_NO,R_CONTENT,R_REPORT_DATE) values (103,10,'회원',10,'신고',to_date('20/04/07','RR/MM/DD'));
Insert into DB_SAWEE.REPORT (R_NO,M_NO,R_TYPE,R_TYPE_NO,R_CONTENT,R_REPORT_DATE) values (104,10,'회원',10,'신고',to_date('20/04/07','RR/MM/DD'));
Insert into DB_SAWEE.REPORT (R_NO,M_NO,R_TYPE,R_TYPE_NO,R_CONTENT,R_REPORT_DATE) values (105,10,'회원',10,'신고',to_date('20/04/07','RR/MM/DD'));
Insert into DB_SAWEE.REPORT (R_NO,M_NO,R_TYPE,R_TYPE_NO,R_CONTENT,R_REPORT_DATE) values (106,10,'회원',10,'신고',to_date('20/04/07','RR/MM/DD'));
Insert into DB_SAWEE.REPORT (R_NO,M_NO,R_TYPE,R_TYPE_NO,R_CONTENT,R_REPORT_DATE) values (107,10,'회원',10,'신고',to_date('20/04/07','RR/MM/DD'));
Insert into DB_SAWEE.REPORT (R_NO,M_NO,R_TYPE,R_TYPE_NO,R_CONTENT,R_REPORT_DATE) values (108,14,'회원',14,'신고',to_date('20/04/07','RR/MM/DD'));
Insert into DB_SAWEE.REPORT (R_NO,M_NO,R_TYPE,R_TYPE_NO,R_CONTENT,R_REPORT_DATE) values (109,0,'댓글',58,'너 신고',to_date('20/04/07','RR/MM/DD'));
Insert into DB_SAWEE.REPORT (R_NO,M_NO,R_TYPE,R_TYPE_NO,R_CONTENT,R_REPORT_DATE) values (110,0,'댓글',58,'신고',to_date('20/04/07','RR/MM/DD'));
Insert into DB_SAWEE.REPORT (R_NO,M_NO,R_TYPE,R_TYPE_NO,R_CONTENT,R_REPORT_DATE) values (111,0,'댓글',58,'신고',to_date('20/04/07','RR/MM/DD'));
Insert into DB_SAWEE.REPORT (R_NO,M_NO,R_TYPE,R_TYPE_NO,R_CONTENT,R_REPORT_DATE) values (112,0,'댓글',58,'신고',to_date('20/04/07','RR/MM/DD'));
Insert into DB_SAWEE.REPORT (R_NO,M_NO,R_TYPE,R_TYPE_NO,R_CONTENT,R_REPORT_DATE) values (113,0,'댓글',58,'신고',to_date('20/04/07','RR/MM/DD'));
Insert into DB_SAWEE.REPORT (R_NO,M_NO,R_TYPE,R_TYPE_NO,R_CONTENT,R_REPORT_DATE) values (114,0,'댓글',58,'신고',to_date('20/04/07','RR/MM/DD'));
Insert into DB_SAWEE.REPORT (R_NO,M_NO,R_TYPE,R_TYPE_NO,R_CONTENT,R_REPORT_DATE) values (115,0,'댓글',58,'신고',to_date('20/04/07','RR/MM/DD'));
Insert into DB_SAWEE.REPORT (R_NO,M_NO,R_TYPE,R_TYPE_NO,R_CONTENT,R_REPORT_DATE) values (116,0,'댓글',60,'신고',to_date('20/04/07','RR/MM/DD'));
Insert into DB_SAWEE.REPORT (R_NO,M_NO,R_TYPE,R_TYPE_NO,R_CONTENT,R_REPORT_DATE) values (117,0,'댓글',60,'2',to_date('20/04/07','RR/MM/DD'));
Insert into DB_SAWEE.REPORT (R_NO,M_NO,R_TYPE,R_TYPE_NO,R_CONTENT,R_REPORT_DATE) values (118,0,'댓글',60,'3',to_date('20/04/07','RR/MM/DD'));
Insert into DB_SAWEE.REPORT (R_NO,M_NO,R_TYPE,R_TYPE_NO,R_CONTENT,R_REPORT_DATE) values (119,0,'댓글',60,'4',to_date('20/04/07','RR/MM/DD'));
Insert into DB_SAWEE.REPORT (R_NO,M_NO,R_TYPE,R_TYPE_NO,R_CONTENT,R_REPORT_DATE) values (120,0,'댓글',60,'5',to_date('20/04/07','RR/MM/DD'));
Insert into DB_SAWEE.REPORT (R_NO,M_NO,R_TYPE,R_TYPE_NO,R_CONTENT,R_REPORT_DATE) values (121,0,'댓글',60,'6',to_date('20/04/07','RR/MM/DD'));
Insert into DB_SAWEE.REPORT (R_NO,M_NO,R_TYPE,R_TYPE_NO,R_CONTENT,R_REPORT_DATE) values (122,0,'댓글',60,'7',to_date('20/04/07','RR/MM/DD'));
Insert into DB_SAWEE.REPORT (R_NO,M_NO,R_TYPE,R_TYPE_NO,R_CONTENT,R_REPORT_DATE) values (123,0,'댓글',73,'한줄평 신고',to_date('20/04/08','RR/MM/DD'));
Insert into DB_SAWEE.REPORT (R_NO,M_NO,R_TYPE,R_TYPE_NO,R_CONTENT,R_REPORT_DATE) values (124,14,'회원',14,'멤버 신고',to_date('20/04/09','RR/MM/DD'));
Insert into DB_SAWEE.REPORT (R_NO,M_NO,R_TYPE,R_TYPE_NO,R_CONTENT,R_REPORT_DATE) values (143,0,'중고거래',2,'신고수확인좀합시다..',to_date('20/04/10','RR/MM/DD'));
Insert into DB_SAWEE.REPORT (R_NO,M_NO,R_TYPE,R_TYPE_NO,R_CONTENT,R_REPORT_DATE) values (144,0,'중고거래',396,'저는 할리갈리 싫어해요 ',to_date('20/04/10','RR/MM/DD'));
Insert into DB_SAWEE.REPORT (R_NO,M_NO,R_TYPE,R_TYPE_NO,R_CONTENT,R_REPORT_DATE) values (145,0,'중고거래',2,'아 배고프다... ',to_date('20/04/10','RR/MM/DD'));
Insert into DB_SAWEE.REPORT (R_NO,M_NO,R_TYPE,R_TYPE_NO,R_CONTENT,R_REPORT_DATE) values (146,0,'카페리뷰',41,'신고수 정렬 확인입니다....',to_date('20/04/10','RR/MM/DD'));
REM INSERTING into DB_SAWEE.SCRAP
SET DEFINE OFF;
REM INSERTING into DB_SAWEE.SPONSOR
SET DEFINE OFF;
REM INSERTING into DB_SAWEE.STATISTICS
SET DEFINE OFF;
Insert into DB_SAWEE.STATISTICS (ST_NO,ST_DATE,ST_VISITOR_NUM,ST_POST_NUM,ST_TRADE_NUM,ST_COMMENT_NUM) values (12,to_date('20/04/03','RR/MM/DD'),56,3,0,3);
Insert into DB_SAWEE.STATISTICS (ST_NO,ST_DATE,ST_VISITOR_NUM,ST_POST_NUM,ST_TRADE_NUM,ST_COMMENT_NUM) values (1,to_date('20/03/27','RR/MM/DD'),11,10,7,17);
Insert into DB_SAWEE.STATISTICS (ST_NO,ST_DATE,ST_VISITOR_NUM,ST_POST_NUM,ST_TRADE_NUM,ST_COMMENT_NUM) values (2,to_date('20/03/28','RR/MM/DD'),14,12,6,19);
Insert into DB_SAWEE.STATISTICS (ST_NO,ST_DATE,ST_VISITOR_NUM,ST_POST_NUM,ST_TRADE_NUM,ST_COMMENT_NUM) values (3,to_date('20/03/29','RR/MM/DD'),19,10,9,22);
Insert into DB_SAWEE.STATISTICS (ST_NO,ST_DATE,ST_VISITOR_NUM,ST_POST_NUM,ST_TRADE_NUM,ST_COMMENT_NUM) values (4,to_date('20/03/30','RR/MM/DD'),21,17,2,11);
Insert into DB_SAWEE.STATISTICS (ST_NO,ST_DATE,ST_VISITOR_NUM,ST_POST_NUM,ST_TRADE_NUM,ST_COMMENT_NUM) values (5,to_date('20/03/31','RR/MM/DD'),45,19,7,27);
Insert into DB_SAWEE.STATISTICS (ST_NO,ST_DATE,ST_VISITOR_NUM,ST_POST_NUM,ST_TRADE_NUM,ST_COMMENT_NUM) values (6,to_date('20/04/01','RR/MM/DD'),42,17,5,39);
Insert into DB_SAWEE.STATISTICS (ST_NO,ST_DATE,ST_VISITOR_NUM,ST_POST_NUM,ST_TRADE_NUM,ST_COMMENT_NUM) values (9,to_date('20/04/02','RR/MM/DD'),1,1,0,13);
Insert into DB_SAWEE.STATISTICS (ST_NO,ST_DATE,ST_VISITOR_NUM,ST_POST_NUM,ST_TRADE_NUM,ST_COMMENT_NUM) values (22,to_date('20/04/04','RR/MM/DD'),28,2,0,3);
Insert into DB_SAWEE.STATISTICS (ST_NO,ST_DATE,ST_VISITOR_NUM,ST_POST_NUM,ST_TRADE_NUM,ST_COMMENT_NUM) values (29,to_date('20/04/05','RR/MM/DD'),15,4,0,0);
Insert into DB_SAWEE.STATISTICS (ST_NO,ST_DATE,ST_VISITOR_NUM,ST_POST_NUM,ST_TRADE_NUM,ST_COMMENT_NUM) values (43,to_date('20/04/06','RR/MM/DD'),75,253,3,13);
Insert into DB_SAWEE.STATISTICS (ST_NO,ST_DATE,ST_VISITOR_NUM,ST_POST_NUM,ST_TRADE_NUM,ST_COMMENT_NUM) values (46,to_date('20/04/07','RR/MM/DD'),200,11,0,10);
Insert into DB_SAWEE.STATISTICS (ST_NO,ST_DATE,ST_VISITOR_NUM,ST_POST_NUM,ST_TRADE_NUM,ST_COMMENT_NUM) values (50,to_date('20/04/08','RR/MM/DD'),146,0,0,9);
REM INSERTING into DB_SAWEE.SUBJECT
SET DEFINE OFF;
Insert into DB_SAWEE.SUBJECT (S_NO,BT_NO,S_CONTENT) values (1,1,'잡담');
Insert into DB_SAWEE.SUBJECT (S_NO,BT_NO,S_CONTENT) values (2,1,'노하우');
Insert into DB_SAWEE.SUBJECT (S_NO,BT_NO,S_CONTENT) values (3,1,'토론');
Insert into DB_SAWEE.SUBJECT (S_NO,BT_NO,S_CONTENT) values (4,2,'개봉기');
Insert into DB_SAWEE.SUBJECT (S_NO,BT_NO,S_CONTENT) values (5,2,'일 리뷰');
Insert into DB_SAWEE.SUBJECT (S_NO,BT_NO,S_CONTENT) values (6,2,'다 리뷰');
Insert into DB_SAWEE.SUBJECT (S_NO,BT_NO,S_CONTENT) values (7,3,'모집');
Insert into DB_SAWEE.SUBJECT (S_NO,BT_NO,S_CONTENT) values (8,3,'모임 후기');
Insert into DB_SAWEE.SUBJECT (S_NO,BT_NO,S_CONTENT) values (9,4,'이벤트');
Insert into DB_SAWEE.SUBJECT (S_NO,BT_NO,S_CONTENT) values (10,4,'대회');
Insert into DB_SAWEE.SUBJECT (S_NO,BT_NO,S_CONTENT) values (11,4,'신작 소식');
Insert into DB_SAWEE.SUBJECT (S_NO,BT_NO,S_CONTENT) values (12,4,'세일');
Insert into DB_SAWEE.SUBJECT (S_NO,BT_NO,S_CONTENT) values (13,4,'기타');
Insert into DB_SAWEE.SUBJECT (S_NO,BT_NO,S_CONTENT) values (14,5,'룰');
Insert into DB_SAWEE.SUBJECT (S_NO,BT_NO,S_CONTENT) values (15,5,'추천');
Insert into DB_SAWEE.SUBJECT (S_NO,BT_NO,S_CONTENT) values (16,5,'기타');
Insert into DB_SAWEE.SUBJECT (S_NO,BT_NO,S_CONTENT) values (17,6,'계획');
Insert into DB_SAWEE.SUBJECT (S_NO,BT_NO,S_CONTENT) values (18,6,'디자인');
Insert into DB_SAWEE.SUBJECT (S_NO,BT_NO,S_CONTENT) values (19,6,'완성');
Insert into DB_SAWEE.SUBJECT (S_NO,BT_NO,S_CONTENT) values (20,6,'공유');
Insert into DB_SAWEE.SUBJECT (S_NO,BT_NO,S_CONTENT) values (21,6,'테스트플레이');
Insert into DB_SAWEE.SUBJECT (S_NO,BT_NO,S_CONTENT) values (22,7,'회원');
Insert into DB_SAWEE.SUBJECT (S_NO,BT_NO,S_CONTENT) values (23,7,'결제');
Insert into DB_SAWEE.SUBJECT (S_NO,BT_NO,S_CONTENT) values (24,7,'정보 수정');
Insert into DB_SAWEE.SUBJECT (S_NO,BT_NO,S_CONTENT) values (25,7,'무인도 게시판');
Insert into DB_SAWEE.SUBJECT (S_NO,BT_NO,S_CONTENT) values (26,7,'기타');
Insert into DB_SAWEE.SUBJECT (S_NO,BT_NO,S_CONTENT) values (27,8,'회원 관련 문의');
Insert into DB_SAWEE.SUBJECT (S_NO,BT_NO,S_CONTENT) values (28,8,'결제 관련 문의');
Insert into DB_SAWEE.SUBJECT (S_NO,BT_NO,S_CONTENT) values (29,8,'정보수정 요청');
Insert into DB_SAWEE.SUBJECT (S_NO,BT_NO,S_CONTENT) values (30,8,'무인도 관련 문의');
Insert into DB_SAWEE.SUBJECT (S_NO,BT_NO,S_CONTENT) values (31,8,'기타 문의');
Insert into DB_SAWEE.SUBJECT (S_NO,BT_NO,S_CONTENT) values (32,9,'판매중');
Insert into DB_SAWEE.SUBJECT (S_NO,BT_NO,S_CONTENT) values (33,9,'구매중');
Insert into DB_SAWEE.SUBJECT (S_NO,BT_NO,S_CONTENT) values (34,9,'거래완료');
Insert into DB_SAWEE.SUBJECT (S_NO,BT_NO,S_CONTENT) values (35,12,'공지사항');
REM INSERTING into DB_SAWEE.TRADE
SET DEFINE OFF;
Insert into DB_SAWEE.TRADE (T_NO,M_NO,S_NO,T_TITLE,T_CONTENT,T_WRITTEN_DATE,T_UPDATED_DATE,T_HIT,T_RECOMMEND_NUM,T_REPORT_NUM,T_ISLAND,T_PRICE,BT_NO) values (2,2,32,'팔아연2','이것저것 팔아염2',to_date('20/01/02','RR/MM/DD'),to_date('20/03/23','RR/MM/DD'),52,28,2,1,2000,9);
Insert into DB_SAWEE.TRADE (T_NO,M_NO,S_NO,T_TITLE,T_CONTENT,T_WRITTEN_DATE,T_UPDATED_DATE,T_HIT,T_RECOMMEND_NUM,T_REPORT_NUM,T_ISLAND,T_PRICE,BT_NO) values (3,3,32,'팔아연3','이것저것 팔아염3',to_date('20/01/03','RR/MM/DD'),to_date('20/03/23','RR/MM/DD'),0,0,0,0,3000,9);
Insert into DB_SAWEE.TRADE (T_NO,M_NO,S_NO,T_TITLE,T_CONTENT,T_WRITTEN_DATE,T_UPDATED_DATE,T_HIT,T_RECOMMEND_NUM,T_REPORT_NUM,T_ISLAND,T_PRICE,BT_NO) values (4,4,32,'팔아연4','이것저것 팔아염4',to_date('20/01/04','RR/MM/DD'),to_date('20/03/23','RR/MM/DD'),0,0,0,0,4000,9);
Insert into DB_SAWEE.TRADE (T_NO,M_NO,S_NO,T_TITLE,T_CONTENT,T_WRITTEN_DATE,T_UPDATED_DATE,T_HIT,T_RECOMMEND_NUM,T_REPORT_NUM,T_ISLAND,T_PRICE,BT_NO) values (5,5,32,'팔아연5','이것저것 팔아염5',to_date('20/01/05','RR/MM/DD'),to_date('20/03/23','RR/MM/DD'),0,0,0,0,5000,9);
Insert into DB_SAWEE.TRADE (T_NO,M_NO,S_NO,T_TITLE,T_CONTENT,T_WRITTEN_DATE,T_UPDATED_DATE,T_HIT,T_RECOMMEND_NUM,T_REPORT_NUM,T_ISLAND,T_PRICE,BT_NO) values (6,6,32,'팔아연6','이것저것 팔아염6',to_date('20/01/06','RR/MM/DD'),to_date('20/03/23','RR/MM/DD'),0,0,0,0,6000,9);
Insert into DB_SAWEE.TRADE (T_NO,M_NO,S_NO,T_TITLE,T_CONTENT,T_WRITTEN_DATE,T_UPDATED_DATE,T_HIT,T_RECOMMEND_NUM,T_REPORT_NUM,T_ISLAND,T_PRICE,BT_NO) values (7,7,32,'팔아연7','이것저것 팔아염7',to_date('20/01/07','RR/MM/DD'),to_date('20/03/23','RR/MM/DD'),0,0,0,1,7000,9);
Insert into DB_SAWEE.TRADE (T_NO,M_NO,S_NO,T_TITLE,T_CONTENT,T_WRITTEN_DATE,T_UPDATED_DATE,T_HIT,T_RECOMMEND_NUM,T_REPORT_NUM,T_ISLAND,T_PRICE,BT_NO) values (8,8,32,'팔아연8','이것저것 팔아염8',to_date('20/01/08','RR/MM/DD'),to_date('20/03/23','RR/MM/DD'),0,0,0,1,8000,9);
Insert into DB_SAWEE.TRADE (T_NO,M_NO,S_NO,T_TITLE,T_CONTENT,T_WRITTEN_DATE,T_UPDATED_DATE,T_HIT,T_RECOMMEND_NUM,T_REPORT_NUM,T_ISLAND,T_PRICE,BT_NO) values (10,10,32,'팔아연10','이것저것 팔아염10',to_date('20/01/10','RR/MM/DD'),to_date('20/03/23','RR/MM/DD'),0,0,0,1,10000,9);
Insert into DB_SAWEE.TRADE (T_NO,M_NO,S_NO,T_TITLE,T_CONTENT,T_WRITTEN_DATE,T_UPDATED_DATE,T_HIT,T_RECOMMEND_NUM,T_REPORT_NUM,T_ISLAND,T_PRICE,BT_NO) values (11,11,32,'팔아연11','이것저것 팔아염11',to_date('20/01/11','RR/MM/DD'),to_date('20/03/23','RR/MM/DD'),0,0,0,1,11000,9);
Insert into DB_SAWEE.TRADE (T_NO,M_NO,S_NO,T_TITLE,T_CONTENT,T_WRITTEN_DATE,T_UPDATED_DATE,T_HIT,T_RECOMMEND_NUM,T_REPORT_NUM,T_ISLAND,T_PRICE,BT_NO) values (12,12,32,'팔아연12','이것저것 팔아염12',to_date('20/01/12','RR/MM/DD'),to_date('20/03/23','RR/MM/DD'),0,0,0,1,12000,9);
Insert into DB_SAWEE.TRADE (T_NO,M_NO,S_NO,T_TITLE,T_CONTENT,T_WRITTEN_DATE,T_UPDATED_DATE,T_HIT,T_RECOMMEND_NUM,T_REPORT_NUM,T_ISLAND,T_PRICE,BT_NO) values (13,13,32,'팔아연13','이것저것 팔아염13',to_date('20/01/13','RR/MM/DD'),to_date('20/03/23','RR/MM/DD'),0,0,0,0,13000,9);
Insert into DB_SAWEE.TRADE (T_NO,M_NO,S_NO,T_TITLE,T_CONTENT,T_WRITTEN_DATE,T_UPDATED_DATE,T_HIT,T_RECOMMEND_NUM,T_REPORT_NUM,T_ISLAND,T_PRICE,BT_NO) values (14,14,32,'팔아연14','이것저것 팔아염14',to_date('20/01/14','RR/MM/DD'),to_date('20/03/23','RR/MM/DD'),0,0,0,0,14000,9);
Insert into DB_SAWEE.TRADE (T_NO,M_NO,S_NO,T_TITLE,T_CONTENT,T_WRITTEN_DATE,T_UPDATED_DATE,T_HIT,T_RECOMMEND_NUM,T_REPORT_NUM,T_ISLAND,T_PRICE,BT_NO) values (15,1,32,'팔아연15','이것저것 팔아염15',to_date('20/01/15','RR/MM/DD'),to_date('20/03/23','RR/MM/DD'),0,0,0,0,15000,9);
Insert into DB_SAWEE.TRADE (T_NO,M_NO,S_NO,T_TITLE,T_CONTENT,T_WRITTEN_DATE,T_UPDATED_DATE,T_HIT,T_RECOMMEND_NUM,T_REPORT_NUM,T_ISLAND,T_PRICE,BT_NO) values (16,3,32,'팔아연16','이것저것 팔아염16',to_date('20/03/26','RR/MM/DD'),to_date('20/03/26','RR/MM/DD'),0,0,0,1,0,9);
Insert into DB_SAWEE.TRADE (T_NO,M_NO,S_NO,T_TITLE,T_CONTENT,T_WRITTEN_DATE,T_UPDATED_DATE,T_HIT,T_RECOMMEND_NUM,T_REPORT_NUM,T_ISLAND,T_PRICE,BT_NO) values (17,3,32,'팔아연17','이것저것 팔아염17',to_date('20/03/26','RR/MM/DD'),to_date('20/03/26','RR/MM/DD'),5,0,0,1,0,9);
Insert into DB_SAWEE.TRADE (T_NO,M_NO,S_NO,T_TITLE,T_CONTENT,T_WRITTEN_DATE,T_UPDATED_DATE,T_HIT,T_RECOMMEND_NUM,T_REPORT_NUM,T_ISLAND,T_PRICE,BT_NO) values (18,3,32,'팔아연18','이것저것 팔아염18',to_date('20/03/26','RR/MM/DD'),to_date('20/03/26','RR/MM/DD'),0,0,0,1,0,9);
Insert into DB_SAWEE.TRADE (T_NO,M_NO,S_NO,T_TITLE,T_CONTENT,T_WRITTEN_DATE,T_UPDATED_DATE,T_HIT,T_RECOMMEND_NUM,T_REPORT_NUM,T_ISLAND,T_PRICE,BT_NO) values (36,1,32,'팔아연1','이것저것 팔아염1',to_date('20/03/31','RR/MM/DD'),to_date('20/03/31','RR/MM/DD'),0,0,0,0,0,9);
Insert into DB_SAWEE.TRADE (T_NO,M_NO,S_NO,T_TITLE,T_CONTENT,T_WRITTEN_DATE,T_UPDATED_DATE,T_HIT,T_RECOMMEND_NUM,T_REPORT_NUM,T_ISLAND,T_PRICE,BT_NO) values (37,2,32,'팔아연2','이것저것 팔아염2',to_date('20/03/31','RR/MM/DD'),to_date('20/03/31','RR/MM/DD'),0,0,0,0,0,9);
Insert into DB_SAWEE.TRADE (T_NO,M_NO,S_NO,T_TITLE,T_CONTENT,T_WRITTEN_DATE,T_UPDATED_DATE,T_HIT,T_RECOMMEND_NUM,T_REPORT_NUM,T_ISLAND,T_PRICE,BT_NO) values (38,3,32,'팔아연3','이것저것 팔아염3',to_date('20/03/31','RR/MM/DD'),to_date('20/03/31','RR/MM/DD'),0,0,0,0,0,9);
Insert into DB_SAWEE.TRADE (T_NO,M_NO,S_NO,T_TITLE,T_CONTENT,T_WRITTEN_DATE,T_UPDATED_DATE,T_HIT,T_RECOMMEND_NUM,T_REPORT_NUM,T_ISLAND,T_PRICE,BT_NO) values (39,4,32,'팔아연4','이것저것 팔아염4',to_date('20/03/31','RR/MM/DD'),to_date('20/03/31','RR/MM/DD'),0,0,0,0,0,9);
Insert into DB_SAWEE.TRADE (T_NO,M_NO,S_NO,T_TITLE,T_CONTENT,T_WRITTEN_DATE,T_UPDATED_DATE,T_HIT,T_RECOMMEND_NUM,T_REPORT_NUM,T_ISLAND,T_PRICE,BT_NO) values (40,5,32,'팔아연5','이것저것 팔아염5',to_date('20/03/31','RR/MM/DD'),to_date('20/03/31','RR/MM/DD'),0,0,0,0,0,9);
Insert into DB_SAWEE.TRADE (T_NO,M_NO,S_NO,T_TITLE,T_CONTENT,T_WRITTEN_DATE,T_UPDATED_DATE,T_HIT,T_RECOMMEND_NUM,T_REPORT_NUM,T_ISLAND,T_PRICE,BT_NO) values (41,6,32,'팔아연6','이것저것 팔아염6',to_date('20/03/31','RR/MM/DD'),to_date('20/03/31','RR/MM/DD'),0,0,0,0,0,9);
Insert into DB_SAWEE.TRADE (T_NO,M_NO,S_NO,T_TITLE,T_CONTENT,T_WRITTEN_DATE,T_UPDATED_DATE,T_HIT,T_RECOMMEND_NUM,T_REPORT_NUM,T_ISLAND,T_PRICE,BT_NO) values (42,7,32,'팔아연7','이것저것 팔아염7',to_date('20/03/31','RR/MM/DD'),to_date('20/03/31','RR/MM/DD'),0,0,0,1,0,9);
Insert into DB_SAWEE.TRADE (T_NO,M_NO,S_NO,T_TITLE,T_CONTENT,T_WRITTEN_DATE,T_UPDATED_DATE,T_HIT,T_RECOMMEND_NUM,T_REPORT_NUM,T_ISLAND,T_PRICE,BT_NO) values (43,8,32,'팔아연8','이것저것 팔아염8',to_date('20/03/31','RR/MM/DD'),to_date('20/03/31','RR/MM/DD'),0,0,0,1,0,9);
Insert into DB_SAWEE.TRADE (T_NO,M_NO,S_NO,T_TITLE,T_CONTENT,T_WRITTEN_DATE,T_UPDATED_DATE,T_HIT,T_RECOMMEND_NUM,T_REPORT_NUM,T_ISLAND,T_PRICE,BT_NO) values (44,9,32,'팔아연9','이것저것 팔아염9',to_date('20/03/31','RR/MM/DD'),to_date('20/03/31','RR/MM/DD'),0,0,0,1,0,9);
Insert into DB_SAWEE.TRADE (T_NO,M_NO,S_NO,T_TITLE,T_CONTENT,T_WRITTEN_DATE,T_UPDATED_DATE,T_HIT,T_RECOMMEND_NUM,T_REPORT_NUM,T_ISLAND,T_PRICE,BT_NO) values (45,10,32,'팔아연10','이것저것 팔아염10',to_date('20/03/31','RR/MM/DD'),to_date('20/03/31','RR/MM/DD'),1,0,0,1,0,9);
Insert into DB_SAWEE.TRADE (T_NO,M_NO,S_NO,T_TITLE,T_CONTENT,T_WRITTEN_DATE,T_UPDATED_DATE,T_HIT,T_RECOMMEND_NUM,T_REPORT_NUM,T_ISLAND,T_PRICE,BT_NO) values (46,11,32,'팔아연11','이것저것 팔아염11',to_date('20/03/31','RR/MM/DD'),to_date('20/03/31','RR/MM/DD'),0,0,0,1,0,9);
Insert into DB_SAWEE.TRADE (T_NO,M_NO,S_NO,T_TITLE,T_CONTENT,T_WRITTEN_DATE,T_UPDATED_DATE,T_HIT,T_RECOMMEND_NUM,T_REPORT_NUM,T_ISLAND,T_PRICE,BT_NO) values (47,12,32,'팔아연12','이것저것 팔아염12',to_date('20/03/31','RR/MM/DD'),to_date('20/03/31','RR/MM/DD'),0,0,0,1,0,9);
Insert into DB_SAWEE.TRADE (T_NO,M_NO,S_NO,T_TITLE,T_CONTENT,T_WRITTEN_DATE,T_UPDATED_DATE,T_HIT,T_RECOMMEND_NUM,T_REPORT_NUM,T_ISLAND,T_PRICE,BT_NO) values (48,13,32,'팔아연13','이것저것 팔아염13',to_date('20/03/31','RR/MM/DD'),to_date('20/03/31','RR/MM/DD'),0,0,0,0,0,9);
Insert into DB_SAWEE.TRADE (T_NO,M_NO,S_NO,T_TITLE,T_CONTENT,T_WRITTEN_DATE,T_UPDATED_DATE,T_HIT,T_RECOMMEND_NUM,T_REPORT_NUM,T_ISLAND,T_PRICE,BT_NO) values (49,14,32,'팔아연14','이것저것 팔아염14',to_date('20/03/31','RR/MM/DD'),to_date('20/03/31','RR/MM/DD'),0,0,0,0,0,9);
Insert into DB_SAWEE.TRADE (T_NO,M_NO,S_NO,T_TITLE,T_CONTENT,T_WRITTEN_DATE,T_UPDATED_DATE,T_HIT,T_RECOMMEND_NUM,T_REPORT_NUM,T_ISLAND,T_PRICE,BT_NO) values (50,1,32,'팔아연15','이것저것 팔아염15',to_date('20/03/31','RR/MM/DD'),to_date('20/03/31','RR/MM/DD'),0,0,0,0,0,9);
Insert into DB_SAWEE.TRADE (T_NO,M_NO,S_NO,T_TITLE,T_CONTENT,T_WRITTEN_DATE,T_UPDATED_DATE,T_HIT,T_RECOMMEND_NUM,T_REPORT_NUM,T_ISLAND,T_PRICE,BT_NO) values (51,3,32,'팔아연16','이것저것 팔아염16',to_date('20/03/31','RR/MM/DD'),to_date('20/03/31','RR/MM/DD'),0,0,0,1,0,9);
Insert into DB_SAWEE.TRADE (T_NO,M_NO,S_NO,T_TITLE,T_CONTENT,T_WRITTEN_DATE,T_UPDATED_DATE,T_HIT,T_RECOMMEND_NUM,T_REPORT_NUM,T_ISLAND,T_PRICE,BT_NO) values (52,3,32,'팔아연17','이것저것 팔아염17',to_date('20/03/31','RR/MM/DD'),to_date('20/03/31','RR/MM/DD'),0,0,0,1,0,9);
Insert into DB_SAWEE.TRADE (T_NO,M_NO,S_NO,T_TITLE,T_CONTENT,T_WRITTEN_DATE,T_UPDATED_DATE,T_HIT,T_RECOMMEND_NUM,T_REPORT_NUM,T_ISLAND,T_PRICE,BT_NO) values (53,3,32,'팔아연18','이것저것 팔아염18',to_date('20/03/31','RR/MM/DD'),to_date('20/03/31','RR/MM/DD'),0,0,0,1,0,9);
Insert into DB_SAWEE.TRADE (T_NO,M_NO,S_NO,T_TITLE,T_CONTENT,T_WRITTEN_DATE,T_UPDATED_DATE,T_HIT,T_RECOMMEND_NUM,T_REPORT_NUM,T_ISLAND,T_PRICE,BT_NO) values (54,1,32,'팔아연1','이것저것 팔아염1',to_date('20/03/31','RR/MM/DD'),to_date('20/03/31','RR/MM/DD'),0,0,0,0,0,9);
Insert into DB_SAWEE.TRADE (T_NO,M_NO,S_NO,T_TITLE,T_CONTENT,T_WRITTEN_DATE,T_UPDATED_DATE,T_HIT,T_RECOMMEND_NUM,T_REPORT_NUM,T_ISLAND,T_PRICE,BT_NO) values (55,2,32,'팔아연2','이것저것 팔아염2',to_date('20/03/31','RR/MM/DD'),to_date('20/03/31','RR/MM/DD'),0,0,0,0,0,9);
Insert into DB_SAWEE.TRADE (T_NO,M_NO,S_NO,T_TITLE,T_CONTENT,T_WRITTEN_DATE,T_UPDATED_DATE,T_HIT,T_RECOMMEND_NUM,T_REPORT_NUM,T_ISLAND,T_PRICE,BT_NO) values (56,3,32,'팔아연3','이것저것 팔아염3',to_date('20/03/31','RR/MM/DD'),to_date('20/03/31','RR/MM/DD'),0,0,0,0,0,9);
Insert into DB_SAWEE.TRADE (T_NO,M_NO,S_NO,T_TITLE,T_CONTENT,T_WRITTEN_DATE,T_UPDATED_DATE,T_HIT,T_RECOMMEND_NUM,T_REPORT_NUM,T_ISLAND,T_PRICE,BT_NO) values (57,4,32,'팔아연4','이것저것 팔아염4',to_date('20/03/31','RR/MM/DD'),to_date('20/03/31','RR/MM/DD'),0,0,0,0,0,9);
Insert into DB_SAWEE.TRADE (T_NO,M_NO,S_NO,T_TITLE,T_CONTENT,T_WRITTEN_DATE,T_UPDATED_DATE,T_HIT,T_RECOMMEND_NUM,T_REPORT_NUM,T_ISLAND,T_PRICE,BT_NO) values (58,5,32,'팔아연5','이것저것 팔아염5',to_date('20/03/31','RR/MM/DD'),to_date('20/03/31','RR/MM/DD'),0,0,0,0,0,9);
Insert into DB_SAWEE.TRADE (T_NO,M_NO,S_NO,T_TITLE,T_CONTENT,T_WRITTEN_DATE,T_UPDATED_DATE,T_HIT,T_RECOMMEND_NUM,T_REPORT_NUM,T_ISLAND,T_PRICE,BT_NO) values (59,6,32,'팔아연6','이것저것 팔아염6',to_date('20/03/31','RR/MM/DD'),to_date('20/03/31','RR/MM/DD'),0,0,0,0,0,9);
Insert into DB_SAWEE.TRADE (T_NO,M_NO,S_NO,T_TITLE,T_CONTENT,T_WRITTEN_DATE,T_UPDATED_DATE,T_HIT,T_RECOMMEND_NUM,T_REPORT_NUM,T_ISLAND,T_PRICE,BT_NO) values (60,7,32,'팔아연7','이것저것 팔아염7',to_date('20/03/31','RR/MM/DD'),to_date('20/03/31','RR/MM/DD'),0,0,0,1,0,9);
Insert into DB_SAWEE.TRADE (T_NO,M_NO,S_NO,T_TITLE,T_CONTENT,T_WRITTEN_DATE,T_UPDATED_DATE,T_HIT,T_RECOMMEND_NUM,T_REPORT_NUM,T_ISLAND,T_PRICE,BT_NO) values (61,8,32,'팔아연8','이것저것 팔아염8',to_date('20/03/31','RR/MM/DD'),to_date('20/03/31','RR/MM/DD'),0,0,0,1,0,9);
Insert into DB_SAWEE.TRADE (T_NO,M_NO,S_NO,T_TITLE,T_CONTENT,T_WRITTEN_DATE,T_UPDATED_DATE,T_HIT,T_RECOMMEND_NUM,T_REPORT_NUM,T_ISLAND,T_PRICE,BT_NO) values (62,9,32,'팔아연9','이것저것 팔아염9',to_date('20/03/31','RR/MM/DD'),to_date('20/03/31','RR/MM/DD'),0,0,0,1,0,9);
Insert into DB_SAWEE.TRADE (T_NO,M_NO,S_NO,T_TITLE,T_CONTENT,T_WRITTEN_DATE,T_UPDATED_DATE,T_HIT,T_RECOMMEND_NUM,T_REPORT_NUM,T_ISLAND,T_PRICE,BT_NO) values (63,10,32,'팔아연10','이것저것 팔아염10',to_date('20/03/31','RR/MM/DD'),to_date('20/03/31','RR/MM/DD'),0,0,0,1,0,9);
Insert into DB_SAWEE.TRADE (T_NO,M_NO,S_NO,T_TITLE,T_CONTENT,T_WRITTEN_DATE,T_UPDATED_DATE,T_HIT,T_RECOMMEND_NUM,T_REPORT_NUM,T_ISLAND,T_PRICE,BT_NO) values (64,11,34,'팔아연11','이것저것 팔아염11',to_date('20/03/31','RR/MM/DD'),to_date('20/03/31','RR/MM/DD'),0,0,0,1,0,9);
Insert into DB_SAWEE.TRADE (T_NO,M_NO,S_NO,T_TITLE,T_CONTENT,T_WRITTEN_DATE,T_UPDATED_DATE,T_HIT,T_RECOMMEND_NUM,T_REPORT_NUM,T_ISLAND,T_PRICE,BT_NO) values (65,12,32,'팔아연12','이것저것 팔아염12',to_date('20/03/31','RR/MM/DD'),to_date('20/03/31','RR/MM/DD'),0,0,0,1,0,9);
Insert into DB_SAWEE.TRADE (T_NO,M_NO,S_NO,T_TITLE,T_CONTENT,T_WRITTEN_DATE,T_UPDATED_DATE,T_HIT,T_RECOMMEND_NUM,T_REPORT_NUM,T_ISLAND,T_PRICE,BT_NO) values (66,13,32,'팔아연13','이것저것 팔아염13',to_date('20/03/31','RR/MM/DD'),to_date('20/03/31','RR/MM/DD'),0,0,0,0,0,9);
Insert into DB_SAWEE.TRADE (T_NO,M_NO,S_NO,T_TITLE,T_CONTENT,T_WRITTEN_DATE,T_UPDATED_DATE,T_HIT,T_RECOMMEND_NUM,T_REPORT_NUM,T_ISLAND,T_PRICE,BT_NO) values (67,14,34,'팔아연14','이것저것 팔아염14',to_date('20/03/31','RR/MM/DD'),to_date('20/03/31','RR/MM/DD'),0,0,0,0,0,9);
Insert into DB_SAWEE.TRADE (T_NO,M_NO,S_NO,T_TITLE,T_CONTENT,T_WRITTEN_DATE,T_UPDATED_DATE,T_HIT,T_RECOMMEND_NUM,T_REPORT_NUM,T_ISLAND,T_PRICE,BT_NO) values (68,1,32,'팔아연15','이것저것 팔아염15',to_date('20/03/31','RR/MM/DD'),to_date('20/03/31','RR/MM/DD'),0,0,0,0,0,9);
Insert into DB_SAWEE.TRADE (T_NO,M_NO,S_NO,T_TITLE,T_CONTENT,T_WRITTEN_DATE,T_UPDATED_DATE,T_HIT,T_RECOMMEND_NUM,T_REPORT_NUM,T_ISLAND,T_PRICE,BT_NO) values (69,3,32,'팔아연16','이것저것 팔아염16',to_date('20/03/31','RR/MM/DD'),to_date('20/03/31','RR/MM/DD'),0,0,0,1,0,9);
Insert into DB_SAWEE.TRADE (T_NO,M_NO,S_NO,T_TITLE,T_CONTENT,T_WRITTEN_DATE,T_UPDATED_DATE,T_HIT,T_RECOMMEND_NUM,T_REPORT_NUM,T_ISLAND,T_PRICE,BT_NO) values (70,3,32,'팔아연17','이것저것 팔아염17',to_date('20/03/31','RR/MM/DD'),to_date('20/03/31','RR/MM/DD'),0,0,0,1,0,9);
Insert into DB_SAWEE.TRADE (T_NO,M_NO,S_NO,T_TITLE,T_CONTENT,T_WRITTEN_DATE,T_UPDATED_DATE,T_HIT,T_RECOMMEND_NUM,T_REPORT_NUM,T_ISLAND,T_PRICE,BT_NO) values (71,3,32,'팔아연18','이것저것 팔아염18',to_date('20/03/31','RR/MM/DD'),to_date('20/03/31','RR/MM/DD'),0,0,0,1,0,9);
Insert into DB_SAWEE.TRADE (T_NO,M_NO,S_NO,T_TITLE,T_CONTENT,T_WRITTEN_DATE,T_UPDATED_DATE,T_HIT,T_RECOMMEND_NUM,T_REPORT_NUM,T_ISLAND,T_PRICE,BT_NO) values (72,1,34,'팔아연1','이것저것 팔아염1',to_date('20/03/31','RR/MM/DD'),to_date('20/03/31','RR/MM/DD'),0,0,0,0,0,9);
Insert into DB_SAWEE.TRADE (T_NO,M_NO,S_NO,T_TITLE,T_CONTENT,T_WRITTEN_DATE,T_UPDATED_DATE,T_HIT,T_RECOMMEND_NUM,T_REPORT_NUM,T_ISLAND,T_PRICE,BT_NO) values (73,2,32,'팔아연2','이것저것 팔아염2',to_date('20/03/31','RR/MM/DD'),to_date('20/03/31','RR/MM/DD'),0,0,0,0,0,9);
Insert into DB_SAWEE.TRADE (T_NO,M_NO,S_NO,T_TITLE,T_CONTENT,T_WRITTEN_DATE,T_UPDATED_DATE,T_HIT,T_RECOMMEND_NUM,T_REPORT_NUM,T_ISLAND,T_PRICE,BT_NO) values (74,3,32,'팔아연3','이것저것 팔아염3',to_date('20/03/31','RR/MM/DD'),to_date('20/03/31','RR/MM/DD'),0,0,0,0,0,9);
Insert into DB_SAWEE.TRADE (T_NO,M_NO,S_NO,T_TITLE,T_CONTENT,T_WRITTEN_DATE,T_UPDATED_DATE,T_HIT,T_RECOMMEND_NUM,T_REPORT_NUM,T_ISLAND,T_PRICE,BT_NO) values (75,4,32,'팔아연4','이것저것 팔아염4',to_date('20/03/31','RR/MM/DD'),to_date('20/03/31','RR/MM/DD'),0,0,0,0,0,9);
Insert into DB_SAWEE.TRADE (T_NO,M_NO,S_NO,T_TITLE,T_CONTENT,T_WRITTEN_DATE,T_UPDATED_DATE,T_HIT,T_RECOMMEND_NUM,T_REPORT_NUM,T_ISLAND,T_PRICE,BT_NO) values (76,5,32,'팔아연5','이것저것 팔아염5',to_date('20/03/31','RR/MM/DD'),to_date('20/03/31','RR/MM/DD'),0,0,0,0,0,9);
Insert into DB_SAWEE.TRADE (T_NO,M_NO,S_NO,T_TITLE,T_CONTENT,T_WRITTEN_DATE,T_UPDATED_DATE,T_HIT,T_RECOMMEND_NUM,T_REPORT_NUM,T_ISLAND,T_PRICE,BT_NO) values (77,6,32,'팔아연6','이것저것 팔아염6',to_date('20/03/31','RR/MM/DD'),to_date('20/03/31','RR/MM/DD'),0,0,0,0,0,9);
Insert into DB_SAWEE.TRADE (T_NO,M_NO,S_NO,T_TITLE,T_CONTENT,T_WRITTEN_DATE,T_UPDATED_DATE,T_HIT,T_RECOMMEND_NUM,T_REPORT_NUM,T_ISLAND,T_PRICE,BT_NO) values (78,7,32,'팔아연7','이것저것 팔아염7',to_date('20/03/31','RR/MM/DD'),to_date('20/03/31','RR/MM/DD'),0,0,0,1,0,9);
Insert into DB_SAWEE.TRADE (T_NO,M_NO,S_NO,T_TITLE,T_CONTENT,T_WRITTEN_DATE,T_UPDATED_DATE,T_HIT,T_RECOMMEND_NUM,T_REPORT_NUM,T_ISLAND,T_PRICE,BT_NO) values (79,8,32,'팔아연8','이것저것 팔아염8',to_date('20/03/31','RR/MM/DD'),to_date('20/03/31','RR/MM/DD'),0,0,0,1,0,9);
Insert into DB_SAWEE.TRADE (T_NO,M_NO,S_NO,T_TITLE,T_CONTENT,T_WRITTEN_DATE,T_UPDATED_DATE,T_HIT,T_RECOMMEND_NUM,T_REPORT_NUM,T_ISLAND,T_PRICE,BT_NO) values (80,9,32,'팔아연9','이것저것 팔아염9',to_date('20/03/31','RR/MM/DD'),to_date('20/03/31','RR/MM/DD'),0,0,0,1,0,9);
Insert into DB_SAWEE.TRADE (T_NO,M_NO,S_NO,T_TITLE,T_CONTENT,T_WRITTEN_DATE,T_UPDATED_DATE,T_HIT,T_RECOMMEND_NUM,T_REPORT_NUM,T_ISLAND,T_PRICE,BT_NO) values (81,10,32,'팔아연10','이것저것 팔아염10',to_date('20/03/31','RR/MM/DD'),to_date('20/03/31','RR/MM/DD'),0,0,0,1,0,9);
Insert into DB_SAWEE.TRADE (T_NO,M_NO,S_NO,T_TITLE,T_CONTENT,T_WRITTEN_DATE,T_UPDATED_DATE,T_HIT,T_RECOMMEND_NUM,T_REPORT_NUM,T_ISLAND,T_PRICE,BT_NO) values (82,11,32,'팔아연11','이것저것 팔아염11',to_date('20/03/31','RR/MM/DD'),to_date('20/03/31','RR/MM/DD'),0,0,0,1,0,9);
Insert into DB_SAWEE.TRADE (T_NO,M_NO,S_NO,T_TITLE,T_CONTENT,T_WRITTEN_DATE,T_UPDATED_DATE,T_HIT,T_RECOMMEND_NUM,T_REPORT_NUM,T_ISLAND,T_PRICE,BT_NO) values (83,12,32,'팔아연12','이것저것 팔아염12',to_date('20/03/31','RR/MM/DD'),to_date('20/03/31','RR/MM/DD'),0,0,0,1,0,9);
Insert into DB_SAWEE.TRADE (T_NO,M_NO,S_NO,T_TITLE,T_CONTENT,T_WRITTEN_DATE,T_UPDATED_DATE,T_HIT,T_RECOMMEND_NUM,T_REPORT_NUM,T_ISLAND,T_PRICE,BT_NO) values (84,13,32,'팔아연13','이것저것 팔아염13',to_date('20/03/31','RR/MM/DD'),to_date('20/03/31','RR/MM/DD'),0,0,0,0,0,9);
Insert into DB_SAWEE.TRADE (T_NO,M_NO,S_NO,T_TITLE,T_CONTENT,T_WRITTEN_DATE,T_UPDATED_DATE,T_HIT,T_RECOMMEND_NUM,T_REPORT_NUM,T_ISLAND,T_PRICE,BT_NO) values (85,14,32,'팔아연14','이것저것 팔아염14',to_date('20/03/31','RR/MM/DD'),to_date('20/03/31','RR/MM/DD'),0,0,0,0,0,9);
Insert into DB_SAWEE.TRADE (T_NO,M_NO,S_NO,T_TITLE,T_CONTENT,T_WRITTEN_DATE,T_UPDATED_DATE,T_HIT,T_RECOMMEND_NUM,T_REPORT_NUM,T_ISLAND,T_PRICE,BT_NO) values (86,1,32,'팔아연15','이것저것 팔아염15',to_date('20/03/31','RR/MM/DD'),to_date('20/03/31','RR/MM/DD'),0,0,0,0,0,9);
Insert into DB_SAWEE.TRADE (T_NO,M_NO,S_NO,T_TITLE,T_CONTENT,T_WRITTEN_DATE,T_UPDATED_DATE,T_HIT,T_RECOMMEND_NUM,T_REPORT_NUM,T_ISLAND,T_PRICE,BT_NO) values (87,3,32,'팔아연16','이것저것 팔아염16',to_date('20/03/31','RR/MM/DD'),to_date('20/03/31','RR/MM/DD'),0,0,0,1,0,9);
Insert into DB_SAWEE.TRADE (T_NO,M_NO,S_NO,T_TITLE,T_CONTENT,T_WRITTEN_DATE,T_UPDATED_DATE,T_HIT,T_RECOMMEND_NUM,T_REPORT_NUM,T_ISLAND,T_PRICE,BT_NO) values (88,3,32,'팔아연17','이것저것 팔아염17',to_date('20/03/31','RR/MM/DD'),to_date('20/03/31','RR/MM/DD'),0,0,0,1,0,9);
Insert into DB_SAWEE.TRADE (T_NO,M_NO,S_NO,T_TITLE,T_CONTENT,T_WRITTEN_DATE,T_UPDATED_DATE,T_HIT,T_RECOMMEND_NUM,T_REPORT_NUM,T_ISLAND,T_PRICE,BT_NO) values (89,3,32,'팔아연18','이것저것 팔아염18',to_date('20/03/31','RR/MM/DD'),to_date('20/03/31','RR/MM/DD'),0,0,0,1,0,9);
Insert into DB_SAWEE.TRADE (T_NO,M_NO,S_NO,T_TITLE,T_CONTENT,T_WRITTEN_DATE,T_UPDATED_DATE,T_HIT,T_RECOMMEND_NUM,T_REPORT_NUM,T_ISLAND,T_PRICE,BT_NO) values (90,1,32,'팔아연1','이것저것 팔아염1',to_date('20/03/31','RR/MM/DD'),to_date('20/03/31','RR/MM/DD'),0,0,0,0,0,9);
Insert into DB_SAWEE.TRADE (T_NO,M_NO,S_NO,T_TITLE,T_CONTENT,T_WRITTEN_DATE,T_UPDATED_DATE,T_HIT,T_RECOMMEND_NUM,T_REPORT_NUM,T_ISLAND,T_PRICE,BT_NO) values (91,2,32,'팔아연2','이것저것 팔아염2',to_date('20/03/31','RR/MM/DD'),to_date('20/03/31','RR/MM/DD'),0,0,0,0,0,9);
Insert into DB_SAWEE.TRADE (T_NO,M_NO,S_NO,T_TITLE,T_CONTENT,T_WRITTEN_DATE,T_UPDATED_DATE,T_HIT,T_RECOMMEND_NUM,T_REPORT_NUM,T_ISLAND,T_PRICE,BT_NO) values (92,3,32,'팔아연3','이것저것 팔아염3',to_date('20/03/31','RR/MM/DD'),to_date('20/03/31','RR/MM/DD'),0,0,0,0,0,9);
Insert into DB_SAWEE.TRADE (T_NO,M_NO,S_NO,T_TITLE,T_CONTENT,T_WRITTEN_DATE,T_UPDATED_DATE,T_HIT,T_RECOMMEND_NUM,T_REPORT_NUM,T_ISLAND,T_PRICE,BT_NO) values (93,4,32,'팔아연4','이것저것 팔아염4',to_date('20/03/31','RR/MM/DD'),to_date('20/03/31','RR/MM/DD'),0,0,0,0,0,9);
Insert into DB_SAWEE.TRADE (T_NO,M_NO,S_NO,T_TITLE,T_CONTENT,T_WRITTEN_DATE,T_UPDATED_DATE,T_HIT,T_RECOMMEND_NUM,T_REPORT_NUM,T_ISLAND,T_PRICE,BT_NO) values (94,5,32,'팔아연5','이것저것 팔아염5',to_date('20/03/31','RR/MM/DD'),to_date('20/03/31','RR/MM/DD'),0,0,0,0,0,9);
Insert into DB_SAWEE.TRADE (T_NO,M_NO,S_NO,T_TITLE,T_CONTENT,T_WRITTEN_DATE,T_UPDATED_DATE,T_HIT,T_RECOMMEND_NUM,T_REPORT_NUM,T_ISLAND,T_PRICE,BT_NO) values (95,6,32,'팔아연6','이것저것 팔아염6',to_date('20/03/31','RR/MM/DD'),to_date('20/03/31','RR/MM/DD'),0,0,0,0,0,9);
Insert into DB_SAWEE.TRADE (T_NO,M_NO,S_NO,T_TITLE,T_CONTENT,T_WRITTEN_DATE,T_UPDATED_DATE,T_HIT,T_RECOMMEND_NUM,T_REPORT_NUM,T_ISLAND,T_PRICE,BT_NO) values (96,7,32,'팔아연7','이것저것 팔아염7',to_date('20/03/31','RR/MM/DD'),to_date('20/03/31','RR/MM/DD'),0,0,0,1,0,9);
Insert into DB_SAWEE.TRADE (T_NO,M_NO,S_NO,T_TITLE,T_CONTENT,T_WRITTEN_DATE,T_UPDATED_DATE,T_HIT,T_RECOMMEND_NUM,T_REPORT_NUM,T_ISLAND,T_PRICE,BT_NO) values (97,8,32,'팔아연8','이것저것 팔아염8',to_date('20/03/31','RR/MM/DD'),to_date('20/03/31','RR/MM/DD'),0,0,0,1,0,9);
Insert into DB_SAWEE.TRADE (T_NO,M_NO,S_NO,T_TITLE,T_CONTENT,T_WRITTEN_DATE,T_UPDATED_DATE,T_HIT,T_RECOMMEND_NUM,T_REPORT_NUM,T_ISLAND,T_PRICE,BT_NO) values (98,9,32,'팔아연9','이것저것 팔아염9',to_date('20/03/31','RR/MM/DD'),to_date('20/03/31','RR/MM/DD'),0,0,0,1,0,9);
Insert into DB_SAWEE.TRADE (T_NO,M_NO,S_NO,T_TITLE,T_CONTENT,T_WRITTEN_DATE,T_UPDATED_DATE,T_HIT,T_RECOMMEND_NUM,T_REPORT_NUM,T_ISLAND,T_PRICE,BT_NO) values (99,10,32,'팔아연10','이것저것 팔아염10',to_date('20/03/31','RR/MM/DD'),to_date('20/03/31','RR/MM/DD'),0,0,0,1,0,9);
Insert into DB_SAWEE.TRADE (T_NO,M_NO,S_NO,T_TITLE,T_CONTENT,T_WRITTEN_DATE,T_UPDATED_DATE,T_HIT,T_RECOMMEND_NUM,T_REPORT_NUM,T_ISLAND,T_PRICE,BT_NO) values (100,11,32,'팔아연11','이것저것 팔아염11',to_date('20/03/31','RR/MM/DD'),to_date('20/03/31','RR/MM/DD'),0,0,0,1,0,9);
Insert into DB_SAWEE.TRADE (T_NO,M_NO,S_NO,T_TITLE,T_CONTENT,T_WRITTEN_DATE,T_UPDATED_DATE,T_HIT,T_RECOMMEND_NUM,T_REPORT_NUM,T_ISLAND,T_PRICE,BT_NO) values (101,12,32,'팔아연12','이것저것 팔아염12',to_date('20/03/31','RR/MM/DD'),to_date('20/03/31','RR/MM/DD'),0,0,0,1,0,9);
Insert into DB_SAWEE.TRADE (T_NO,M_NO,S_NO,T_TITLE,T_CONTENT,T_WRITTEN_DATE,T_UPDATED_DATE,T_HIT,T_RECOMMEND_NUM,T_REPORT_NUM,T_ISLAND,T_PRICE,BT_NO) values (102,13,32,'팔아연13','이것저것 팔아염13',to_date('20/03/31','RR/MM/DD'),to_date('20/03/31','RR/MM/DD'),0,0,0,0,0,9);
Insert into DB_SAWEE.TRADE (T_NO,M_NO,S_NO,T_TITLE,T_CONTENT,T_WRITTEN_DATE,T_UPDATED_DATE,T_HIT,T_RECOMMEND_NUM,T_REPORT_NUM,T_ISLAND,T_PRICE,BT_NO) values (103,14,32,'팔아연14','이것저것 팔아염14',to_date('20/03/31','RR/MM/DD'),to_date('20/03/31','RR/MM/DD'),0,0,0,0,0,9);
Insert into DB_SAWEE.TRADE (T_NO,M_NO,S_NO,T_TITLE,T_CONTENT,T_WRITTEN_DATE,T_UPDATED_DATE,T_HIT,T_RECOMMEND_NUM,T_REPORT_NUM,T_ISLAND,T_PRICE,BT_NO) values (104,1,32,'팔아연15','이것저것 팔아염15',to_date('20/03/31','RR/MM/DD'),to_date('20/03/31','RR/MM/DD'),0,0,0,0,0,9);
Insert into DB_SAWEE.TRADE (T_NO,M_NO,S_NO,T_TITLE,T_CONTENT,T_WRITTEN_DATE,T_UPDATED_DATE,T_HIT,T_RECOMMEND_NUM,T_REPORT_NUM,T_ISLAND,T_PRICE,BT_NO) values (105,3,32,'팔아연16','이것저것 팔아염16',to_date('20/03/31','RR/MM/DD'),to_date('20/03/31','RR/MM/DD'),0,0,0,1,0,9);
Insert into DB_SAWEE.TRADE (T_NO,M_NO,S_NO,T_TITLE,T_CONTENT,T_WRITTEN_DATE,T_UPDATED_DATE,T_HIT,T_RECOMMEND_NUM,T_REPORT_NUM,T_ISLAND,T_PRICE,BT_NO) values (106,3,32,'팔아연17','이것저것 팔아염17',to_date('20/03/31','RR/MM/DD'),to_date('20/03/31','RR/MM/DD'),0,0,0,1,0,9);
Insert into DB_SAWEE.TRADE (T_NO,M_NO,S_NO,T_TITLE,T_CONTENT,T_WRITTEN_DATE,T_UPDATED_DATE,T_HIT,T_RECOMMEND_NUM,T_REPORT_NUM,T_ISLAND,T_PRICE,BT_NO) values (107,3,32,'팔아연18','이것저것 팔아염18',to_date('20/03/31','RR/MM/DD'),to_date('20/03/31','RR/MM/DD'),0,0,0,1,0,9);
Insert into DB_SAWEE.TRADE (T_NO,M_NO,S_NO,T_TITLE,T_CONTENT,T_WRITTEN_DATE,T_UPDATED_DATE,T_HIT,T_RECOMMEND_NUM,T_REPORT_NUM,T_ISLAND,T_PRICE,BT_NO) values (108,1,32,'팔아연1','이것저것 팔아염1',to_date('20/03/31','RR/MM/DD'),to_date('20/03/31','RR/MM/DD'),0,0,0,0,0,9);
Insert into DB_SAWEE.TRADE (T_NO,M_NO,S_NO,T_TITLE,T_CONTENT,T_WRITTEN_DATE,T_UPDATED_DATE,T_HIT,T_RECOMMEND_NUM,T_REPORT_NUM,T_ISLAND,T_PRICE,BT_NO) values (109,2,32,'팔아연2','이것저것 팔아염2',to_date('20/03/31','RR/MM/DD'),to_date('20/03/31','RR/MM/DD'),0,0,0,0,0,9);
Insert into DB_SAWEE.TRADE (T_NO,M_NO,S_NO,T_TITLE,T_CONTENT,T_WRITTEN_DATE,T_UPDATED_DATE,T_HIT,T_RECOMMEND_NUM,T_REPORT_NUM,T_ISLAND,T_PRICE,BT_NO) values (110,3,32,'팔아연3','이것저것 팔아염3',to_date('20/03/31','RR/MM/DD'),to_date('20/03/31','RR/MM/DD'),0,0,0,0,0,9);
Insert into DB_SAWEE.TRADE (T_NO,M_NO,S_NO,T_TITLE,T_CONTENT,T_WRITTEN_DATE,T_UPDATED_DATE,T_HIT,T_RECOMMEND_NUM,T_REPORT_NUM,T_ISLAND,T_PRICE,BT_NO) values (111,4,32,'팔아연4','이것저것 팔아염4',to_date('20/03/31','RR/MM/DD'),to_date('20/03/31','RR/MM/DD'),0,0,0,0,0,9);
Insert into DB_SAWEE.TRADE (T_NO,M_NO,S_NO,T_TITLE,T_CONTENT,T_WRITTEN_DATE,T_UPDATED_DATE,T_HIT,T_RECOMMEND_NUM,T_REPORT_NUM,T_ISLAND,T_PRICE,BT_NO) values (112,5,32,'팔아연5','이것저것 팔아염5',to_date('20/03/31','RR/MM/DD'),to_date('20/03/31','RR/MM/DD'),0,0,0,0,0,9);
Insert into DB_SAWEE.TRADE (T_NO,M_NO,S_NO,T_TITLE,T_CONTENT,T_WRITTEN_DATE,T_UPDATED_DATE,T_HIT,T_RECOMMEND_NUM,T_REPORT_NUM,T_ISLAND,T_PRICE,BT_NO) values (113,6,32,'팔아연6','이것저것 팔아염6',to_date('20/03/31','RR/MM/DD'),to_date('20/03/31','RR/MM/DD'),0,0,0,0,0,9);
Insert into DB_SAWEE.TRADE (T_NO,M_NO,S_NO,T_TITLE,T_CONTENT,T_WRITTEN_DATE,T_UPDATED_DATE,T_HIT,T_RECOMMEND_NUM,T_REPORT_NUM,T_ISLAND,T_PRICE,BT_NO) values (114,7,32,'팔아연7','이것저것 팔아염7',to_date('20/03/31','RR/MM/DD'),to_date('20/03/31','RR/MM/DD'),0,0,0,1,0,9);
Insert into DB_SAWEE.TRADE (T_NO,M_NO,S_NO,T_TITLE,T_CONTENT,T_WRITTEN_DATE,T_UPDATED_DATE,T_HIT,T_RECOMMEND_NUM,T_REPORT_NUM,T_ISLAND,T_PRICE,BT_NO) values (115,8,32,'팔아연8','이것저것 팔아염8',to_date('20/03/31','RR/MM/DD'),to_date('20/03/31','RR/MM/DD'),0,0,0,1,0,9);
Insert into DB_SAWEE.TRADE (T_NO,M_NO,S_NO,T_TITLE,T_CONTENT,T_WRITTEN_DATE,T_UPDATED_DATE,T_HIT,T_RECOMMEND_NUM,T_REPORT_NUM,T_ISLAND,T_PRICE,BT_NO) values (116,9,32,'팔아연9','이것저것 팔아염9',to_date('20/03/31','RR/MM/DD'),to_date('20/03/31','RR/MM/DD'),0,0,0,1,0,9);
Insert into DB_SAWEE.TRADE (T_NO,M_NO,S_NO,T_TITLE,T_CONTENT,T_WRITTEN_DATE,T_UPDATED_DATE,T_HIT,T_RECOMMEND_NUM,T_REPORT_NUM,T_ISLAND,T_PRICE,BT_NO) values (117,10,32,'팔아연10','이것저것 팔아염10',to_date('20/03/31','RR/MM/DD'),to_date('20/03/31','RR/MM/DD'),0,0,0,1,0,9);
Insert into DB_SAWEE.TRADE (T_NO,M_NO,S_NO,T_TITLE,T_CONTENT,T_WRITTEN_DATE,T_UPDATED_DATE,T_HIT,T_RECOMMEND_NUM,T_REPORT_NUM,T_ISLAND,T_PRICE,BT_NO) values (118,11,32,'팔아연11','이것저것 팔아염11',to_date('20/03/31','RR/MM/DD'),to_date('20/03/31','RR/MM/DD'),0,0,0,1,0,9);
Insert into DB_SAWEE.TRADE (T_NO,M_NO,S_NO,T_TITLE,T_CONTENT,T_WRITTEN_DATE,T_UPDATED_DATE,T_HIT,T_RECOMMEND_NUM,T_REPORT_NUM,T_ISLAND,T_PRICE,BT_NO) values (119,12,32,'팔아연12','이것저것 팔아염12',to_date('20/03/31','RR/MM/DD'),to_date('20/03/31','RR/MM/DD'),0,0,0,1,0,9);
Insert into DB_SAWEE.TRADE (T_NO,M_NO,S_NO,T_TITLE,T_CONTENT,T_WRITTEN_DATE,T_UPDATED_DATE,T_HIT,T_RECOMMEND_NUM,T_REPORT_NUM,T_ISLAND,T_PRICE,BT_NO) values (120,13,32,'팔아연13','이것저것 팔아염13',to_date('20/03/31','RR/MM/DD'),to_date('20/03/31','RR/MM/DD'),0,0,0,0,0,9);
Insert into DB_SAWEE.TRADE (T_NO,M_NO,S_NO,T_TITLE,T_CONTENT,T_WRITTEN_DATE,T_UPDATED_DATE,T_HIT,T_RECOMMEND_NUM,T_REPORT_NUM,T_ISLAND,T_PRICE,BT_NO) values (121,14,32,'팔아연14','이것저것 팔아염14',to_date('20/03/31','RR/MM/DD'),to_date('20/03/31','RR/MM/DD'),0,0,0,0,0,9);
Insert into DB_SAWEE.TRADE (T_NO,M_NO,S_NO,T_TITLE,T_CONTENT,T_WRITTEN_DATE,T_UPDATED_DATE,T_HIT,T_RECOMMEND_NUM,T_REPORT_NUM,T_ISLAND,T_PRICE,BT_NO) values (122,1,32,'팔아연15','이것저것 팔아염15',to_date('20/03/31','RR/MM/DD'),to_date('20/03/31','RR/MM/DD'),0,0,0,0,0,9);
Insert into DB_SAWEE.TRADE (T_NO,M_NO,S_NO,T_TITLE,T_CONTENT,T_WRITTEN_DATE,T_UPDATED_DATE,T_HIT,T_RECOMMEND_NUM,T_REPORT_NUM,T_ISLAND,T_PRICE,BT_NO) values (123,3,32,'팔아연16','이것저것 팔아염16',to_date('20/03/31','RR/MM/DD'),to_date('20/03/31','RR/MM/DD'),0,0,0,1,0,9);
Insert into DB_SAWEE.TRADE (T_NO,M_NO,S_NO,T_TITLE,T_CONTENT,T_WRITTEN_DATE,T_UPDATED_DATE,T_HIT,T_RECOMMEND_NUM,T_REPORT_NUM,T_ISLAND,T_PRICE,BT_NO) values (124,3,32,'팔아연17','이것저것 팔아염17',to_date('20/03/31','RR/MM/DD'),to_date('20/03/31','RR/MM/DD'),0,0,0,1,0,9);
Insert into DB_SAWEE.TRADE (T_NO,M_NO,S_NO,T_TITLE,T_CONTENT,T_WRITTEN_DATE,T_UPDATED_DATE,T_HIT,T_RECOMMEND_NUM,T_REPORT_NUM,T_ISLAND,T_PRICE,BT_NO) values (126,1,32,'팔아연1','이것저것 팔아염1',to_date('20/03/31','RR/MM/DD'),to_date('20/03/31','RR/MM/DD'),0,0,0,0,0,9);
Insert into DB_SAWEE.TRADE (T_NO,M_NO,S_NO,T_TITLE,T_CONTENT,T_WRITTEN_DATE,T_UPDATED_DATE,T_HIT,T_RECOMMEND_NUM,T_REPORT_NUM,T_ISLAND,T_PRICE,BT_NO) values (127,2,32,'팔아연2','이것저것 팔아염2',to_date('20/03/31','RR/MM/DD'),to_date('20/03/31','RR/MM/DD'),0,0,0,0,0,9);
Insert into DB_SAWEE.TRADE (T_NO,M_NO,S_NO,T_TITLE,T_CONTENT,T_WRITTEN_DATE,T_UPDATED_DATE,T_HIT,T_RECOMMEND_NUM,T_REPORT_NUM,T_ISLAND,T_PRICE,BT_NO) values (128,3,32,'팔아연3','이것저것 팔아염3',to_date('20/03/31','RR/MM/DD'),to_date('20/03/31','RR/MM/DD'),0,0,0,0,0,9);
Insert into DB_SAWEE.TRADE (T_NO,M_NO,S_NO,T_TITLE,T_CONTENT,T_WRITTEN_DATE,T_UPDATED_DATE,T_HIT,T_RECOMMEND_NUM,T_REPORT_NUM,T_ISLAND,T_PRICE,BT_NO) values (129,4,32,'팔아연4','이것저것 팔아염4',to_date('20/03/31','RR/MM/DD'),to_date('20/03/31','RR/MM/DD'),0,0,0,0,0,9);
Insert into DB_SAWEE.TRADE (T_NO,M_NO,S_NO,T_TITLE,T_CONTENT,T_WRITTEN_DATE,T_UPDATED_DATE,T_HIT,T_RECOMMEND_NUM,T_REPORT_NUM,T_ISLAND,T_PRICE,BT_NO) values (130,5,32,'팔아연5','이것저것 팔아염5',to_date('20/03/31','RR/MM/DD'),to_date('20/03/31','RR/MM/DD'),0,0,0,0,0,9);
Insert into DB_SAWEE.TRADE (T_NO,M_NO,S_NO,T_TITLE,T_CONTENT,T_WRITTEN_DATE,T_UPDATED_DATE,T_HIT,T_RECOMMEND_NUM,T_REPORT_NUM,T_ISLAND,T_PRICE,BT_NO) values (131,6,32,'팔아연6','이것저것 팔아염6',to_date('20/03/31','RR/MM/DD'),to_date('20/03/31','RR/MM/DD'),0,0,0,0,0,9);
Insert into DB_SAWEE.TRADE (T_NO,M_NO,S_NO,T_TITLE,T_CONTENT,T_WRITTEN_DATE,T_UPDATED_DATE,T_HIT,T_RECOMMEND_NUM,T_REPORT_NUM,T_ISLAND,T_PRICE,BT_NO) values (132,7,32,'팔아연7','이것저것 팔아염7',to_date('20/03/31','RR/MM/DD'),to_date('20/03/31','RR/MM/DD'),0,0,0,1,0,9);
Insert into DB_SAWEE.TRADE (T_NO,M_NO,S_NO,T_TITLE,T_CONTENT,T_WRITTEN_DATE,T_UPDATED_DATE,T_HIT,T_RECOMMEND_NUM,T_REPORT_NUM,T_ISLAND,T_PRICE,BT_NO) values (133,8,32,'팔아연8','이것저것 팔아염8',to_date('20/03/31','RR/MM/DD'),to_date('20/03/31','RR/MM/DD'),0,0,0,1,0,9);
Insert into DB_SAWEE.TRADE (T_NO,M_NO,S_NO,T_TITLE,T_CONTENT,T_WRITTEN_DATE,T_UPDATED_DATE,T_HIT,T_RECOMMEND_NUM,T_REPORT_NUM,T_ISLAND,T_PRICE,BT_NO) values (134,9,32,'팔아연9','이것저것 팔아염9',to_date('20/03/31','RR/MM/DD'),to_date('20/03/31','RR/MM/DD'),0,0,0,1,0,9);
Insert into DB_SAWEE.TRADE (T_NO,M_NO,S_NO,T_TITLE,T_CONTENT,T_WRITTEN_DATE,T_UPDATED_DATE,T_HIT,T_RECOMMEND_NUM,T_REPORT_NUM,T_ISLAND,T_PRICE,BT_NO) values (135,10,32,'팔아연10','이것저것 팔아염10',to_date('20/03/31','RR/MM/DD'),to_date('20/03/31','RR/MM/DD'),0,0,0,1,0,9);
Insert into DB_SAWEE.TRADE (T_NO,M_NO,S_NO,T_TITLE,T_CONTENT,T_WRITTEN_DATE,T_UPDATED_DATE,T_HIT,T_RECOMMEND_NUM,T_REPORT_NUM,T_ISLAND,T_PRICE,BT_NO) values (136,11,32,'팔아연11','이것저것 팔아염11',to_date('20/03/31','RR/MM/DD'),to_date('20/03/31','RR/MM/DD'),0,0,0,1,0,9);
Insert into DB_SAWEE.TRADE (T_NO,M_NO,S_NO,T_TITLE,T_CONTENT,T_WRITTEN_DATE,T_UPDATED_DATE,T_HIT,T_RECOMMEND_NUM,T_REPORT_NUM,T_ISLAND,T_PRICE,BT_NO) values (137,12,32,'팔아연12','이것저것 팔아염12',to_date('20/03/31','RR/MM/DD'),to_date('20/03/31','RR/MM/DD'),0,0,0,1,0,9);
Insert into DB_SAWEE.TRADE (T_NO,M_NO,S_NO,T_TITLE,T_CONTENT,T_WRITTEN_DATE,T_UPDATED_DATE,T_HIT,T_RECOMMEND_NUM,T_REPORT_NUM,T_ISLAND,T_PRICE,BT_NO) values (138,13,32,'팔아연13','이것저것 팔아염13',to_date('20/03/31','RR/MM/DD'),to_date('20/03/31','RR/MM/DD'),0,0,0,0,0,9);
Insert into DB_SAWEE.TRADE (T_NO,M_NO,S_NO,T_TITLE,T_CONTENT,T_WRITTEN_DATE,T_UPDATED_DATE,T_HIT,T_RECOMMEND_NUM,T_REPORT_NUM,T_ISLAND,T_PRICE,BT_NO) values (139,14,32,'팔아연14','이것저것 팔아염14',to_date('20/03/31','RR/MM/DD'),to_date('20/03/31','RR/MM/DD'),0,0,0,0,0,9);
Insert into DB_SAWEE.TRADE (T_NO,M_NO,S_NO,T_TITLE,T_CONTENT,T_WRITTEN_DATE,T_UPDATED_DATE,T_HIT,T_RECOMMEND_NUM,T_REPORT_NUM,T_ISLAND,T_PRICE,BT_NO) values (140,1,32,'팔아연15','이것저것 팔아염15',to_date('20/03/31','RR/MM/DD'),to_date('20/03/31','RR/MM/DD'),0,0,0,0,0,9);
Insert into DB_SAWEE.TRADE (T_NO,M_NO,S_NO,T_TITLE,T_CONTENT,T_WRITTEN_DATE,T_UPDATED_DATE,T_HIT,T_RECOMMEND_NUM,T_REPORT_NUM,T_ISLAND,T_PRICE,BT_NO) values (141,3,32,'팔아연16','이것저것 팔아염16',to_date('20/03/31','RR/MM/DD'),to_date('20/03/31','RR/MM/DD'),0,0,0,1,0,9);
Insert into DB_SAWEE.TRADE (T_NO,M_NO,S_NO,T_TITLE,T_CONTENT,T_WRITTEN_DATE,T_UPDATED_DATE,T_HIT,T_RECOMMEND_NUM,T_REPORT_NUM,T_ISLAND,T_PRICE,BT_NO) values (142,3,32,'팔아연17','이것저것 팔아염17',to_date('20/03/31','RR/MM/DD'),to_date('20/03/31','RR/MM/DD'),0,0,0,1,0,9);
Insert into DB_SAWEE.TRADE (T_NO,M_NO,S_NO,T_TITLE,T_CONTENT,T_WRITTEN_DATE,T_UPDATED_DATE,T_HIT,T_RECOMMEND_NUM,T_REPORT_NUM,T_ISLAND,T_PRICE,BT_NO) values (143,3,32,'팔아연18','이것저것 팔아염18',to_date('20/03/31','RR/MM/DD'),to_date('20/03/31','RR/MM/DD'),0,0,0,1,0,9);
Insert into DB_SAWEE.TRADE (T_NO,M_NO,S_NO,T_TITLE,T_CONTENT,T_WRITTEN_DATE,T_UPDATED_DATE,T_HIT,T_RECOMMEND_NUM,T_REPORT_NUM,T_ISLAND,T_PRICE,BT_NO) values (144,1,32,'팔아연1','이것저것 팔아염1',to_date('20/03/31','RR/MM/DD'),to_date('20/03/31','RR/MM/DD'),0,0,0,0,0,9);
Insert into DB_SAWEE.TRADE (T_NO,M_NO,S_NO,T_TITLE,T_CONTENT,T_WRITTEN_DATE,T_UPDATED_DATE,T_HIT,T_RECOMMEND_NUM,T_REPORT_NUM,T_ISLAND,T_PRICE,BT_NO) values (145,2,32,'팔아연2','이것저것 팔아염2',to_date('20/03/31','RR/MM/DD'),to_date('20/03/31','RR/MM/DD'),0,0,0,0,0,9);
Insert into DB_SAWEE.TRADE (T_NO,M_NO,S_NO,T_TITLE,T_CONTENT,T_WRITTEN_DATE,T_UPDATED_DATE,T_HIT,T_RECOMMEND_NUM,T_REPORT_NUM,T_ISLAND,T_PRICE,BT_NO) values (146,3,32,'팔아연3','이것저것 팔아염3',to_date('20/03/31','RR/MM/DD'),to_date('20/03/31','RR/MM/DD'),0,0,0,0,0,9);
Insert into DB_SAWEE.TRADE (T_NO,M_NO,S_NO,T_TITLE,T_CONTENT,T_WRITTEN_DATE,T_UPDATED_DATE,T_HIT,T_RECOMMEND_NUM,T_REPORT_NUM,T_ISLAND,T_PRICE,BT_NO) values (147,4,32,'팔아연4','이것저것 팔아염4',to_date('20/03/31','RR/MM/DD'),to_date('20/03/31','RR/MM/DD'),0,0,0,0,0,9);
Insert into DB_SAWEE.TRADE (T_NO,M_NO,S_NO,T_TITLE,T_CONTENT,T_WRITTEN_DATE,T_UPDATED_DATE,T_HIT,T_RECOMMEND_NUM,T_REPORT_NUM,T_ISLAND,T_PRICE,BT_NO) values (148,5,32,'팔아연5','이것저것 팔아염5',to_date('20/03/31','RR/MM/DD'),to_date('20/03/31','RR/MM/DD'),0,0,0,0,0,9);
Insert into DB_SAWEE.TRADE (T_NO,M_NO,S_NO,T_TITLE,T_CONTENT,T_WRITTEN_DATE,T_UPDATED_DATE,T_HIT,T_RECOMMEND_NUM,T_REPORT_NUM,T_ISLAND,T_PRICE,BT_NO) values (149,6,32,'팔아연6','이것저것 팔아염6',to_date('20/03/31','RR/MM/DD'),to_date('20/03/31','RR/MM/DD'),0,0,0,0,0,9);
Insert into DB_SAWEE.TRADE (T_NO,M_NO,S_NO,T_TITLE,T_CONTENT,T_WRITTEN_DATE,T_UPDATED_DATE,T_HIT,T_RECOMMEND_NUM,T_REPORT_NUM,T_ISLAND,T_PRICE,BT_NO) values (150,7,32,'팔아연7','이것저것 팔아염7',to_date('20/03/31','RR/MM/DD'),to_date('20/03/31','RR/MM/DD'),0,0,0,1,0,9);
Insert into DB_SAWEE.TRADE (T_NO,M_NO,S_NO,T_TITLE,T_CONTENT,T_WRITTEN_DATE,T_UPDATED_DATE,T_HIT,T_RECOMMEND_NUM,T_REPORT_NUM,T_ISLAND,T_PRICE,BT_NO) values (151,8,32,'팔아연8','이것저것 팔아염8',to_date('20/03/31','RR/MM/DD'),to_date('20/03/31','RR/MM/DD'),0,0,0,1,0,9);
Insert into DB_SAWEE.TRADE (T_NO,M_NO,S_NO,T_TITLE,T_CONTENT,T_WRITTEN_DATE,T_UPDATED_DATE,T_HIT,T_RECOMMEND_NUM,T_REPORT_NUM,T_ISLAND,T_PRICE,BT_NO) values (152,9,32,'팔아연9','이것저것 팔아염9',to_date('20/03/31','RR/MM/DD'),to_date('20/03/31','RR/MM/DD'),0,0,0,1,0,9);
Insert into DB_SAWEE.TRADE (T_NO,M_NO,S_NO,T_TITLE,T_CONTENT,T_WRITTEN_DATE,T_UPDATED_DATE,T_HIT,T_RECOMMEND_NUM,T_REPORT_NUM,T_ISLAND,T_PRICE,BT_NO) values (153,10,32,'팔아연10','이것저것 팔아염10',to_date('20/03/31','RR/MM/DD'),to_date('20/03/31','RR/MM/DD'),0,0,0,1,0,9);
Insert into DB_SAWEE.TRADE (T_NO,M_NO,S_NO,T_TITLE,T_CONTENT,T_WRITTEN_DATE,T_UPDATED_DATE,T_HIT,T_RECOMMEND_NUM,T_REPORT_NUM,T_ISLAND,T_PRICE,BT_NO) values (154,11,32,'팔아연11','이것저것 팔아염11',to_date('20/03/31','RR/MM/DD'),to_date('20/03/31','RR/MM/DD'),0,0,0,1,0,9);
Insert into DB_SAWEE.TRADE (T_NO,M_NO,S_NO,T_TITLE,T_CONTENT,T_WRITTEN_DATE,T_UPDATED_DATE,T_HIT,T_RECOMMEND_NUM,T_REPORT_NUM,T_ISLAND,T_PRICE,BT_NO) values (155,12,32,'팔아연12','이것저것 팔아염12',to_date('20/03/31','RR/MM/DD'),to_date('20/03/31','RR/MM/DD'),0,0,0,1,0,9);
Insert into DB_SAWEE.TRADE (T_NO,M_NO,S_NO,T_TITLE,T_CONTENT,T_WRITTEN_DATE,T_UPDATED_DATE,T_HIT,T_RECOMMEND_NUM,T_REPORT_NUM,T_ISLAND,T_PRICE,BT_NO) values (156,13,32,'팔아연13','이것저것 팔아염13',to_date('20/03/31','RR/MM/DD'),to_date('20/03/31','RR/MM/DD'),0,0,0,0,0,9);
Insert into DB_SAWEE.TRADE (T_NO,M_NO,S_NO,T_TITLE,T_CONTENT,T_WRITTEN_DATE,T_UPDATED_DATE,T_HIT,T_RECOMMEND_NUM,T_REPORT_NUM,T_ISLAND,T_PRICE,BT_NO) values (157,14,32,'팔아연14','이것저것 팔아염14',to_date('20/03/31','RR/MM/DD'),to_date('20/03/31','RR/MM/DD'),0,0,0,0,0,9);
Insert into DB_SAWEE.TRADE (T_NO,M_NO,S_NO,T_TITLE,T_CONTENT,T_WRITTEN_DATE,T_UPDATED_DATE,T_HIT,T_RECOMMEND_NUM,T_REPORT_NUM,T_ISLAND,T_PRICE,BT_NO) values (158,1,32,'팔아연15','이것저것 팔아염15',to_date('20/03/31','RR/MM/DD'),to_date('20/03/31','RR/MM/DD'),0,0,0,0,0,9);
Insert into DB_SAWEE.TRADE (T_NO,M_NO,S_NO,T_TITLE,T_CONTENT,T_WRITTEN_DATE,T_UPDATED_DATE,T_HIT,T_RECOMMEND_NUM,T_REPORT_NUM,T_ISLAND,T_PRICE,BT_NO) values (159,3,32,'팔아연16','이것저것 팔아염16',to_date('20/03/31','RR/MM/DD'),to_date('20/03/31','RR/MM/DD'),0,0,0,1,0,9);
Insert into DB_SAWEE.TRADE (T_NO,M_NO,S_NO,T_TITLE,T_CONTENT,T_WRITTEN_DATE,T_UPDATED_DATE,T_HIT,T_RECOMMEND_NUM,T_REPORT_NUM,T_ISLAND,T_PRICE,BT_NO) values (160,3,32,'팔아연17','이것저것 팔아염17',to_date('20/03/31','RR/MM/DD'),to_date('20/03/31','RR/MM/DD'),0,0,0,1,0,9);
Insert into DB_SAWEE.TRADE (T_NO,M_NO,S_NO,T_TITLE,T_CONTENT,T_WRITTEN_DATE,T_UPDATED_DATE,T_HIT,T_RECOMMEND_NUM,T_REPORT_NUM,T_ISLAND,T_PRICE,BT_NO) values (161,3,32,'팔아연18','이것저것 팔아염18',to_date('20/03/31','RR/MM/DD'),to_date('20/03/31','RR/MM/DD'),0,0,0,1,0,9);
Insert into DB_SAWEE.TRADE (T_NO,M_NO,S_NO,T_TITLE,T_CONTENT,T_WRITTEN_DATE,T_UPDATED_DATE,T_HIT,T_RECOMMEND_NUM,T_REPORT_NUM,T_ISLAND,T_PRICE,BT_NO) values (162,1,32,'팔아연1','이것저것 팔아염1',to_date('20/03/31','RR/MM/DD'),to_date('20/03/31','RR/MM/DD'),0,0,0,0,0,9);
Insert into DB_SAWEE.TRADE (T_NO,M_NO,S_NO,T_TITLE,T_CONTENT,T_WRITTEN_DATE,T_UPDATED_DATE,T_HIT,T_RECOMMEND_NUM,T_REPORT_NUM,T_ISLAND,T_PRICE,BT_NO) values (163,2,32,'팔아연2','이것저것 팔아염2',to_date('20/03/31','RR/MM/DD'),to_date('20/03/31','RR/MM/DD'),0,0,0,0,0,9);
Insert into DB_SAWEE.TRADE (T_NO,M_NO,S_NO,T_TITLE,T_CONTENT,T_WRITTEN_DATE,T_UPDATED_DATE,T_HIT,T_RECOMMEND_NUM,T_REPORT_NUM,T_ISLAND,T_PRICE,BT_NO) values (164,3,32,'팔아연3','이것저것 팔아염3',to_date('20/03/31','RR/MM/DD'),to_date('20/03/31','RR/MM/DD'),0,0,0,0,0,9);
Insert into DB_SAWEE.TRADE (T_NO,M_NO,S_NO,T_TITLE,T_CONTENT,T_WRITTEN_DATE,T_UPDATED_DATE,T_HIT,T_RECOMMEND_NUM,T_REPORT_NUM,T_ISLAND,T_PRICE,BT_NO) values (165,4,32,'팔아연4','이것저것 팔아염4',to_date('20/03/31','RR/MM/DD'),to_date('20/03/31','RR/MM/DD'),0,0,0,0,0,9);
Insert into DB_SAWEE.TRADE (T_NO,M_NO,S_NO,T_TITLE,T_CONTENT,T_WRITTEN_DATE,T_UPDATED_DATE,T_HIT,T_RECOMMEND_NUM,T_REPORT_NUM,T_ISLAND,T_PRICE,BT_NO) values (166,5,32,'팔아연5','이것저것 팔아염5',to_date('20/03/31','RR/MM/DD'),to_date('20/03/31','RR/MM/DD'),0,0,0,0,0,9);
Insert into DB_SAWEE.TRADE (T_NO,M_NO,S_NO,T_TITLE,T_CONTENT,T_WRITTEN_DATE,T_UPDATED_DATE,T_HIT,T_RECOMMEND_NUM,T_REPORT_NUM,T_ISLAND,T_PRICE,BT_NO) values (167,6,32,'팔아연6','이것저것 팔아염6',to_date('20/03/31','RR/MM/DD'),to_date('20/03/31','RR/MM/DD'),0,0,0,0,0,9);
Insert into DB_SAWEE.TRADE (T_NO,M_NO,S_NO,T_TITLE,T_CONTENT,T_WRITTEN_DATE,T_UPDATED_DATE,T_HIT,T_RECOMMEND_NUM,T_REPORT_NUM,T_ISLAND,T_PRICE,BT_NO) values (168,7,32,'팔아연7','이것저것 팔아염7',to_date('20/03/31','RR/MM/DD'),to_date('20/03/31','RR/MM/DD'),0,0,0,1,0,9);
Insert into DB_SAWEE.TRADE (T_NO,M_NO,S_NO,T_TITLE,T_CONTENT,T_WRITTEN_DATE,T_UPDATED_DATE,T_HIT,T_RECOMMEND_NUM,T_REPORT_NUM,T_ISLAND,T_PRICE,BT_NO) values (169,8,32,'팔아연8','이것저것 팔아염8',to_date('20/03/31','RR/MM/DD'),to_date('20/03/31','RR/MM/DD'),0,0,0,1,0,9);
Insert into DB_SAWEE.TRADE (T_NO,M_NO,S_NO,T_TITLE,T_CONTENT,T_WRITTEN_DATE,T_UPDATED_DATE,T_HIT,T_RECOMMEND_NUM,T_REPORT_NUM,T_ISLAND,T_PRICE,BT_NO) values (170,9,32,'팔아연9','이것저것 팔아염9',to_date('20/03/31','RR/MM/DD'),to_date('20/03/31','RR/MM/DD'),0,0,0,1,0,9);
Insert into DB_SAWEE.TRADE (T_NO,M_NO,S_NO,T_TITLE,T_CONTENT,T_WRITTEN_DATE,T_UPDATED_DATE,T_HIT,T_RECOMMEND_NUM,T_REPORT_NUM,T_ISLAND,T_PRICE,BT_NO) values (172,11,32,'팔아연11','이것저것 팔아염11',to_date('20/03/31','RR/MM/DD'),to_date('20/03/31','RR/MM/DD'),0,0,0,1,0,9);
Insert into DB_SAWEE.TRADE (T_NO,M_NO,S_NO,T_TITLE,T_CONTENT,T_WRITTEN_DATE,T_UPDATED_DATE,T_HIT,T_RECOMMEND_NUM,T_REPORT_NUM,T_ISLAND,T_PRICE,BT_NO) values (173,12,32,'팔아연12','이것저것 팔아염12',to_date('20/03/31','RR/MM/DD'),to_date('20/03/31','RR/MM/DD'),0,0,0,1,0,9);
Insert into DB_SAWEE.TRADE (T_NO,M_NO,S_NO,T_TITLE,T_CONTENT,T_WRITTEN_DATE,T_UPDATED_DATE,T_HIT,T_RECOMMEND_NUM,T_REPORT_NUM,T_ISLAND,T_PRICE,BT_NO) values (174,13,32,'팔아연13','이것저것 팔아염13',to_date('20/03/31','RR/MM/DD'),to_date('20/03/31','RR/MM/DD'),0,0,0,0,0,9);
Insert into DB_SAWEE.TRADE (T_NO,M_NO,S_NO,T_TITLE,T_CONTENT,T_WRITTEN_DATE,T_UPDATED_DATE,T_HIT,T_RECOMMEND_NUM,T_REPORT_NUM,T_ISLAND,T_PRICE,BT_NO) values (175,14,32,'팔아연14','이것저것 팔아염14',to_date('20/03/31','RR/MM/DD'),to_date('20/03/31','RR/MM/DD'),0,0,0,0,0,9);
Insert into DB_SAWEE.TRADE (T_NO,M_NO,S_NO,T_TITLE,T_CONTENT,T_WRITTEN_DATE,T_UPDATED_DATE,T_HIT,T_RECOMMEND_NUM,T_REPORT_NUM,T_ISLAND,T_PRICE,BT_NO) values (176,1,32,'팔아연15','이것저것 팔아염15',to_date('20/03/31','RR/MM/DD'),to_date('20/03/31','RR/MM/DD'),0,0,0,0,0,9);
Insert into DB_SAWEE.TRADE (T_NO,M_NO,S_NO,T_TITLE,T_CONTENT,T_WRITTEN_DATE,T_UPDATED_DATE,T_HIT,T_RECOMMEND_NUM,T_REPORT_NUM,T_ISLAND,T_PRICE,BT_NO) values (177,3,32,'팔아연16','이것저것 팔아염16',to_date('20/03/31','RR/MM/DD'),to_date('20/03/31','RR/MM/DD'),0,0,0,1,0,9);
Insert into DB_SAWEE.TRADE (T_NO,M_NO,S_NO,T_TITLE,T_CONTENT,T_WRITTEN_DATE,T_UPDATED_DATE,T_HIT,T_RECOMMEND_NUM,T_REPORT_NUM,T_ISLAND,T_PRICE,BT_NO) values (178,3,32,'팔아연17','이것저것 팔아염17',to_date('20/03/31','RR/MM/DD'),to_date('20/03/31','RR/MM/DD'),0,0,0,1,0,9);
Insert into DB_SAWEE.TRADE (T_NO,M_NO,S_NO,T_TITLE,T_CONTENT,T_WRITTEN_DATE,T_UPDATED_DATE,T_HIT,T_RECOMMEND_NUM,T_REPORT_NUM,T_ISLAND,T_PRICE,BT_NO) values (179,3,32,'팔아연18','이것저것 팔아염18',to_date('20/03/31','RR/MM/DD'),to_date('20/03/31','RR/MM/DD'),0,0,0,1,0,9);
Insert into DB_SAWEE.TRADE (T_NO,M_NO,S_NO,T_TITLE,T_CONTENT,T_WRITTEN_DATE,T_UPDATED_DATE,T_HIT,T_RECOMMEND_NUM,T_REPORT_NUM,T_ISLAND,T_PRICE,BT_NO) values (180,1,32,'팔아연1','이것저것 팔아염1',to_date('20/03/31','RR/MM/DD'),to_date('20/03/31','RR/MM/DD'),0,0,0,0,0,9);
Insert into DB_SAWEE.TRADE (T_NO,M_NO,S_NO,T_TITLE,T_CONTENT,T_WRITTEN_DATE,T_UPDATED_DATE,T_HIT,T_RECOMMEND_NUM,T_REPORT_NUM,T_ISLAND,T_PRICE,BT_NO) values (181,2,32,'팔아연2','이것저것 팔아염2',to_date('20/03/31','RR/MM/DD'),to_date('20/03/31','RR/MM/DD'),0,0,0,0,0,9);
Insert into DB_SAWEE.TRADE (T_NO,M_NO,S_NO,T_TITLE,T_CONTENT,T_WRITTEN_DATE,T_UPDATED_DATE,T_HIT,T_RECOMMEND_NUM,T_REPORT_NUM,T_ISLAND,T_PRICE,BT_NO) values (182,3,32,'팔아연3','이것저것 팔아염3',to_date('20/03/31','RR/MM/DD'),to_date('20/03/31','RR/MM/DD'),0,0,0,0,0,9);
Insert into DB_SAWEE.TRADE (T_NO,M_NO,S_NO,T_TITLE,T_CONTENT,T_WRITTEN_DATE,T_UPDATED_DATE,T_HIT,T_RECOMMEND_NUM,T_REPORT_NUM,T_ISLAND,T_PRICE,BT_NO) values (183,4,32,'팔아연4','이것저것 팔아염4',to_date('20/03/31','RR/MM/DD'),to_date('20/03/31','RR/MM/DD'),0,0,0,0,0,9);
Insert into DB_SAWEE.TRADE (T_NO,M_NO,S_NO,T_TITLE,T_CONTENT,T_WRITTEN_DATE,T_UPDATED_DATE,T_HIT,T_RECOMMEND_NUM,T_REPORT_NUM,T_ISLAND,T_PRICE,BT_NO) values (184,5,32,'팔아연5','이것저것 팔아염5',to_date('20/03/31','RR/MM/DD'),to_date('20/03/31','RR/MM/DD'),0,0,0,0,0,9);
Insert into DB_SAWEE.TRADE (T_NO,M_NO,S_NO,T_TITLE,T_CONTENT,T_WRITTEN_DATE,T_UPDATED_DATE,T_HIT,T_RECOMMEND_NUM,T_REPORT_NUM,T_ISLAND,T_PRICE,BT_NO) values (185,6,32,'팔아연6','이것저것 팔아염6',to_date('20/03/31','RR/MM/DD'),to_date('20/03/31','RR/MM/DD'),0,0,0,0,0,9);
Insert into DB_SAWEE.TRADE (T_NO,M_NO,S_NO,T_TITLE,T_CONTENT,T_WRITTEN_DATE,T_UPDATED_DATE,T_HIT,T_RECOMMEND_NUM,T_REPORT_NUM,T_ISLAND,T_PRICE,BT_NO) values (186,7,32,'팔아연7','이것저것 팔아염7',to_date('20/03/31','RR/MM/DD'),to_date('20/03/31','RR/MM/DD'),2,0,0,1,0,9);
Insert into DB_SAWEE.TRADE (T_NO,M_NO,S_NO,T_TITLE,T_CONTENT,T_WRITTEN_DATE,T_UPDATED_DATE,T_HIT,T_RECOMMEND_NUM,T_REPORT_NUM,T_ISLAND,T_PRICE,BT_NO) values (188,9,32,'팔아연9','이것저것 팔아염9',to_date('20/03/31','RR/MM/DD'),to_date('20/03/31','RR/MM/DD'),0,0,0,1,0,9);
Insert into DB_SAWEE.TRADE (T_NO,M_NO,S_NO,T_TITLE,T_CONTENT,T_WRITTEN_DATE,T_UPDATED_DATE,T_HIT,T_RECOMMEND_NUM,T_REPORT_NUM,T_ISLAND,T_PRICE,BT_NO) values (190,11,32,'팔아연11','이것저것 팔아염11',to_date('20/03/31','RR/MM/DD'),to_date('20/03/31','RR/MM/DD'),0,0,0,1,0,9);
Insert into DB_SAWEE.TRADE (T_NO,M_NO,S_NO,T_TITLE,T_CONTENT,T_WRITTEN_DATE,T_UPDATED_DATE,T_HIT,T_RECOMMEND_NUM,T_REPORT_NUM,T_ISLAND,T_PRICE,BT_NO) values (191,12,32,'팔아연12','이것저것 팔아염12',to_date('20/03/31','RR/MM/DD'),to_date('20/03/31','RR/MM/DD'),0,0,0,1,0,9);
Insert into DB_SAWEE.TRADE (T_NO,M_NO,S_NO,T_TITLE,T_CONTENT,T_WRITTEN_DATE,T_UPDATED_DATE,T_HIT,T_RECOMMEND_NUM,T_REPORT_NUM,T_ISLAND,T_PRICE,BT_NO) values (192,13,32,'팔아연13','이것저것 팔아염13',to_date('20/03/31','RR/MM/DD'),to_date('20/03/31','RR/MM/DD'),0,0,0,0,0,9);
Insert into DB_SAWEE.TRADE (T_NO,M_NO,S_NO,T_TITLE,T_CONTENT,T_WRITTEN_DATE,T_UPDATED_DATE,T_HIT,T_RECOMMEND_NUM,T_REPORT_NUM,T_ISLAND,T_PRICE,BT_NO) values (193,14,32,'팔아연14','이것저것 팔아염14',to_date('20/03/31','RR/MM/DD'),to_date('20/03/31','RR/MM/DD'),0,0,0,0,0,9);
Insert into DB_SAWEE.TRADE (T_NO,M_NO,S_NO,T_TITLE,T_CONTENT,T_WRITTEN_DATE,T_UPDATED_DATE,T_HIT,T_RECOMMEND_NUM,T_REPORT_NUM,T_ISLAND,T_PRICE,BT_NO) values (194,1,32,'팔아연15','이것저것 팔아염15',to_date('20/03/31','RR/MM/DD'),to_date('20/03/31','RR/MM/DD'),0,0,0,0,0,9);
Insert into DB_SAWEE.TRADE (T_NO,M_NO,S_NO,T_TITLE,T_CONTENT,T_WRITTEN_DATE,T_UPDATED_DATE,T_HIT,T_RECOMMEND_NUM,T_REPORT_NUM,T_ISLAND,T_PRICE,BT_NO) values (195,3,32,'팔아연16','이것저것 팔아염16',to_date('20/03/31','RR/MM/DD'),to_date('20/03/31','RR/MM/DD'),0,0,0,1,0,9);
Insert into DB_SAWEE.TRADE (T_NO,M_NO,S_NO,T_TITLE,T_CONTENT,T_WRITTEN_DATE,T_UPDATED_DATE,T_HIT,T_RECOMMEND_NUM,T_REPORT_NUM,T_ISLAND,T_PRICE,BT_NO) values (197,3,32,'팔아연18','이것저것 팔아염18',to_date('20/03/31','RR/MM/DD'),to_date('20/03/31','RR/MM/DD'),0,0,0,1,0,9);
Insert into DB_SAWEE.TRADE (T_NO,M_NO,S_NO,T_TITLE,T_CONTENT,T_WRITTEN_DATE,T_UPDATED_DATE,T_HIT,T_RECOMMEND_NUM,T_REPORT_NUM,T_ISLAND,T_PRICE,BT_NO) values (199,2,32,'팔아연2','이것저것 팔아염2',to_date('20/03/31','RR/MM/DD'),to_date('20/03/31','RR/MM/DD'),7,0,0,0,0,9);
Insert into DB_SAWEE.TRADE (T_NO,M_NO,S_NO,T_TITLE,T_CONTENT,T_WRITTEN_DATE,T_UPDATED_DATE,T_HIT,T_RECOMMEND_NUM,T_REPORT_NUM,T_ISLAND,T_PRICE,BT_NO) values (200,3,32,'팔아연3','이것저것 팔아염3',to_date('20/03/31','RR/MM/DD'),to_date('20/03/31','RR/MM/DD'),0,0,0,0,0,9);
Insert into DB_SAWEE.TRADE (T_NO,M_NO,S_NO,T_TITLE,T_CONTENT,T_WRITTEN_DATE,T_UPDATED_DATE,T_HIT,T_RECOMMEND_NUM,T_REPORT_NUM,T_ISLAND,T_PRICE,BT_NO) values (202,2,32,'팔아연2','이것저것 팔아염2',to_date('20/04/06','RR/MM/DD'),to_date('20/04/06','RR/MM/DD'),0,0,0,0,0,9);
Insert into DB_SAWEE.TRADE (T_NO,M_NO,S_NO,T_TITLE,T_CONTENT,T_WRITTEN_DATE,T_UPDATED_DATE,T_HIT,T_RECOMMEND_NUM,T_REPORT_NUM,T_ISLAND,T_PRICE,BT_NO) values (203,3,32,'팔아연3','이것저것 팔아염3',to_date('20/04/06','RR/MM/DD'),to_date('20/04/06','RR/MM/DD'),0,0,0,0,0,9);
Insert into DB_SAWEE.TRADE (T_NO,M_NO,S_NO,T_TITLE,T_CONTENT,T_WRITTEN_DATE,T_UPDATED_DATE,T_HIT,T_RECOMMEND_NUM,T_REPORT_NUM,T_ISLAND,T_PRICE,BT_NO) values (204,4,32,'팔아연4','이것저것 팔아염4',to_date('20/04/06','RR/MM/DD'),to_date('20/04/06','RR/MM/DD'),0,0,0,0,0,9);
Insert into DB_SAWEE.TRADE (T_NO,M_NO,S_NO,T_TITLE,T_CONTENT,T_WRITTEN_DATE,T_UPDATED_DATE,T_HIT,T_RECOMMEND_NUM,T_REPORT_NUM,T_ISLAND,T_PRICE,BT_NO) values (205,5,32,'팔아연5','이것저것 팔아염5',to_date('20/04/06','RR/MM/DD'),to_date('20/04/06','RR/MM/DD'),0,0,0,0,0,9);
Insert into DB_SAWEE.TRADE (T_NO,M_NO,S_NO,T_TITLE,T_CONTENT,T_WRITTEN_DATE,T_UPDATED_DATE,T_HIT,T_RECOMMEND_NUM,T_REPORT_NUM,T_ISLAND,T_PRICE,BT_NO) values (206,6,32,'팔아연6','이것저것 팔아염6',to_date('20/04/06','RR/MM/DD'),to_date('20/04/06','RR/MM/DD'),0,0,0,0,0,9);
Insert into DB_SAWEE.TRADE (T_NO,M_NO,S_NO,T_TITLE,T_CONTENT,T_WRITTEN_DATE,T_UPDATED_DATE,T_HIT,T_RECOMMEND_NUM,T_REPORT_NUM,T_ISLAND,T_PRICE,BT_NO) values (207,7,32,'팔아연7','이것저것 팔아염7',to_date('20/04/06','RR/MM/DD'),to_date('20/04/06','RR/MM/DD'),0,0,0,1,0,9);
Insert into DB_SAWEE.TRADE (T_NO,M_NO,S_NO,T_TITLE,T_CONTENT,T_WRITTEN_DATE,T_UPDATED_DATE,T_HIT,T_RECOMMEND_NUM,T_REPORT_NUM,T_ISLAND,T_PRICE,BT_NO) values (208,8,32,'팔아연8','이것저것 팔아염8',to_date('20/04/06','RR/MM/DD'),to_date('20/04/06','RR/MM/DD'),0,0,0,1,0,9);
Insert into DB_SAWEE.TRADE (T_NO,M_NO,S_NO,T_TITLE,T_CONTENT,T_WRITTEN_DATE,T_UPDATED_DATE,T_HIT,T_RECOMMEND_NUM,T_REPORT_NUM,T_ISLAND,T_PRICE,BT_NO) values (209,10,32,'팔아연10','이것저것 팔아염10',to_date('20/04/06','RR/MM/DD'),to_date('20/04/06','RR/MM/DD'),0,0,0,1,0,9);
Insert into DB_SAWEE.TRADE (T_NO,M_NO,S_NO,T_TITLE,T_CONTENT,T_WRITTEN_DATE,T_UPDATED_DATE,T_HIT,T_RECOMMEND_NUM,T_REPORT_NUM,T_ISLAND,T_PRICE,BT_NO) values (210,11,32,'팔아연11','이것저것 팔아염11',to_date('20/04/06','RR/MM/DD'),to_date('20/04/06','RR/MM/DD'),0,0,0,1,0,9);
Insert into DB_SAWEE.TRADE (T_NO,M_NO,S_NO,T_TITLE,T_CONTENT,T_WRITTEN_DATE,T_UPDATED_DATE,T_HIT,T_RECOMMEND_NUM,T_REPORT_NUM,T_ISLAND,T_PRICE,BT_NO) values (211,12,32,'팔아연12','이것저것 팔아염12',to_date('20/04/06','RR/MM/DD'),to_date('20/04/06','RR/MM/DD'),0,0,0,1,0,9);
Insert into DB_SAWEE.TRADE (T_NO,M_NO,S_NO,T_TITLE,T_CONTENT,T_WRITTEN_DATE,T_UPDATED_DATE,T_HIT,T_RECOMMEND_NUM,T_REPORT_NUM,T_ISLAND,T_PRICE,BT_NO) values (212,13,32,'팔아연13','이것저것 팔아염13',to_date('20/04/06','RR/MM/DD'),to_date('20/04/06','RR/MM/DD'),0,0,0,0,0,9);
Insert into DB_SAWEE.TRADE (T_NO,M_NO,S_NO,T_TITLE,T_CONTENT,T_WRITTEN_DATE,T_UPDATED_DATE,T_HIT,T_RECOMMEND_NUM,T_REPORT_NUM,T_ISLAND,T_PRICE,BT_NO) values (213,14,32,'팔아연14','이것저것 팔아염14',to_date('20/04/06','RR/MM/DD'),to_date('20/04/06','RR/MM/DD'),0,0,0,0,0,9);
Insert into DB_SAWEE.TRADE (T_NO,M_NO,S_NO,T_TITLE,T_CONTENT,T_WRITTEN_DATE,T_UPDATED_DATE,T_HIT,T_RECOMMEND_NUM,T_REPORT_NUM,T_ISLAND,T_PRICE,BT_NO) values (214,1,32,'팔아연15','이것저것 팔아염15',to_date('20/04/06','RR/MM/DD'),to_date('20/04/06','RR/MM/DD'),0,0,0,0,0,9);
Insert into DB_SAWEE.TRADE (T_NO,M_NO,S_NO,T_TITLE,T_CONTENT,T_WRITTEN_DATE,T_UPDATED_DATE,T_HIT,T_RECOMMEND_NUM,T_REPORT_NUM,T_ISLAND,T_PRICE,BT_NO) values (215,3,32,'팔아연16','이것저것 팔아염16',to_date('20/04/06','RR/MM/DD'),to_date('20/04/06','RR/MM/DD'),0,0,0,1,0,9);
Insert into DB_SAWEE.TRADE (T_NO,M_NO,S_NO,T_TITLE,T_CONTENT,T_WRITTEN_DATE,T_UPDATED_DATE,T_HIT,T_RECOMMEND_NUM,T_REPORT_NUM,T_ISLAND,T_PRICE,BT_NO) values (216,3,32,'팔아연17','이것저것 팔아염17',to_date('20/04/06','RR/MM/DD'),to_date('20/04/06','RR/MM/DD'),0,0,0,1,0,9);
Insert into DB_SAWEE.TRADE (T_NO,M_NO,S_NO,T_TITLE,T_CONTENT,T_WRITTEN_DATE,T_UPDATED_DATE,T_HIT,T_RECOMMEND_NUM,T_REPORT_NUM,T_ISLAND,T_PRICE,BT_NO) values (217,3,32,'팔아연18','이것저것 팔아염18',to_date('20/04/06','RR/MM/DD'),to_date('20/04/06','RR/MM/DD'),0,0,0,1,0,9);
Insert into DB_SAWEE.TRADE (T_NO,M_NO,S_NO,T_TITLE,T_CONTENT,T_WRITTEN_DATE,T_UPDATED_DATE,T_HIT,T_RECOMMEND_NUM,T_REPORT_NUM,T_ISLAND,T_PRICE,BT_NO) values (218,1,32,'팔아연1','이것저것 팔아염1',to_date('20/04/06','RR/MM/DD'),to_date('20/04/06','RR/MM/DD'),0,0,0,0,0,9);
Insert into DB_SAWEE.TRADE (T_NO,M_NO,S_NO,T_TITLE,T_CONTENT,T_WRITTEN_DATE,T_UPDATED_DATE,T_HIT,T_RECOMMEND_NUM,T_REPORT_NUM,T_ISLAND,T_PRICE,BT_NO) values (219,2,32,'팔아연2','이것저것 팔아염2',to_date('20/04/06','RR/MM/DD'),to_date('20/04/06','RR/MM/DD'),0,0,0,0,0,9);
Insert into DB_SAWEE.TRADE (T_NO,M_NO,S_NO,T_TITLE,T_CONTENT,T_WRITTEN_DATE,T_UPDATED_DATE,T_HIT,T_RECOMMEND_NUM,T_REPORT_NUM,T_ISLAND,T_PRICE,BT_NO) values (220,3,32,'팔아연3','이것저것 팔아염3',to_date('20/04/06','RR/MM/DD'),to_date('20/04/06','RR/MM/DD'),0,0,0,0,0,9);
Insert into DB_SAWEE.TRADE (T_NO,M_NO,S_NO,T_TITLE,T_CONTENT,T_WRITTEN_DATE,T_UPDATED_DATE,T_HIT,T_RECOMMEND_NUM,T_REPORT_NUM,T_ISLAND,T_PRICE,BT_NO) values (221,4,32,'팔아연4','이것저것 팔아염4',to_date('20/04/06','RR/MM/DD'),to_date('20/04/06','RR/MM/DD'),0,0,0,0,0,9);
Insert into DB_SAWEE.TRADE (T_NO,M_NO,S_NO,T_TITLE,T_CONTENT,T_WRITTEN_DATE,T_UPDATED_DATE,T_HIT,T_RECOMMEND_NUM,T_REPORT_NUM,T_ISLAND,T_PRICE,BT_NO) values (222,5,32,'팔아연5','이것저것 팔아염5',to_date('20/04/06','RR/MM/DD'),to_date('20/04/06','RR/MM/DD'),0,0,0,0,0,9);
Insert into DB_SAWEE.TRADE (T_NO,M_NO,S_NO,T_TITLE,T_CONTENT,T_WRITTEN_DATE,T_UPDATED_DATE,T_HIT,T_RECOMMEND_NUM,T_REPORT_NUM,T_ISLAND,T_PRICE,BT_NO) values (223,6,32,'팔아연6','이것저것 팔아염6',to_date('20/04/06','RR/MM/DD'),to_date('20/04/06','RR/MM/DD'),0,0,0,0,0,9);
Insert into DB_SAWEE.TRADE (T_NO,M_NO,S_NO,T_TITLE,T_CONTENT,T_WRITTEN_DATE,T_UPDATED_DATE,T_HIT,T_RECOMMEND_NUM,T_REPORT_NUM,T_ISLAND,T_PRICE,BT_NO) values (224,7,32,'팔아연7','이것저것 팔아염7',to_date('20/04/06','RR/MM/DD'),to_date('20/04/06','RR/MM/DD'),0,0,0,1,0,9);
Insert into DB_SAWEE.TRADE (T_NO,M_NO,S_NO,T_TITLE,T_CONTENT,T_WRITTEN_DATE,T_UPDATED_DATE,T_HIT,T_RECOMMEND_NUM,T_REPORT_NUM,T_ISLAND,T_PRICE,BT_NO) values (225,8,32,'팔아연8','이것저것 팔아염8',to_date('20/04/06','RR/MM/DD'),to_date('20/04/06','RR/MM/DD'),0,0,0,1,0,9);
Insert into DB_SAWEE.TRADE (T_NO,M_NO,S_NO,T_TITLE,T_CONTENT,T_WRITTEN_DATE,T_UPDATED_DATE,T_HIT,T_RECOMMEND_NUM,T_REPORT_NUM,T_ISLAND,T_PRICE,BT_NO) values (226,9,32,'팔아연9','이것저것 팔아염9',to_date('20/04/06','RR/MM/DD'),to_date('20/04/06','RR/MM/DD'),0,0,0,1,0,9);
Insert into DB_SAWEE.TRADE (T_NO,M_NO,S_NO,T_TITLE,T_CONTENT,T_WRITTEN_DATE,T_UPDATED_DATE,T_HIT,T_RECOMMEND_NUM,T_REPORT_NUM,T_ISLAND,T_PRICE,BT_NO) values (227,10,32,'팔아연10','이것저것 팔아염10',to_date('20/04/06','RR/MM/DD'),to_date('20/04/06','RR/MM/DD'),0,0,0,1,0,9);
Insert into DB_SAWEE.TRADE (T_NO,M_NO,S_NO,T_TITLE,T_CONTENT,T_WRITTEN_DATE,T_UPDATED_DATE,T_HIT,T_RECOMMEND_NUM,T_REPORT_NUM,T_ISLAND,T_PRICE,BT_NO) values (228,11,32,'팔아연11','이것저것 팔아염11',to_date('20/04/06','RR/MM/DD'),to_date('20/04/06','RR/MM/DD'),0,0,0,1,0,9);
Insert into DB_SAWEE.TRADE (T_NO,M_NO,S_NO,T_TITLE,T_CONTENT,T_WRITTEN_DATE,T_UPDATED_DATE,T_HIT,T_RECOMMEND_NUM,T_REPORT_NUM,T_ISLAND,T_PRICE,BT_NO) values (229,12,32,'팔아연12','이것저것 팔아염12',to_date('20/04/06','RR/MM/DD'),to_date('20/04/06','RR/MM/DD'),0,0,0,1,0,9);
Insert into DB_SAWEE.TRADE (T_NO,M_NO,S_NO,T_TITLE,T_CONTENT,T_WRITTEN_DATE,T_UPDATED_DATE,T_HIT,T_RECOMMEND_NUM,T_REPORT_NUM,T_ISLAND,T_PRICE,BT_NO) values (230,13,32,'팔아연13','이것저것 팔아염13',to_date('20/04/06','RR/MM/DD'),to_date('20/04/06','RR/MM/DD'),0,0,0,0,0,9);
Insert into DB_SAWEE.TRADE (T_NO,M_NO,S_NO,T_TITLE,T_CONTENT,T_WRITTEN_DATE,T_UPDATED_DATE,T_HIT,T_RECOMMEND_NUM,T_REPORT_NUM,T_ISLAND,T_PRICE,BT_NO) values (231,14,32,'팔아연14','이것저것 팔아염14',to_date('20/04/06','RR/MM/DD'),to_date('20/04/06','RR/MM/DD'),0,0,0,0,0,9);
Insert into DB_SAWEE.TRADE (T_NO,M_NO,S_NO,T_TITLE,T_CONTENT,T_WRITTEN_DATE,T_UPDATED_DATE,T_HIT,T_RECOMMEND_NUM,T_REPORT_NUM,T_ISLAND,T_PRICE,BT_NO) values (232,1,32,'팔아연15','이것저것 팔아염15',to_date('20/04/06','RR/MM/DD'),to_date('20/04/06','RR/MM/DD'),0,0,0,0,0,9);
Insert into DB_SAWEE.TRADE (T_NO,M_NO,S_NO,T_TITLE,T_CONTENT,T_WRITTEN_DATE,T_UPDATED_DATE,T_HIT,T_RECOMMEND_NUM,T_REPORT_NUM,T_ISLAND,T_PRICE,BT_NO) values (233,3,32,'팔아연16','이것저것 팔아염16',to_date('20/04/06','RR/MM/DD'),to_date('20/04/06','RR/MM/DD'),0,0,0,1,0,9);
Insert into DB_SAWEE.TRADE (T_NO,M_NO,S_NO,T_TITLE,T_CONTENT,T_WRITTEN_DATE,T_UPDATED_DATE,T_HIT,T_RECOMMEND_NUM,T_REPORT_NUM,T_ISLAND,T_PRICE,BT_NO) values (234,3,32,'팔아연17','이것저것 팔아염17',to_date('20/04/06','RR/MM/DD'),to_date('20/04/06','RR/MM/DD'),0,0,0,1,0,9);
Insert into DB_SAWEE.TRADE (T_NO,M_NO,S_NO,T_TITLE,T_CONTENT,T_WRITTEN_DATE,T_UPDATED_DATE,T_HIT,T_RECOMMEND_NUM,T_REPORT_NUM,T_ISLAND,T_PRICE,BT_NO) values (235,3,32,'팔아연18','이것저것 팔아염18',to_date('20/04/06','RR/MM/DD'),to_date('20/04/06','RR/MM/DD'),0,0,0,1,0,9);
Insert into DB_SAWEE.TRADE (T_NO,M_NO,S_NO,T_TITLE,T_CONTENT,T_WRITTEN_DATE,T_UPDATED_DATE,T_HIT,T_RECOMMEND_NUM,T_REPORT_NUM,T_ISLAND,T_PRICE,BT_NO) values (236,1,32,'팔아연1','이것저것 팔아염1',to_date('20/04/06','RR/MM/DD'),to_date('20/04/06','RR/MM/DD'),0,0,0,0,0,9);
Insert into DB_SAWEE.TRADE (T_NO,M_NO,S_NO,T_TITLE,T_CONTENT,T_WRITTEN_DATE,T_UPDATED_DATE,T_HIT,T_RECOMMEND_NUM,T_REPORT_NUM,T_ISLAND,T_PRICE,BT_NO) values (237,2,32,'팔아연2','이것저것 팔아염2',to_date('20/04/06','RR/MM/DD'),to_date('20/04/06','RR/MM/DD'),0,0,0,0,0,9);
Insert into DB_SAWEE.TRADE (T_NO,M_NO,S_NO,T_TITLE,T_CONTENT,T_WRITTEN_DATE,T_UPDATED_DATE,T_HIT,T_RECOMMEND_NUM,T_REPORT_NUM,T_ISLAND,T_PRICE,BT_NO) values (238,3,32,'팔아연3','이것저것 팔아염3',to_date('20/04/06','RR/MM/DD'),to_date('20/04/06','RR/MM/DD'),0,0,0,0,0,9);
Insert into DB_SAWEE.TRADE (T_NO,M_NO,S_NO,T_TITLE,T_CONTENT,T_WRITTEN_DATE,T_UPDATED_DATE,T_HIT,T_RECOMMEND_NUM,T_REPORT_NUM,T_ISLAND,T_PRICE,BT_NO) values (239,4,32,'팔아연4','이것저것 팔아염4',to_date('20/04/06','RR/MM/DD'),to_date('20/04/06','RR/MM/DD'),0,0,0,0,0,9);
Insert into DB_SAWEE.TRADE (T_NO,M_NO,S_NO,T_TITLE,T_CONTENT,T_WRITTEN_DATE,T_UPDATED_DATE,T_HIT,T_RECOMMEND_NUM,T_REPORT_NUM,T_ISLAND,T_PRICE,BT_NO) values (240,5,32,'팔아연5','이것저것 팔아염5',to_date('20/04/06','RR/MM/DD'),to_date('20/04/06','RR/MM/DD'),0,0,0,0,0,9);
Insert into DB_SAWEE.TRADE (T_NO,M_NO,S_NO,T_TITLE,T_CONTENT,T_WRITTEN_DATE,T_UPDATED_DATE,T_HIT,T_RECOMMEND_NUM,T_REPORT_NUM,T_ISLAND,T_PRICE,BT_NO) values (241,6,32,'팔아연6','이것저것 팔아염6',to_date('20/04/06','RR/MM/DD'),to_date('20/04/06','RR/MM/DD'),0,0,0,0,0,9);
Insert into DB_SAWEE.TRADE (T_NO,M_NO,S_NO,T_TITLE,T_CONTENT,T_WRITTEN_DATE,T_UPDATED_DATE,T_HIT,T_RECOMMEND_NUM,T_REPORT_NUM,T_ISLAND,T_PRICE,BT_NO) values (242,7,32,'팔아연7','이것저것 팔아염7',to_date('20/04/06','RR/MM/DD'),to_date('20/04/06','RR/MM/DD'),0,0,0,1,0,9);
Insert into DB_SAWEE.TRADE (T_NO,M_NO,S_NO,T_TITLE,T_CONTENT,T_WRITTEN_DATE,T_UPDATED_DATE,T_HIT,T_RECOMMEND_NUM,T_REPORT_NUM,T_ISLAND,T_PRICE,BT_NO) values (243,8,32,'팔아연8','이것저것 팔아염8',to_date('20/04/06','RR/MM/DD'),to_date('20/04/06','RR/MM/DD'),0,0,0,1,0,9);
Insert into DB_SAWEE.TRADE (T_NO,M_NO,S_NO,T_TITLE,T_CONTENT,T_WRITTEN_DATE,T_UPDATED_DATE,T_HIT,T_RECOMMEND_NUM,T_REPORT_NUM,T_ISLAND,T_PRICE,BT_NO) values (244,9,32,'팔아연9','이것저것 팔아염9',to_date('20/04/06','RR/MM/DD'),to_date('20/04/06','RR/MM/DD'),0,0,0,1,0,9);
Insert into DB_SAWEE.TRADE (T_NO,M_NO,S_NO,T_TITLE,T_CONTENT,T_WRITTEN_DATE,T_UPDATED_DATE,T_HIT,T_RECOMMEND_NUM,T_REPORT_NUM,T_ISLAND,T_PRICE,BT_NO) values (245,10,32,'팔아연10','이것저것 팔아염10',to_date('20/04/06','RR/MM/DD'),to_date('20/04/06','RR/MM/DD'),0,0,0,1,0,9);
Insert into DB_SAWEE.TRADE (T_NO,M_NO,S_NO,T_TITLE,T_CONTENT,T_WRITTEN_DATE,T_UPDATED_DATE,T_HIT,T_RECOMMEND_NUM,T_REPORT_NUM,T_ISLAND,T_PRICE,BT_NO) values (246,11,34,'팔아연11','이것저것 팔아염11',to_date('20/04/06','RR/MM/DD'),to_date('20/04/06','RR/MM/DD'),0,0,0,1,0,9);
Insert into DB_SAWEE.TRADE (T_NO,M_NO,S_NO,T_TITLE,T_CONTENT,T_WRITTEN_DATE,T_UPDATED_DATE,T_HIT,T_RECOMMEND_NUM,T_REPORT_NUM,T_ISLAND,T_PRICE,BT_NO) values (247,12,32,'팔아연12','이것저것 팔아염12',to_date('20/04/06','RR/MM/DD'),to_date('20/04/06','RR/MM/DD'),0,0,0,1,0,9);
Insert into DB_SAWEE.TRADE (T_NO,M_NO,S_NO,T_TITLE,T_CONTENT,T_WRITTEN_DATE,T_UPDATED_DATE,T_HIT,T_RECOMMEND_NUM,T_REPORT_NUM,T_ISLAND,T_PRICE,BT_NO) values (248,13,32,'팔아연13','이것저것 팔아염13',to_date('20/04/06','RR/MM/DD'),to_date('20/04/06','RR/MM/DD'),0,0,0,0,0,9);
Insert into DB_SAWEE.TRADE (T_NO,M_NO,S_NO,T_TITLE,T_CONTENT,T_WRITTEN_DATE,T_UPDATED_DATE,T_HIT,T_RECOMMEND_NUM,T_REPORT_NUM,T_ISLAND,T_PRICE,BT_NO) values (249,14,34,'팔아연14','이것저것 팔아염14',to_date('20/04/06','RR/MM/DD'),to_date('20/04/06','RR/MM/DD'),0,0,0,0,0,9);
Insert into DB_SAWEE.TRADE (T_NO,M_NO,S_NO,T_TITLE,T_CONTENT,T_WRITTEN_DATE,T_UPDATED_DATE,T_HIT,T_RECOMMEND_NUM,T_REPORT_NUM,T_ISLAND,T_PRICE,BT_NO) values (250,1,32,'팔아연15','이것저것 팔아염15',to_date('20/04/06','RR/MM/DD'),to_date('20/04/06','RR/MM/DD'),0,0,0,0,0,9);
Insert into DB_SAWEE.TRADE (T_NO,M_NO,S_NO,T_TITLE,T_CONTENT,T_WRITTEN_DATE,T_UPDATED_DATE,T_HIT,T_RECOMMEND_NUM,T_REPORT_NUM,T_ISLAND,T_PRICE,BT_NO) values (251,3,32,'팔아연16','이것저것 팔아염16',to_date('20/04/06','RR/MM/DD'),to_date('20/04/06','RR/MM/DD'),0,0,0,1,0,9);
Insert into DB_SAWEE.TRADE (T_NO,M_NO,S_NO,T_TITLE,T_CONTENT,T_WRITTEN_DATE,T_UPDATED_DATE,T_HIT,T_RECOMMEND_NUM,T_REPORT_NUM,T_ISLAND,T_PRICE,BT_NO) values (252,3,32,'팔아연17','이것저것 팔아염17',to_date('20/04/06','RR/MM/DD'),to_date('20/04/06','RR/MM/DD'),0,0,0,1,0,9);
Insert into DB_SAWEE.TRADE (T_NO,M_NO,S_NO,T_TITLE,T_CONTENT,T_WRITTEN_DATE,T_UPDATED_DATE,T_HIT,T_RECOMMEND_NUM,T_REPORT_NUM,T_ISLAND,T_PRICE,BT_NO) values (253,3,32,'팔아연18','이것저것 팔아염18',to_date('20/04/06','RR/MM/DD'),to_date('20/04/06','RR/MM/DD'),0,0,0,1,0,9);
Insert into DB_SAWEE.TRADE (T_NO,M_NO,S_NO,T_TITLE,T_CONTENT,T_WRITTEN_DATE,T_UPDATED_DATE,T_HIT,T_RECOMMEND_NUM,T_REPORT_NUM,T_ISLAND,T_PRICE,BT_NO) values (254,1,34,'팔아연1','이것저것 팔아염1',to_date('20/04/06','RR/MM/DD'),to_date('20/04/06','RR/MM/DD'),0,0,0,0,0,9);
Insert into DB_SAWEE.TRADE (T_NO,M_NO,S_NO,T_TITLE,T_CONTENT,T_WRITTEN_DATE,T_UPDATED_DATE,T_HIT,T_RECOMMEND_NUM,T_REPORT_NUM,T_ISLAND,T_PRICE,BT_NO) values (201,3,33,'사고싶다리','저...보드겜 사고싶어요리',to_date('20/04/06','RR/MM/DD'),to_date('20/04/06','RR/MM/DD'),0,0,0,0,0,9);
Insert into DB_SAWEE.TRADE (T_NO,M_NO,S_NO,T_TITLE,T_CONTENT,T_WRITTEN_DATE,T_UPDATED_DATE,T_HIT,T_RECOMMEND_NUM,T_REPORT_NUM,T_ISLAND,T_PRICE,BT_NO) values (255,2,32,'팔아연2','이것저것 팔아염2',to_date('20/04/06','RR/MM/DD'),to_date('20/04/06','RR/MM/DD'),0,0,0,0,0,9);
Insert into DB_SAWEE.TRADE (T_NO,M_NO,S_NO,T_TITLE,T_CONTENT,T_WRITTEN_DATE,T_UPDATED_DATE,T_HIT,T_RECOMMEND_NUM,T_REPORT_NUM,T_ISLAND,T_PRICE,BT_NO) values (256,3,32,'팔아연3','이것저것 팔아염3',to_date('20/04/06','RR/MM/DD'),to_date('20/04/06','RR/MM/DD'),0,0,0,0,0,9);
Insert into DB_SAWEE.TRADE (T_NO,M_NO,S_NO,T_TITLE,T_CONTENT,T_WRITTEN_DATE,T_UPDATED_DATE,T_HIT,T_RECOMMEND_NUM,T_REPORT_NUM,T_ISLAND,T_PRICE,BT_NO) values (257,4,32,'팔아연4','이것저것 팔아염4',to_date('20/04/06','RR/MM/DD'),to_date('20/04/06','RR/MM/DD'),0,0,0,0,0,9);
Insert into DB_SAWEE.TRADE (T_NO,M_NO,S_NO,T_TITLE,T_CONTENT,T_WRITTEN_DATE,T_UPDATED_DATE,T_HIT,T_RECOMMEND_NUM,T_REPORT_NUM,T_ISLAND,T_PRICE,BT_NO) values (258,5,32,'팔아연5','이것저것 팔아염5',to_date('20/04/06','RR/MM/DD'),to_date('20/04/06','RR/MM/DD'),0,0,0,0,0,9);
Insert into DB_SAWEE.TRADE (T_NO,M_NO,S_NO,T_TITLE,T_CONTENT,T_WRITTEN_DATE,T_UPDATED_DATE,T_HIT,T_RECOMMEND_NUM,T_REPORT_NUM,T_ISLAND,T_PRICE,BT_NO) values (259,6,32,'팔아연6','이것저것 팔아염6',to_date('20/04/06','RR/MM/DD'),to_date('20/04/06','RR/MM/DD'),0,0,0,0,0,9);
Insert into DB_SAWEE.TRADE (T_NO,M_NO,S_NO,T_TITLE,T_CONTENT,T_WRITTEN_DATE,T_UPDATED_DATE,T_HIT,T_RECOMMEND_NUM,T_REPORT_NUM,T_ISLAND,T_PRICE,BT_NO) values (260,7,32,'팔아연7','이것저것 팔아염7',to_date('20/04/06','RR/MM/DD'),to_date('20/04/06','RR/MM/DD'),0,0,0,1,0,9);
Insert into DB_SAWEE.TRADE (T_NO,M_NO,S_NO,T_TITLE,T_CONTENT,T_WRITTEN_DATE,T_UPDATED_DATE,T_HIT,T_RECOMMEND_NUM,T_REPORT_NUM,T_ISLAND,T_PRICE,BT_NO) values (261,8,32,'팔아연8','이것저것 팔아염8',to_date('20/04/06','RR/MM/DD'),to_date('20/04/06','RR/MM/DD'),0,0,0,1,0,9);
Insert into DB_SAWEE.TRADE (T_NO,M_NO,S_NO,T_TITLE,T_CONTENT,T_WRITTEN_DATE,T_UPDATED_DATE,T_HIT,T_RECOMMEND_NUM,T_REPORT_NUM,T_ISLAND,T_PRICE,BT_NO) values (262,9,32,'팔아연9','이것저것 팔아염9',to_date('20/04/06','RR/MM/DD'),to_date('20/04/06','RR/MM/DD'),0,0,0,1,0,9);
Insert into DB_SAWEE.TRADE (T_NO,M_NO,S_NO,T_TITLE,T_CONTENT,T_WRITTEN_DATE,T_UPDATED_DATE,T_HIT,T_RECOMMEND_NUM,T_REPORT_NUM,T_ISLAND,T_PRICE,BT_NO) values (263,10,32,'팔아연10','이것저것 팔아염10',to_date('20/04/06','RR/MM/DD'),to_date('20/04/06','RR/MM/DD'),0,0,0,1,0,9);
Insert into DB_SAWEE.TRADE (T_NO,M_NO,S_NO,T_TITLE,T_CONTENT,T_WRITTEN_DATE,T_UPDATED_DATE,T_HIT,T_RECOMMEND_NUM,T_REPORT_NUM,T_ISLAND,T_PRICE,BT_NO) values (264,11,32,'팔아연11','이것저것 팔아염11',to_date('20/04/06','RR/MM/DD'),to_date('20/04/06','RR/MM/DD'),0,0,0,1,0,9);
Insert into DB_SAWEE.TRADE (T_NO,M_NO,S_NO,T_TITLE,T_CONTENT,T_WRITTEN_DATE,T_UPDATED_DATE,T_HIT,T_RECOMMEND_NUM,T_REPORT_NUM,T_ISLAND,T_PRICE,BT_NO) values (265,12,32,'팔아연12','이것저것 팔아염12',to_date('20/04/06','RR/MM/DD'),to_date('20/04/06','RR/MM/DD'),0,0,0,1,0,9);
Insert into DB_SAWEE.TRADE (T_NO,M_NO,S_NO,T_TITLE,T_CONTENT,T_WRITTEN_DATE,T_UPDATED_DATE,T_HIT,T_RECOMMEND_NUM,T_REPORT_NUM,T_ISLAND,T_PRICE,BT_NO) values (266,13,32,'팔아연13','이것저것 팔아염13',to_date('20/04/06','RR/MM/DD'),to_date('20/04/06','RR/MM/DD'),0,0,0,0,0,9);
Insert into DB_SAWEE.TRADE (T_NO,M_NO,S_NO,T_TITLE,T_CONTENT,T_WRITTEN_DATE,T_UPDATED_DATE,T_HIT,T_RECOMMEND_NUM,T_REPORT_NUM,T_ISLAND,T_PRICE,BT_NO) values (267,14,32,'팔아연14','이것저것 팔아염14',to_date('20/04/06','RR/MM/DD'),to_date('20/04/06','RR/MM/DD'),0,0,0,0,0,9);
Insert into DB_SAWEE.TRADE (T_NO,M_NO,S_NO,T_TITLE,T_CONTENT,T_WRITTEN_DATE,T_UPDATED_DATE,T_HIT,T_RECOMMEND_NUM,T_REPORT_NUM,T_ISLAND,T_PRICE,BT_NO) values (268,1,32,'팔아연15','이것저것 팔아염15',to_date('20/04/06','RR/MM/DD'),to_date('20/04/06','RR/MM/DD'),0,0,0,0,0,9);
Insert into DB_SAWEE.TRADE (T_NO,M_NO,S_NO,T_TITLE,T_CONTENT,T_WRITTEN_DATE,T_UPDATED_DATE,T_HIT,T_RECOMMEND_NUM,T_REPORT_NUM,T_ISLAND,T_PRICE,BT_NO) values (269,3,32,'팔아연16','이것저것 팔아염16',to_date('20/04/06','RR/MM/DD'),to_date('20/04/06','RR/MM/DD'),0,0,0,1,0,9);
Insert into DB_SAWEE.TRADE (T_NO,M_NO,S_NO,T_TITLE,T_CONTENT,T_WRITTEN_DATE,T_UPDATED_DATE,T_HIT,T_RECOMMEND_NUM,T_REPORT_NUM,T_ISLAND,T_PRICE,BT_NO) values (270,3,32,'팔아연17','이것저것 팔아염17',to_date('20/04/06','RR/MM/DD'),to_date('20/04/06','RR/MM/DD'),0,0,0,1,0,9);
Insert into DB_SAWEE.TRADE (T_NO,M_NO,S_NO,T_TITLE,T_CONTENT,T_WRITTEN_DATE,T_UPDATED_DATE,T_HIT,T_RECOMMEND_NUM,T_REPORT_NUM,T_ISLAND,T_PRICE,BT_NO) values (271,3,32,'팔아연18','이것저것 팔아염18',to_date('20/04/06','RR/MM/DD'),to_date('20/04/06','RR/MM/DD'),0,0,0,1,0,9);
Insert into DB_SAWEE.TRADE (T_NO,M_NO,S_NO,T_TITLE,T_CONTENT,T_WRITTEN_DATE,T_UPDATED_DATE,T_HIT,T_RECOMMEND_NUM,T_REPORT_NUM,T_ISLAND,T_PRICE,BT_NO) values (272,1,32,'팔아연1','이것저것 팔아염1',to_date('20/04/06','RR/MM/DD'),to_date('20/04/06','RR/MM/DD'),0,0,0,0,0,9);
Insert into DB_SAWEE.TRADE (T_NO,M_NO,S_NO,T_TITLE,T_CONTENT,T_WRITTEN_DATE,T_UPDATED_DATE,T_HIT,T_RECOMMEND_NUM,T_REPORT_NUM,T_ISLAND,T_PRICE,BT_NO) values (273,2,32,'팔아연2','이것저것 팔아염2',to_date('20/04/06','RR/MM/DD'),to_date('20/04/06','RR/MM/DD'),0,0,0,0,0,9);
Insert into DB_SAWEE.TRADE (T_NO,M_NO,S_NO,T_TITLE,T_CONTENT,T_WRITTEN_DATE,T_UPDATED_DATE,T_HIT,T_RECOMMEND_NUM,T_REPORT_NUM,T_ISLAND,T_PRICE,BT_NO) values (274,3,32,'팔아연3','이것저것 팔아염3',to_date('20/04/06','RR/MM/DD'),to_date('20/04/06','RR/MM/DD'),0,0,0,0,0,9);
Insert into DB_SAWEE.TRADE (T_NO,M_NO,S_NO,T_TITLE,T_CONTENT,T_WRITTEN_DATE,T_UPDATED_DATE,T_HIT,T_RECOMMEND_NUM,T_REPORT_NUM,T_ISLAND,T_PRICE,BT_NO) values (275,4,32,'팔아연4','이것저것 팔아염4',to_date('20/04/06','RR/MM/DD'),to_date('20/04/06','RR/MM/DD'),0,0,0,0,0,9);
Insert into DB_SAWEE.TRADE (T_NO,M_NO,S_NO,T_TITLE,T_CONTENT,T_WRITTEN_DATE,T_UPDATED_DATE,T_HIT,T_RECOMMEND_NUM,T_REPORT_NUM,T_ISLAND,T_PRICE,BT_NO) values (276,5,32,'팔아연5','이것저것 팔아염5',to_date('20/04/06','RR/MM/DD'),to_date('20/04/06','RR/MM/DD'),0,0,0,0,0,9);
Insert into DB_SAWEE.TRADE (T_NO,M_NO,S_NO,T_TITLE,T_CONTENT,T_WRITTEN_DATE,T_UPDATED_DATE,T_HIT,T_RECOMMEND_NUM,T_REPORT_NUM,T_ISLAND,T_PRICE,BT_NO) values (277,6,32,'팔아연6','이것저것 팔아염6',to_date('20/04/06','RR/MM/DD'),to_date('20/04/06','RR/MM/DD'),0,0,0,0,0,9);
Insert into DB_SAWEE.TRADE (T_NO,M_NO,S_NO,T_TITLE,T_CONTENT,T_WRITTEN_DATE,T_UPDATED_DATE,T_HIT,T_RECOMMEND_NUM,T_REPORT_NUM,T_ISLAND,T_PRICE,BT_NO) values (278,7,32,'팔아연7','이것저것 팔아염7',to_date('20/04/06','RR/MM/DD'),to_date('20/04/06','RR/MM/DD'),0,0,0,1,0,9);
Insert into DB_SAWEE.TRADE (T_NO,M_NO,S_NO,T_TITLE,T_CONTENT,T_WRITTEN_DATE,T_UPDATED_DATE,T_HIT,T_RECOMMEND_NUM,T_REPORT_NUM,T_ISLAND,T_PRICE,BT_NO) values (279,8,32,'팔아연8','이것저것 팔아염8',to_date('20/04/06','RR/MM/DD'),to_date('20/04/06','RR/MM/DD'),0,0,0,1,0,9);
Insert into DB_SAWEE.TRADE (T_NO,M_NO,S_NO,T_TITLE,T_CONTENT,T_WRITTEN_DATE,T_UPDATED_DATE,T_HIT,T_RECOMMEND_NUM,T_REPORT_NUM,T_ISLAND,T_PRICE,BT_NO) values (280,9,32,'팔아연9','이것저것 팔아염9',to_date('20/04/06','RR/MM/DD'),to_date('20/04/06','RR/MM/DD'),0,0,0,1,0,9);
Insert into DB_SAWEE.TRADE (T_NO,M_NO,S_NO,T_TITLE,T_CONTENT,T_WRITTEN_DATE,T_UPDATED_DATE,T_HIT,T_RECOMMEND_NUM,T_REPORT_NUM,T_ISLAND,T_PRICE,BT_NO) values (281,10,32,'팔아연10','이것저것 팔아염10',to_date('20/04/06','RR/MM/DD'),to_date('20/04/06','RR/MM/DD'),0,0,0,1,0,9);
Insert into DB_SAWEE.TRADE (T_NO,M_NO,S_NO,T_TITLE,T_CONTENT,T_WRITTEN_DATE,T_UPDATED_DATE,T_HIT,T_RECOMMEND_NUM,T_REPORT_NUM,T_ISLAND,T_PRICE,BT_NO) values (282,11,32,'팔아연11','이것저것 팔아염11',to_date('20/04/06','RR/MM/DD'),to_date('20/04/06','RR/MM/DD'),0,0,0,1,0,9);
Insert into DB_SAWEE.TRADE (T_NO,M_NO,S_NO,T_TITLE,T_CONTENT,T_WRITTEN_DATE,T_UPDATED_DATE,T_HIT,T_RECOMMEND_NUM,T_REPORT_NUM,T_ISLAND,T_PRICE,BT_NO) values (283,12,32,'팔아연12','이것저것 팔아염12',to_date('20/04/06','RR/MM/DD'),to_date('20/04/06','RR/MM/DD'),0,0,0,1,0,9);
Insert into DB_SAWEE.TRADE (T_NO,M_NO,S_NO,T_TITLE,T_CONTENT,T_WRITTEN_DATE,T_UPDATED_DATE,T_HIT,T_RECOMMEND_NUM,T_REPORT_NUM,T_ISLAND,T_PRICE,BT_NO) values (284,13,32,'팔아연13','이것저것 팔아염13',to_date('20/04/06','RR/MM/DD'),to_date('20/04/06','RR/MM/DD'),0,0,0,0,0,9);
Insert into DB_SAWEE.TRADE (T_NO,M_NO,S_NO,T_TITLE,T_CONTENT,T_WRITTEN_DATE,T_UPDATED_DATE,T_HIT,T_RECOMMEND_NUM,T_REPORT_NUM,T_ISLAND,T_PRICE,BT_NO) values (285,14,32,'팔아연14','이것저것 팔아염14',to_date('20/04/06','RR/MM/DD'),to_date('20/04/06','RR/MM/DD'),0,0,0,0,0,9);
Insert into DB_SAWEE.TRADE (T_NO,M_NO,S_NO,T_TITLE,T_CONTENT,T_WRITTEN_DATE,T_UPDATED_DATE,T_HIT,T_RECOMMEND_NUM,T_REPORT_NUM,T_ISLAND,T_PRICE,BT_NO) values (286,1,32,'팔아연15','이것저것 팔아염15',to_date('20/04/06','RR/MM/DD'),to_date('20/04/06','RR/MM/DD'),0,0,0,0,0,9);
Insert into DB_SAWEE.TRADE (T_NO,M_NO,S_NO,T_TITLE,T_CONTENT,T_WRITTEN_DATE,T_UPDATED_DATE,T_HIT,T_RECOMMEND_NUM,T_REPORT_NUM,T_ISLAND,T_PRICE,BT_NO) values (287,3,32,'팔아연16','이것저것 팔아염16',to_date('20/04/06','RR/MM/DD'),to_date('20/04/06','RR/MM/DD'),0,0,0,1,0,9);
Insert into DB_SAWEE.TRADE (T_NO,M_NO,S_NO,T_TITLE,T_CONTENT,T_WRITTEN_DATE,T_UPDATED_DATE,T_HIT,T_RECOMMEND_NUM,T_REPORT_NUM,T_ISLAND,T_PRICE,BT_NO) values (288,3,32,'팔아연17','이것저것 팔아염17',to_date('20/04/06','RR/MM/DD'),to_date('20/04/06','RR/MM/DD'),0,0,0,1,0,9);
Insert into DB_SAWEE.TRADE (T_NO,M_NO,S_NO,T_TITLE,T_CONTENT,T_WRITTEN_DATE,T_UPDATED_DATE,T_HIT,T_RECOMMEND_NUM,T_REPORT_NUM,T_ISLAND,T_PRICE,BT_NO) values (289,3,32,'팔아연18','이것저것 팔아염18',to_date('20/04/06','RR/MM/DD'),to_date('20/04/06','RR/MM/DD'),0,0,0,1,0,9);
Insert into DB_SAWEE.TRADE (T_NO,M_NO,S_NO,T_TITLE,T_CONTENT,T_WRITTEN_DATE,T_UPDATED_DATE,T_HIT,T_RECOMMEND_NUM,T_REPORT_NUM,T_ISLAND,T_PRICE,BT_NO) values (290,1,32,'팔아연1','이것저것 팔아염1',to_date('20/04/06','RR/MM/DD'),to_date('20/04/06','RR/MM/DD'),0,0,0,0,0,9);
Insert into DB_SAWEE.TRADE (T_NO,M_NO,S_NO,T_TITLE,T_CONTENT,T_WRITTEN_DATE,T_UPDATED_DATE,T_HIT,T_RECOMMEND_NUM,T_REPORT_NUM,T_ISLAND,T_PRICE,BT_NO) values (291,2,32,'팔아연2','이것저것 팔아염2',to_date('20/04/06','RR/MM/DD'),to_date('20/04/06','RR/MM/DD'),0,0,0,0,0,9);
Insert into DB_SAWEE.TRADE (T_NO,M_NO,S_NO,T_TITLE,T_CONTENT,T_WRITTEN_DATE,T_UPDATED_DATE,T_HIT,T_RECOMMEND_NUM,T_REPORT_NUM,T_ISLAND,T_PRICE,BT_NO) values (292,3,32,'팔아연3','이것저것 팔아염3',to_date('20/04/06','RR/MM/DD'),to_date('20/04/06','RR/MM/DD'),0,0,0,0,0,9);
Insert into DB_SAWEE.TRADE (T_NO,M_NO,S_NO,T_TITLE,T_CONTENT,T_WRITTEN_DATE,T_UPDATED_DATE,T_HIT,T_RECOMMEND_NUM,T_REPORT_NUM,T_ISLAND,T_PRICE,BT_NO) values (293,4,32,'팔아연4','이것저것 팔아염4',to_date('20/04/06','RR/MM/DD'),to_date('20/04/06','RR/MM/DD'),0,0,0,0,0,9);
Insert into DB_SAWEE.TRADE (T_NO,M_NO,S_NO,T_TITLE,T_CONTENT,T_WRITTEN_DATE,T_UPDATED_DATE,T_HIT,T_RECOMMEND_NUM,T_REPORT_NUM,T_ISLAND,T_PRICE,BT_NO) values (294,5,32,'팔아연5','이것저것 팔아염5',to_date('20/04/06','RR/MM/DD'),to_date('20/04/06','RR/MM/DD'),0,0,0,0,0,9);
Insert into DB_SAWEE.TRADE (T_NO,M_NO,S_NO,T_TITLE,T_CONTENT,T_WRITTEN_DATE,T_UPDATED_DATE,T_HIT,T_RECOMMEND_NUM,T_REPORT_NUM,T_ISLAND,T_PRICE,BT_NO) values (295,6,32,'팔아연6','이것저것 팔아염6',to_date('20/04/06','RR/MM/DD'),to_date('20/04/06','RR/MM/DD'),0,0,0,0,0,9);
Insert into DB_SAWEE.TRADE (T_NO,M_NO,S_NO,T_TITLE,T_CONTENT,T_WRITTEN_DATE,T_UPDATED_DATE,T_HIT,T_RECOMMEND_NUM,T_REPORT_NUM,T_ISLAND,T_PRICE,BT_NO) values (296,7,32,'팔아연7','이것저것 팔아염7',to_date('20/04/06','RR/MM/DD'),to_date('20/04/06','RR/MM/DD'),0,0,0,1,0,9);
Insert into DB_SAWEE.TRADE (T_NO,M_NO,S_NO,T_TITLE,T_CONTENT,T_WRITTEN_DATE,T_UPDATED_DATE,T_HIT,T_RECOMMEND_NUM,T_REPORT_NUM,T_ISLAND,T_PRICE,BT_NO) values (297,8,32,'팔아연8','이것저것 팔아염8',to_date('20/04/06','RR/MM/DD'),to_date('20/04/06','RR/MM/DD'),0,0,0,1,0,9);
Insert into DB_SAWEE.TRADE (T_NO,M_NO,S_NO,T_TITLE,T_CONTENT,T_WRITTEN_DATE,T_UPDATED_DATE,T_HIT,T_RECOMMEND_NUM,T_REPORT_NUM,T_ISLAND,T_PRICE,BT_NO) values (298,9,32,'팔아연9','이것저것 팔아염9',to_date('20/04/06','RR/MM/DD'),to_date('20/04/06','RR/MM/DD'),0,0,0,1,0,9);
Insert into DB_SAWEE.TRADE (T_NO,M_NO,S_NO,T_TITLE,T_CONTENT,T_WRITTEN_DATE,T_UPDATED_DATE,T_HIT,T_RECOMMEND_NUM,T_REPORT_NUM,T_ISLAND,T_PRICE,BT_NO) values (299,10,32,'팔아연10','이것저것 팔아염10',to_date('20/04/06','RR/MM/DD'),to_date('20/04/06','RR/MM/DD'),0,0,0,1,0,9);
Insert into DB_SAWEE.TRADE (T_NO,M_NO,S_NO,T_TITLE,T_CONTENT,T_WRITTEN_DATE,T_UPDATED_DATE,T_HIT,T_RECOMMEND_NUM,T_REPORT_NUM,T_ISLAND,T_PRICE,BT_NO) values (300,11,32,'팔아연11','이것저것 팔아염11',to_date('20/04/06','RR/MM/DD'),to_date('20/04/06','RR/MM/DD'),0,0,0,1,0,9);
Insert into DB_SAWEE.TRADE (T_NO,M_NO,S_NO,T_TITLE,T_CONTENT,T_WRITTEN_DATE,T_UPDATED_DATE,T_HIT,T_RECOMMEND_NUM,T_REPORT_NUM,T_ISLAND,T_PRICE,BT_NO) values (301,12,32,'팔아연12','이것저것 팔아염12',to_date('20/04/06','RR/MM/DD'),to_date('20/04/06','RR/MM/DD'),0,0,0,1,0,9);
Insert into DB_SAWEE.TRADE (T_NO,M_NO,S_NO,T_TITLE,T_CONTENT,T_WRITTEN_DATE,T_UPDATED_DATE,T_HIT,T_RECOMMEND_NUM,T_REPORT_NUM,T_ISLAND,T_PRICE,BT_NO) values (302,13,32,'팔아연13','이것저것 팔아염13',to_date('20/04/06','RR/MM/DD'),to_date('20/04/06','RR/MM/DD'),0,0,0,0,0,9);
Insert into DB_SAWEE.TRADE (T_NO,M_NO,S_NO,T_TITLE,T_CONTENT,T_WRITTEN_DATE,T_UPDATED_DATE,T_HIT,T_RECOMMEND_NUM,T_REPORT_NUM,T_ISLAND,T_PRICE,BT_NO) values (303,14,32,'팔아연14','이것저것 팔아염14',to_date('20/04/06','RR/MM/DD'),to_date('20/04/06','RR/MM/DD'),0,0,0,0,0,9);
Insert into DB_SAWEE.TRADE (T_NO,M_NO,S_NO,T_TITLE,T_CONTENT,T_WRITTEN_DATE,T_UPDATED_DATE,T_HIT,T_RECOMMEND_NUM,T_REPORT_NUM,T_ISLAND,T_PRICE,BT_NO) values (304,1,32,'팔아연15','이것저것 팔아염15',to_date('20/04/06','RR/MM/DD'),to_date('20/04/06','RR/MM/DD'),0,0,0,0,0,9);
Insert into DB_SAWEE.TRADE (T_NO,M_NO,S_NO,T_TITLE,T_CONTENT,T_WRITTEN_DATE,T_UPDATED_DATE,T_HIT,T_RECOMMEND_NUM,T_REPORT_NUM,T_ISLAND,T_PRICE,BT_NO) values (305,3,32,'팔아연16','이것저것 팔아염16',to_date('20/04/06','RR/MM/DD'),to_date('20/04/06','RR/MM/DD'),0,0,0,1,0,9);
Insert into DB_SAWEE.TRADE (T_NO,M_NO,S_NO,T_TITLE,T_CONTENT,T_WRITTEN_DATE,T_UPDATED_DATE,T_HIT,T_RECOMMEND_NUM,T_REPORT_NUM,T_ISLAND,T_PRICE,BT_NO) values (306,3,32,'팔아연17','이것저것 팔아염17',to_date('20/04/06','RR/MM/DD'),to_date('20/04/06','RR/MM/DD'),0,0,0,1,0,9);
Insert into DB_SAWEE.TRADE (T_NO,M_NO,S_NO,T_TITLE,T_CONTENT,T_WRITTEN_DATE,T_UPDATED_DATE,T_HIT,T_RECOMMEND_NUM,T_REPORT_NUM,T_ISLAND,T_PRICE,BT_NO) values (307,1,32,'팔아연1','이것저것 팔아염1',to_date('20/04/06','RR/MM/DD'),to_date('20/04/06','RR/MM/DD'),0,0,0,0,0,9);
Insert into DB_SAWEE.TRADE (T_NO,M_NO,S_NO,T_TITLE,T_CONTENT,T_WRITTEN_DATE,T_UPDATED_DATE,T_HIT,T_RECOMMEND_NUM,T_REPORT_NUM,T_ISLAND,T_PRICE,BT_NO) values (308,2,32,'팔아연2','이것저것 팔아염2',to_date('20/04/06','RR/MM/DD'),to_date('20/04/06','RR/MM/DD'),0,0,0,0,0,9);
Insert into DB_SAWEE.TRADE (T_NO,M_NO,S_NO,T_TITLE,T_CONTENT,T_WRITTEN_DATE,T_UPDATED_DATE,T_HIT,T_RECOMMEND_NUM,T_REPORT_NUM,T_ISLAND,T_PRICE,BT_NO) values (309,3,32,'팔아연3','이것저것 팔아염3',to_date('20/04/06','RR/MM/DD'),to_date('20/04/06','RR/MM/DD'),0,0,0,0,0,9);
Insert into DB_SAWEE.TRADE (T_NO,M_NO,S_NO,T_TITLE,T_CONTENT,T_WRITTEN_DATE,T_UPDATED_DATE,T_HIT,T_RECOMMEND_NUM,T_REPORT_NUM,T_ISLAND,T_PRICE,BT_NO) values (310,4,32,'팔아연4','이것저것 팔아염4',to_date('20/04/06','RR/MM/DD'),to_date('20/04/06','RR/MM/DD'),0,0,0,0,0,9);
Insert into DB_SAWEE.TRADE (T_NO,M_NO,S_NO,T_TITLE,T_CONTENT,T_WRITTEN_DATE,T_UPDATED_DATE,T_HIT,T_RECOMMEND_NUM,T_REPORT_NUM,T_ISLAND,T_PRICE,BT_NO) values (311,5,32,'팔아연5','이것저것 팔아염5',to_date('20/04/06','RR/MM/DD'),to_date('20/04/06','RR/MM/DD'),0,0,0,0,0,9);
Insert into DB_SAWEE.TRADE (T_NO,M_NO,S_NO,T_TITLE,T_CONTENT,T_WRITTEN_DATE,T_UPDATED_DATE,T_HIT,T_RECOMMEND_NUM,T_REPORT_NUM,T_ISLAND,T_PRICE,BT_NO) values (312,6,32,'팔아연6','이것저것 팔아염6',to_date('20/04/06','RR/MM/DD'),to_date('20/04/06','RR/MM/DD'),0,0,0,0,0,9);
Insert into DB_SAWEE.TRADE (T_NO,M_NO,S_NO,T_TITLE,T_CONTENT,T_WRITTEN_DATE,T_UPDATED_DATE,T_HIT,T_RECOMMEND_NUM,T_REPORT_NUM,T_ISLAND,T_PRICE,BT_NO) values (313,7,32,'팔아연7','이것저것 팔아염7',to_date('20/04/06','RR/MM/DD'),to_date('20/04/06','RR/MM/DD'),0,0,0,1,0,9);
Insert into DB_SAWEE.TRADE (T_NO,M_NO,S_NO,T_TITLE,T_CONTENT,T_WRITTEN_DATE,T_UPDATED_DATE,T_HIT,T_RECOMMEND_NUM,T_REPORT_NUM,T_ISLAND,T_PRICE,BT_NO) values (314,8,32,'팔아연8','이것저것 팔아염8',to_date('20/04/06','RR/MM/DD'),to_date('20/04/06','RR/MM/DD'),0,0,0,1,0,9);
Insert into DB_SAWEE.TRADE (T_NO,M_NO,S_NO,T_TITLE,T_CONTENT,T_WRITTEN_DATE,T_UPDATED_DATE,T_HIT,T_RECOMMEND_NUM,T_REPORT_NUM,T_ISLAND,T_PRICE,BT_NO) values (315,9,32,'팔아연9','이것저것 팔아염9',to_date('20/04/06','RR/MM/DD'),to_date('20/04/06','RR/MM/DD'),0,0,0,1,0,9);
Insert into DB_SAWEE.TRADE (T_NO,M_NO,S_NO,T_TITLE,T_CONTENT,T_WRITTEN_DATE,T_UPDATED_DATE,T_HIT,T_RECOMMEND_NUM,T_REPORT_NUM,T_ISLAND,T_PRICE,BT_NO) values (316,10,32,'팔아연10','이것저것 팔아염10',to_date('20/04/06','RR/MM/DD'),to_date('20/04/06','RR/MM/DD'),0,0,0,1,0,9);
Insert into DB_SAWEE.TRADE (T_NO,M_NO,S_NO,T_TITLE,T_CONTENT,T_WRITTEN_DATE,T_UPDATED_DATE,T_HIT,T_RECOMMEND_NUM,T_REPORT_NUM,T_ISLAND,T_PRICE,BT_NO) values (317,11,32,'팔아연11','이것저것 팔아염11',to_date('20/04/06','RR/MM/DD'),to_date('20/04/06','RR/MM/DD'),0,0,0,1,0,9);
Insert into DB_SAWEE.TRADE (T_NO,M_NO,S_NO,T_TITLE,T_CONTENT,T_WRITTEN_DATE,T_UPDATED_DATE,T_HIT,T_RECOMMEND_NUM,T_REPORT_NUM,T_ISLAND,T_PRICE,BT_NO) values (318,12,32,'팔아연12','이것저것 팔아염12',to_date('20/04/06','RR/MM/DD'),to_date('20/04/06','RR/MM/DD'),0,0,0,1,0,9);
Insert into DB_SAWEE.TRADE (T_NO,M_NO,S_NO,T_TITLE,T_CONTENT,T_WRITTEN_DATE,T_UPDATED_DATE,T_HIT,T_RECOMMEND_NUM,T_REPORT_NUM,T_ISLAND,T_PRICE,BT_NO) values (319,13,32,'팔아연13','이것저것 팔아염13',to_date('20/04/06','RR/MM/DD'),to_date('20/04/06','RR/MM/DD'),0,0,0,0,0,9);
Insert into DB_SAWEE.TRADE (T_NO,M_NO,S_NO,T_TITLE,T_CONTENT,T_WRITTEN_DATE,T_UPDATED_DATE,T_HIT,T_RECOMMEND_NUM,T_REPORT_NUM,T_ISLAND,T_PRICE,BT_NO) values (320,14,32,'팔아연14','이것저것 팔아염14',to_date('20/04/06','RR/MM/DD'),to_date('20/04/06','RR/MM/DD'),0,0,0,0,0,9);
Insert into DB_SAWEE.TRADE (T_NO,M_NO,S_NO,T_TITLE,T_CONTENT,T_WRITTEN_DATE,T_UPDATED_DATE,T_HIT,T_RECOMMEND_NUM,T_REPORT_NUM,T_ISLAND,T_PRICE,BT_NO) values (321,1,32,'팔아연15','이것저것 팔아염15',to_date('20/04/06','RR/MM/DD'),to_date('20/04/06','RR/MM/DD'),0,0,0,0,0,9);
Insert into DB_SAWEE.TRADE (T_NO,M_NO,S_NO,T_TITLE,T_CONTENT,T_WRITTEN_DATE,T_UPDATED_DATE,T_HIT,T_RECOMMEND_NUM,T_REPORT_NUM,T_ISLAND,T_PRICE,BT_NO) values (322,3,32,'팔아연16','이것저것 팔아염16',to_date('20/04/06','RR/MM/DD'),to_date('20/04/06','RR/MM/DD'),0,0,0,1,0,9);
Insert into DB_SAWEE.TRADE (T_NO,M_NO,S_NO,T_TITLE,T_CONTENT,T_WRITTEN_DATE,T_UPDATED_DATE,T_HIT,T_RECOMMEND_NUM,T_REPORT_NUM,T_ISLAND,T_PRICE,BT_NO) values (323,3,32,'팔아연17','이것저것 팔아염17',to_date('20/04/06','RR/MM/DD'),to_date('20/04/06','RR/MM/DD'),0,0,0,1,0,9);
Insert into DB_SAWEE.TRADE (T_NO,M_NO,S_NO,T_TITLE,T_CONTENT,T_WRITTEN_DATE,T_UPDATED_DATE,T_HIT,T_RECOMMEND_NUM,T_REPORT_NUM,T_ISLAND,T_PRICE,BT_NO) values (324,3,32,'팔아연18','이것저것 팔아염18',to_date('20/04/06','RR/MM/DD'),to_date('20/04/06','RR/MM/DD'),0,0,0,1,0,9);
Insert into DB_SAWEE.TRADE (T_NO,M_NO,S_NO,T_TITLE,T_CONTENT,T_WRITTEN_DATE,T_UPDATED_DATE,T_HIT,T_RECOMMEND_NUM,T_REPORT_NUM,T_ISLAND,T_PRICE,BT_NO) values (325,1,32,'팔아연1','이것저것 팔아염1',to_date('20/04/06','RR/MM/DD'),to_date('20/04/06','RR/MM/DD'),0,0,0,0,0,9);
Insert into DB_SAWEE.TRADE (T_NO,M_NO,S_NO,T_TITLE,T_CONTENT,T_WRITTEN_DATE,T_UPDATED_DATE,T_HIT,T_RECOMMEND_NUM,T_REPORT_NUM,T_ISLAND,T_PRICE,BT_NO) values (326,2,32,'팔아연2','이것저것 팔아염2',to_date('20/04/06','RR/MM/DD'),to_date('20/04/06','RR/MM/DD'),0,0,0,0,0,9);
Insert into DB_SAWEE.TRADE (T_NO,M_NO,S_NO,T_TITLE,T_CONTENT,T_WRITTEN_DATE,T_UPDATED_DATE,T_HIT,T_RECOMMEND_NUM,T_REPORT_NUM,T_ISLAND,T_PRICE,BT_NO) values (327,3,32,'팔아연3','이것저것 팔아염3',to_date('20/04/06','RR/MM/DD'),to_date('20/04/06','RR/MM/DD'),0,0,0,0,0,9);
Insert into DB_SAWEE.TRADE (T_NO,M_NO,S_NO,T_TITLE,T_CONTENT,T_WRITTEN_DATE,T_UPDATED_DATE,T_HIT,T_RECOMMEND_NUM,T_REPORT_NUM,T_ISLAND,T_PRICE,BT_NO) values (328,4,32,'팔아연4','이것저것 팔아염4',to_date('20/04/06','RR/MM/DD'),to_date('20/04/06','RR/MM/DD'),0,0,0,0,0,9);
Insert into DB_SAWEE.TRADE (T_NO,M_NO,S_NO,T_TITLE,T_CONTENT,T_WRITTEN_DATE,T_UPDATED_DATE,T_HIT,T_RECOMMEND_NUM,T_REPORT_NUM,T_ISLAND,T_PRICE,BT_NO) values (329,5,32,'팔아연5','이것저것 팔아염5',to_date('20/04/06','RR/MM/DD'),to_date('20/04/06','RR/MM/DD'),0,0,0,0,0,9);
Insert into DB_SAWEE.TRADE (T_NO,M_NO,S_NO,T_TITLE,T_CONTENT,T_WRITTEN_DATE,T_UPDATED_DATE,T_HIT,T_RECOMMEND_NUM,T_REPORT_NUM,T_ISLAND,T_PRICE,BT_NO) values (330,6,32,'팔아연6','이것저것 팔아염6',to_date('20/04/06','RR/MM/DD'),to_date('20/04/06','RR/MM/DD'),0,0,0,0,0,9);
Insert into DB_SAWEE.TRADE (T_NO,M_NO,S_NO,T_TITLE,T_CONTENT,T_WRITTEN_DATE,T_UPDATED_DATE,T_HIT,T_RECOMMEND_NUM,T_REPORT_NUM,T_ISLAND,T_PRICE,BT_NO) values (331,7,32,'팔아연7','이것저것 팔아염7',to_date('20/04/06','RR/MM/DD'),to_date('20/04/06','RR/MM/DD'),0,0,0,1,0,9);
Insert into DB_SAWEE.TRADE (T_NO,M_NO,S_NO,T_TITLE,T_CONTENT,T_WRITTEN_DATE,T_UPDATED_DATE,T_HIT,T_RECOMMEND_NUM,T_REPORT_NUM,T_ISLAND,T_PRICE,BT_NO) values (332,8,32,'팔아연8','이것저것 팔아염8',to_date('20/04/06','RR/MM/DD'),to_date('20/04/06','RR/MM/DD'),0,0,0,1,0,9);
Insert into DB_SAWEE.TRADE (T_NO,M_NO,S_NO,T_TITLE,T_CONTENT,T_WRITTEN_DATE,T_UPDATED_DATE,T_HIT,T_RECOMMEND_NUM,T_REPORT_NUM,T_ISLAND,T_PRICE,BT_NO) values (333,9,32,'팔아연9','이것저것 팔아염9',to_date('20/04/06','RR/MM/DD'),to_date('20/04/06','RR/MM/DD'),0,0,0,1,0,9);
Insert into DB_SAWEE.TRADE (T_NO,M_NO,S_NO,T_TITLE,T_CONTENT,T_WRITTEN_DATE,T_UPDATED_DATE,T_HIT,T_RECOMMEND_NUM,T_REPORT_NUM,T_ISLAND,T_PRICE,BT_NO) values (334,10,32,'팔아연10','이것저것 팔아염10',to_date('20/04/06','RR/MM/DD'),to_date('20/04/06','RR/MM/DD'),0,0,0,1,0,9);
Insert into DB_SAWEE.TRADE (T_NO,M_NO,S_NO,T_TITLE,T_CONTENT,T_WRITTEN_DATE,T_UPDATED_DATE,T_HIT,T_RECOMMEND_NUM,T_REPORT_NUM,T_ISLAND,T_PRICE,BT_NO) values (335,11,32,'팔아연11','이것저것 팔아염11',to_date('20/04/06','RR/MM/DD'),to_date('20/04/06','RR/MM/DD'),0,0,0,1,0,9);
Insert into DB_SAWEE.TRADE (T_NO,M_NO,S_NO,T_TITLE,T_CONTENT,T_WRITTEN_DATE,T_UPDATED_DATE,T_HIT,T_RECOMMEND_NUM,T_REPORT_NUM,T_ISLAND,T_PRICE,BT_NO) values (336,12,32,'팔아연12','이것저것 팔아염12',to_date('20/04/06','RR/MM/DD'),to_date('20/04/06','RR/MM/DD'),1,0,0,1,0,9);
Insert into DB_SAWEE.TRADE (T_NO,M_NO,S_NO,T_TITLE,T_CONTENT,T_WRITTEN_DATE,T_UPDATED_DATE,T_HIT,T_RECOMMEND_NUM,T_REPORT_NUM,T_ISLAND,T_PRICE,BT_NO) values (337,13,32,'팔아연13','이것저것 팔아염13',to_date('20/04/06','RR/MM/DD'),to_date('20/04/06','RR/MM/DD'),0,0,0,0,0,9);
Insert into DB_SAWEE.TRADE (T_NO,M_NO,S_NO,T_TITLE,T_CONTENT,T_WRITTEN_DATE,T_UPDATED_DATE,T_HIT,T_RECOMMEND_NUM,T_REPORT_NUM,T_ISLAND,T_PRICE,BT_NO) values (338,14,32,'팔아연14','이것저것 팔아염14',to_date('20/04/06','RR/MM/DD'),to_date('20/04/06','RR/MM/DD'),0,0,0,0,0,9);
Insert into DB_SAWEE.TRADE (T_NO,M_NO,S_NO,T_TITLE,T_CONTENT,T_WRITTEN_DATE,T_UPDATED_DATE,T_HIT,T_RECOMMEND_NUM,T_REPORT_NUM,T_ISLAND,T_PRICE,BT_NO) values (339,1,32,'팔아연15','이것저것 팔아염15',to_date('20/04/06','RR/MM/DD'),to_date('20/04/06','RR/MM/DD'),0,0,0,0,0,9);
Insert into DB_SAWEE.TRADE (T_NO,M_NO,S_NO,T_TITLE,T_CONTENT,T_WRITTEN_DATE,T_UPDATED_DATE,T_HIT,T_RECOMMEND_NUM,T_REPORT_NUM,T_ISLAND,T_PRICE,BT_NO) values (340,3,32,'팔아연16','이것저것 팔아염16',to_date('20/04/06','RR/MM/DD'),to_date('20/04/06','RR/MM/DD'),1,0,0,1,0,9);
Insert into DB_SAWEE.TRADE (T_NO,M_NO,S_NO,T_TITLE,T_CONTENT,T_WRITTEN_DATE,T_UPDATED_DATE,T_HIT,T_RECOMMEND_NUM,T_REPORT_NUM,T_ISLAND,T_PRICE,BT_NO) values (341,3,32,'팔아연17','이것저것 팔아염17',to_date('20/04/06','RR/MM/DD'),to_date('20/04/06','RR/MM/DD'),0,0,0,1,0,9);
Insert into DB_SAWEE.TRADE (T_NO,M_NO,S_NO,T_TITLE,T_CONTENT,T_WRITTEN_DATE,T_UPDATED_DATE,T_HIT,T_RECOMMEND_NUM,T_REPORT_NUM,T_ISLAND,T_PRICE,BT_NO) values (342,3,32,'팔아연18','이것저것 팔아염18',to_date('20/04/06','RR/MM/DD'),to_date('20/04/06','RR/MM/DD'),0,0,0,1,0,9);
Insert into DB_SAWEE.TRADE (T_NO,M_NO,S_NO,T_TITLE,T_CONTENT,T_WRITTEN_DATE,T_UPDATED_DATE,T_HIT,T_RECOMMEND_NUM,T_REPORT_NUM,T_ISLAND,T_PRICE,BT_NO) values (343,1,32,'팔아연1','이것저것 팔아염1',to_date('20/04/06','RR/MM/DD'),to_date('20/04/06','RR/MM/DD'),0,0,0,0,0,9);
Insert into DB_SAWEE.TRADE (T_NO,M_NO,S_NO,T_TITLE,T_CONTENT,T_WRITTEN_DATE,T_UPDATED_DATE,T_HIT,T_RECOMMEND_NUM,T_REPORT_NUM,T_ISLAND,T_PRICE,BT_NO) values (344,2,32,'팔아연2','이것저것 팔아염2',to_date('20/04/06','RR/MM/DD'),to_date('20/04/06','RR/MM/DD'),0,0,0,0,0,9);
Insert into DB_SAWEE.TRADE (T_NO,M_NO,S_NO,T_TITLE,T_CONTENT,T_WRITTEN_DATE,T_UPDATED_DATE,T_HIT,T_RECOMMEND_NUM,T_REPORT_NUM,T_ISLAND,T_PRICE,BT_NO) values (345,3,32,'팔아연3','이것저것 팔아염3',to_date('20/04/06','RR/MM/DD'),to_date('20/04/06','RR/MM/DD'),0,0,0,0,0,9);
Insert into DB_SAWEE.TRADE (T_NO,M_NO,S_NO,T_TITLE,T_CONTENT,T_WRITTEN_DATE,T_UPDATED_DATE,T_HIT,T_RECOMMEND_NUM,T_REPORT_NUM,T_ISLAND,T_PRICE,BT_NO) values (346,4,32,'팔아연4','이것저것 팔아염4',to_date('20/04/06','RR/MM/DD'),to_date('20/04/06','RR/MM/DD'),0,0,0,0,0,9);
Insert into DB_SAWEE.TRADE (T_NO,M_NO,S_NO,T_TITLE,T_CONTENT,T_WRITTEN_DATE,T_UPDATED_DATE,T_HIT,T_RECOMMEND_NUM,T_REPORT_NUM,T_ISLAND,T_PRICE,BT_NO) values (347,5,32,'팔아연5','이것저것 팔아염5',to_date('20/04/06','RR/MM/DD'),to_date('20/04/06','RR/MM/DD'),0,0,0,0,0,9);
Insert into DB_SAWEE.TRADE (T_NO,M_NO,S_NO,T_TITLE,T_CONTENT,T_WRITTEN_DATE,T_UPDATED_DATE,T_HIT,T_RECOMMEND_NUM,T_REPORT_NUM,T_ISLAND,T_PRICE,BT_NO) values (348,6,32,'팔아연6','이것저것 팔아염6',to_date('20/04/06','RR/MM/DD'),to_date('20/04/06','RR/MM/DD'),0,0,0,0,0,9);
Insert into DB_SAWEE.TRADE (T_NO,M_NO,S_NO,T_TITLE,T_CONTENT,T_WRITTEN_DATE,T_UPDATED_DATE,T_HIT,T_RECOMMEND_NUM,T_REPORT_NUM,T_ISLAND,T_PRICE,BT_NO) values (349,7,32,'팔아연7','이것저것 팔아염7',to_date('20/04/06','RR/MM/DD'),to_date('20/04/06','RR/MM/DD'),0,0,0,1,0,9);
Insert into DB_SAWEE.TRADE (T_NO,M_NO,S_NO,T_TITLE,T_CONTENT,T_WRITTEN_DATE,T_UPDATED_DATE,T_HIT,T_RECOMMEND_NUM,T_REPORT_NUM,T_ISLAND,T_PRICE,BT_NO) values (350,8,32,'팔아연8','이것저것 팔아염8',to_date('20/04/06','RR/MM/DD'),to_date('20/04/06','RR/MM/DD'),0,0,0,1,0,9);
Insert into DB_SAWEE.TRADE (T_NO,M_NO,S_NO,T_TITLE,T_CONTENT,T_WRITTEN_DATE,T_UPDATED_DATE,T_HIT,T_RECOMMEND_NUM,T_REPORT_NUM,T_ISLAND,T_PRICE,BT_NO) values (351,9,32,'팔아연9','이것저것 팔아염9',to_date('20/04/06','RR/MM/DD'),to_date('20/04/06','RR/MM/DD'),0,0,0,1,0,9);
Insert into DB_SAWEE.TRADE (T_NO,M_NO,S_NO,T_TITLE,T_CONTENT,T_WRITTEN_DATE,T_UPDATED_DATE,T_HIT,T_RECOMMEND_NUM,T_REPORT_NUM,T_ISLAND,T_PRICE,BT_NO) values (352,11,32,'팔아연11','이것저것 팔아염11',to_date('20/04/06','RR/MM/DD'),to_date('20/04/06','RR/MM/DD'),0,0,0,1,0,9);
Insert into DB_SAWEE.TRADE (T_NO,M_NO,S_NO,T_TITLE,T_CONTENT,T_WRITTEN_DATE,T_UPDATED_DATE,T_HIT,T_RECOMMEND_NUM,T_REPORT_NUM,T_ISLAND,T_PRICE,BT_NO) values (353,12,32,'팔아연12','이것저것 팔아염12',to_date('20/04/06','RR/MM/DD'),to_date('20/04/06','RR/MM/DD'),0,0,0,1,0,9);
Insert into DB_SAWEE.TRADE (T_NO,M_NO,S_NO,T_TITLE,T_CONTENT,T_WRITTEN_DATE,T_UPDATED_DATE,T_HIT,T_RECOMMEND_NUM,T_REPORT_NUM,T_ISLAND,T_PRICE,BT_NO) values (354,13,32,'팔아연13','이것저것 팔아염13',to_date('20/04/06','RR/MM/DD'),to_date('20/04/06','RR/MM/DD'),0,0,0,0,0,9);
Insert into DB_SAWEE.TRADE (T_NO,M_NO,S_NO,T_TITLE,T_CONTENT,T_WRITTEN_DATE,T_UPDATED_DATE,T_HIT,T_RECOMMEND_NUM,T_REPORT_NUM,T_ISLAND,T_PRICE,BT_NO) values (355,14,32,'팔아연14','이것저것 팔아염14',to_date('20/04/06','RR/MM/DD'),to_date('20/04/06','RR/MM/DD'),0,0,0,0,0,9);
Insert into DB_SAWEE.TRADE (T_NO,M_NO,S_NO,T_TITLE,T_CONTENT,T_WRITTEN_DATE,T_UPDATED_DATE,T_HIT,T_RECOMMEND_NUM,T_REPORT_NUM,T_ISLAND,T_PRICE,BT_NO) values (356,1,32,'팔아연15','이것저것 팔아염15',to_date('20/04/06','RR/MM/DD'),to_date('20/04/06','RR/MM/DD'),0,0,0,0,0,9);
Insert into DB_SAWEE.TRADE (T_NO,M_NO,S_NO,T_TITLE,T_CONTENT,T_WRITTEN_DATE,T_UPDATED_DATE,T_HIT,T_RECOMMEND_NUM,T_REPORT_NUM,T_ISLAND,T_PRICE,BT_NO) values (357,3,32,'팔아연16','이것저것 팔아염16',to_date('20/04/06','RR/MM/DD'),to_date('20/04/06','RR/MM/DD'),0,0,0,1,0,9);
Insert into DB_SAWEE.TRADE (T_NO,M_NO,S_NO,T_TITLE,T_CONTENT,T_WRITTEN_DATE,T_UPDATED_DATE,T_HIT,T_RECOMMEND_NUM,T_REPORT_NUM,T_ISLAND,T_PRICE,BT_NO) values (358,3,32,'팔아연17','이것저것 팔아염17',to_date('20/04/06','RR/MM/DD'),to_date('20/04/06','RR/MM/DD'),1,0,0,1,0,9);
Insert into DB_SAWEE.TRADE (T_NO,M_NO,S_NO,T_TITLE,T_CONTENT,T_WRITTEN_DATE,T_UPDATED_DATE,T_HIT,T_RECOMMEND_NUM,T_REPORT_NUM,T_ISLAND,T_PRICE,BT_NO) values (359,3,32,'팔아연18','이것저것 팔아염18',to_date('20/04/06','RR/MM/DD'),to_date('20/04/06','RR/MM/DD'),0,0,0,1,0,9);
Insert into DB_SAWEE.TRADE (T_NO,M_NO,S_NO,T_TITLE,T_CONTENT,T_WRITTEN_DATE,T_UPDATED_DATE,T_HIT,T_RECOMMEND_NUM,T_REPORT_NUM,T_ISLAND,T_PRICE,BT_NO) values (360,1,32,'팔아연1','이것저것 팔아염1',to_date('20/04/06','RR/MM/DD'),to_date('20/04/06','RR/MM/DD'),0,0,0,0,0,9);
Insert into DB_SAWEE.TRADE (T_NO,M_NO,S_NO,T_TITLE,T_CONTENT,T_WRITTEN_DATE,T_UPDATED_DATE,T_HIT,T_RECOMMEND_NUM,T_REPORT_NUM,T_ISLAND,T_PRICE,BT_NO) values (361,2,32,'팔아연2','이것저것 팔아염2',to_date('20/04/06','RR/MM/DD'),to_date('20/04/06','RR/MM/DD'),0,0,0,0,0,9);
Insert into DB_SAWEE.TRADE (T_NO,M_NO,S_NO,T_TITLE,T_CONTENT,T_WRITTEN_DATE,T_UPDATED_DATE,T_HIT,T_RECOMMEND_NUM,T_REPORT_NUM,T_ISLAND,T_PRICE,BT_NO) values (362,3,32,'팔아연3','이것저것 팔아염3',to_date('20/04/06','RR/MM/DD'),to_date('20/04/06','RR/MM/DD'),0,0,0,0,0,9);
Insert into DB_SAWEE.TRADE (T_NO,M_NO,S_NO,T_TITLE,T_CONTENT,T_WRITTEN_DATE,T_UPDATED_DATE,T_HIT,T_RECOMMEND_NUM,T_REPORT_NUM,T_ISLAND,T_PRICE,BT_NO) values (363,4,32,'팔아연4','이것저것 팔아염4',to_date('20/04/06','RR/MM/DD'),to_date('20/04/06','RR/MM/DD'),0,0,0,0,0,9);
Insert into DB_SAWEE.TRADE (T_NO,M_NO,S_NO,T_TITLE,T_CONTENT,T_WRITTEN_DATE,T_UPDATED_DATE,T_HIT,T_RECOMMEND_NUM,T_REPORT_NUM,T_ISLAND,T_PRICE,BT_NO) values (364,5,32,'팔아연5','이것저것 팔아염5',to_date('20/04/06','RR/MM/DD'),to_date('20/04/06','RR/MM/DD'),0,0,0,0,0,9);
Insert into DB_SAWEE.TRADE (T_NO,M_NO,S_NO,T_TITLE,T_CONTENT,T_WRITTEN_DATE,T_UPDATED_DATE,T_HIT,T_RECOMMEND_NUM,T_REPORT_NUM,T_ISLAND,T_PRICE,BT_NO) values (365,6,32,'팔아연6','이것저것 팔아염6',to_date('20/04/06','RR/MM/DD'),to_date('20/04/06','RR/MM/DD'),0,0,0,0,0,9);
Insert into DB_SAWEE.TRADE (T_NO,M_NO,S_NO,T_TITLE,T_CONTENT,T_WRITTEN_DATE,T_UPDATED_DATE,T_HIT,T_RECOMMEND_NUM,T_REPORT_NUM,T_ISLAND,T_PRICE,BT_NO) values (366,7,32,'팔아연7','이것저것 팔아염7',to_date('20/04/06','RR/MM/DD'),to_date('20/04/06','RR/MM/DD'),0,0,0,1,0,9);
Insert into DB_SAWEE.TRADE (T_NO,M_NO,S_NO,T_TITLE,T_CONTENT,T_WRITTEN_DATE,T_UPDATED_DATE,T_HIT,T_RECOMMEND_NUM,T_REPORT_NUM,T_ISLAND,T_PRICE,BT_NO) values (367,9,32,'팔아연연이럼닝러;ㅁ','<p>이것저것 팔아염 나도 팔고 너도 팔고 야호</p>',to_date('20/04/06','RR/MM/DD'),to_date('20/04/09','RR/MM/DD'),3,0,0,2,0,9);
Insert into DB_SAWEE.TRADE (T_NO,M_NO,S_NO,T_TITLE,T_CONTENT,T_WRITTEN_DATE,T_UPDATED_DATE,T_HIT,T_RECOMMEND_NUM,T_REPORT_NUM,T_ISLAND,T_PRICE,BT_NO) values (368,11,32,'팔아연11','<p>이것저것 팔아염11ㄴㄻㄹ</p>',to_date('20/04/06','RR/MM/DD'),to_date('20/04/09','RR/MM/DD'),18,0,0,2,0,9);
Insert into DB_SAWEE.TRADE (T_NO,M_NO,S_NO,T_TITLE,T_CONTENT,T_WRITTEN_DATE,T_UPDATED_DATE,T_HIT,T_RECOMMEND_NUM,T_REPORT_NUM,T_ISLAND,T_PRICE,BT_NO) values (369,12,32,'팔아연12','이것저것 팔아염12',to_date('20/04/06','RR/MM/DD'),to_date('20/04/06','RR/MM/DD'),0,0,0,0,0,9);
Insert into DB_SAWEE.TRADE (T_NO,M_NO,S_NO,T_TITLE,T_CONTENT,T_WRITTEN_DATE,T_UPDATED_DATE,T_HIT,T_RECOMMEND_NUM,T_REPORT_NUM,T_ISLAND,T_PRICE,BT_NO) values (370,13,32,'팔아연13','이것저것 팔아염13',to_date('20/04/06','RR/MM/DD'),to_date('20/04/06','RR/MM/DD'),0,0,0,0,0,9);
Insert into DB_SAWEE.TRADE (T_NO,M_NO,S_NO,T_TITLE,T_CONTENT,T_WRITTEN_DATE,T_UPDATED_DATE,T_HIT,T_RECOMMEND_NUM,T_REPORT_NUM,T_ISLAND,T_PRICE,BT_NO) values (371,14,32,'팔아연14','이것저것 팔아염14',to_date('20/04/06','RR/MM/DD'),to_date('20/04/06','RR/MM/DD'),0,0,0,0,0,9);
Insert into DB_SAWEE.TRADE (T_NO,M_NO,S_NO,T_TITLE,T_CONTENT,T_WRITTEN_DATE,T_UPDATED_DATE,T_HIT,T_RECOMMEND_NUM,T_REPORT_NUM,T_ISLAND,T_PRICE,BT_NO) values (372,1,32,'팔아연15','이것저것 팔아염15',to_date('20/04/06','RR/MM/DD'),to_date('20/04/06','RR/MM/DD'),0,0,0,0,0,9);
Insert into DB_SAWEE.TRADE (T_NO,M_NO,S_NO,T_TITLE,T_CONTENT,T_WRITTEN_DATE,T_UPDATED_DATE,T_HIT,T_RECOMMEND_NUM,T_REPORT_NUM,T_ISLAND,T_PRICE,BT_NO) values (373,3,32,'팔아연16','이것저것 팔아염16',to_date('20/04/06','RR/MM/DD'),to_date('20/04/06','RR/MM/DD'),1,0,0,0,0,9);
Insert into DB_SAWEE.TRADE (T_NO,M_NO,S_NO,T_TITLE,T_CONTENT,T_WRITTEN_DATE,T_UPDATED_DATE,T_HIT,T_RECOMMEND_NUM,T_REPORT_NUM,T_ISLAND,T_PRICE,BT_NO) values (374,3,32,'팔아연18','이것저것 팔아염18',to_date('20/04/06','RR/MM/DD'),to_date('20/04/06','RR/MM/DD'),0,0,0,0,0,9);
Insert into DB_SAWEE.TRADE (T_NO,M_NO,S_NO,T_TITLE,T_CONTENT,T_WRITTEN_DATE,T_UPDATED_DATE,T_HIT,T_RECOMMEND_NUM,T_REPORT_NUM,T_ISLAND,T_PRICE,BT_NO) values (375,2,32,'팔아연2','이것저것 팔아염2',to_date('20/04/06','RR/MM/DD'),to_date('20/04/06','RR/MM/DD'),1,0,0,0,0,9);
Insert into DB_SAWEE.TRADE (T_NO,M_NO,S_NO,T_TITLE,T_CONTENT,T_WRITTEN_DATE,T_UPDATED_DATE,T_HIT,T_RECOMMEND_NUM,T_REPORT_NUM,T_ISLAND,T_PRICE,BT_NO) values (376,3,32,'팔아연3','이것저것 팔아염3',to_date('20/04/06','RR/MM/DD'),to_date('20/04/06','RR/MM/DD'),0,0,0,0,0,9);
Insert into DB_SAWEE.TRADE (T_NO,M_NO,S_NO,T_TITLE,T_CONTENT,T_WRITTEN_DATE,T_UPDATED_DATE,T_HIT,T_RECOMMEND_NUM,T_REPORT_NUM,T_ISLAND,T_PRICE,BT_NO) values (377,3,33,'사고싶다리','저...보드겜 사고싶어요리',to_date('20/04/06','RR/MM/DD'),to_date('20/04/06','RR/MM/DD'),1,0,0,0,0,9);
Insert into DB_SAWEE.TRADE (T_NO,M_NO,S_NO,T_TITLE,T_CONTENT,T_WRITTEN_DATE,T_UPDATED_DATE,T_HIT,T_RECOMMEND_NUM,T_REPORT_NUM,T_ISLAND,T_PRICE,BT_NO) values (378,3,33,'사고싶다리','저...보드겜 사고싶어요리',to_date('20/04/06','RR/MM/DD'),to_date('20/04/06','RR/MM/DD'),1,0,0,0,0,9);
Insert into DB_SAWEE.TRADE (T_NO,M_NO,S_NO,T_TITLE,T_CONTENT,T_WRITTEN_DATE,T_UPDATED_DATE,T_HIT,T_RECOMMEND_NUM,T_REPORT_NUM,T_ISLAND,T_PRICE,BT_NO) values (382,6,33,'title','content',to_date('20/04/07','RR/MM/DD'),to_date('20/04/07','RR/MM/DD'),1,0,0,0,0,9);
Insert into DB_SAWEE.TRADE (T_NO,M_NO,S_NO,T_TITLE,T_CONTENT,T_WRITTEN_DATE,T_UPDATED_DATE,T_HIT,T_RECOMMEND_NUM,T_REPORT_NUM,T_ISLAND,T_PRICE,BT_NO) values (388,44,33,'삽니다','<p>fgwtra</p>',to_date('20/04/07','RR/MM/DD'),to_date('20/04/07','RR/MM/DD'),2,0,0,0,0,9);
Insert into DB_SAWEE.TRADE (T_NO,M_NO,S_NO,T_TITLE,T_CONTENT,T_WRITTEN_DATE,T_UPDATED_DATE,T_HIT,T_RECOMMEND_NUM,T_REPORT_NUM,T_ISLAND,T_PRICE,BT_NO) values (389,44,32,'판매 진심 성공인가요?????','<p>제발</p>',to_date('20/04/07','RR/MM/DD'),to_date('20/04/07','RR/MM/DD'),4,0,0,0,0,9);
Insert into DB_SAWEE.TRADE (T_NO,M_NO,S_NO,T_TITLE,T_CONTENT,T_WRITTEN_DATE,T_UPDATED_DATE,T_HIT,T_RECOMMEND_NUM,T_REPORT_NUM,T_ISLAND,T_PRICE,BT_NO) values (392,44,33,'사요','<p>사</p>',to_date('20/04/07','RR/MM/DD'),to_date('20/04/07','RR/MM/DD'),1,0,0,0,0,9);
Insert into DB_SAWEE.TRADE (T_NO,M_NO,S_NO,T_TITLE,T_CONTENT,T_WRITTEN_DATE,T_UPDATED_DATE,T_HIT,T_RECOMMEND_NUM,T_REPORT_NUM,T_ISLAND,T_PRICE,BT_NO) values (393,44,33,'사요리','<p>fasfasfsa</p>',to_date('20/04/07','RR/MM/DD'),to_date('20/04/07','RR/MM/DD'),1,0,0,0,0,9);
Insert into DB_SAWEE.TRADE (T_NO,M_NO,S_NO,T_TITLE,T_CONTENT,T_WRITTEN_DATE,T_UPDATED_DATE,T_HIT,T_RECOMMEND_NUM,T_REPORT_NUM,T_ISLAND,T_PRICE,BT_NO) values (395,44,33,'사요리22','<p>ffasfsad</p>',to_date('20/04/07','RR/MM/DD'),to_date('20/04/07','RR/MM/DD'),0,0,0,0,0,9);
Insert into DB_SAWEE.TRADE (T_NO,M_NO,S_NO,T_TITLE,T_CONTENT,T_WRITTEN_DATE,T_UPDATED_DATE,T_HIT,T_RECOMMEND_NUM,T_REPORT_NUM,T_ISLAND,T_PRICE,BT_NO) values (396,44,33,'저는 할리갈리 중독자입니다. 할리갈리 삽니다.','<p>사고싶어요진심</p>',to_date('20/04/07','RR/MM/DD'),to_date('20/04/10','RR/MM/DD'),76,0,1,0,0,9);
Insert into DB_SAWEE.TRADE (T_NO,M_NO,S_NO,T_TITLE,T_CONTENT,T_WRITTEN_DATE,T_UPDATED_DATE,T_HIT,T_RECOMMEND_NUM,T_REPORT_NUM,T_ISLAND,T_PRICE,BT_NO) values (401,44,34,'완료)팔아욘','<p>팔렸어욘</p>',to_date('20/04/09','RR/MM/DD'),to_date('20/04/10','RR/MM/DD'),139,0,0,0,0,9);
REM INSERTING into DB_SAWEE.TRADE_GAME
SET DEFINE OFF;
Insert into DB_SAWEE.TRADE_GAME (TG_NO,T_NO,G_NO,TG_NAME,TG_PRICE) values (1,200,null,'제가 만든 게임1',0);
Insert into DB_SAWEE.TRADE_GAME (TG_NO,T_NO,G_NO,TG_NAME,TG_PRICE) values (2,200,null,'제가 만든 게임2',0);
Insert into DB_SAWEE.TRADE_GAME (TG_NO,T_NO,G_NO,TG_NAME,TG_PRICE) values (9,382,null,'lkafjlaf',0);
Insert into DB_SAWEE.TRADE_GAME (TG_NO,T_NO,G_NO,TG_NAME,TG_PRICE) values (15,388,null,'어쩌구',0);
Insert into DB_SAWEE.TRADE_GAME (TG_NO,T_NO,G_NO,TG_NAME,TG_PRICE) values (16,388,null,' 저쩌구',0);
Insert into DB_SAWEE.TRADE_GAME (TG_NO,T_NO,G_NO,TG_NAME,TG_PRICE) values (17,388,null,' 어쩔 저쩔',0);
Insert into DB_SAWEE.TRADE_GAME (TG_NO,T_NO,G_NO,TG_NAME,TG_PRICE) values (18,389,null,'이게',0);
Insert into DB_SAWEE.TRADE_GAME (TG_NO,T_NO,G_NO,TG_NAME,TG_PRICE) values (19,389,null,' 진짜일까',0);
Insert into DB_SAWEE.TRADE_GAME (TG_NO,T_NO,G_NO,TG_NAME,TG_PRICE) values (20,389,null,' 제발',0);
Insert into DB_SAWEE.TRADE_GAME (TG_NO,T_NO,G_NO,TG_NAME,TG_PRICE) values (21,389,null,' 도와주세요',0);
Insert into DB_SAWEE.TRADE_GAME (TG_NO,T_NO,G_NO,TG_NAME,TG_PRICE) values (24,392,null,'겜1',3000);
Insert into DB_SAWEE.TRADE_GAME (TG_NO,T_NO,G_NO,TG_NAME,TG_PRICE) values (25,392,null,'겜2',40);
Insert into DB_SAWEE.TRADE_GAME (TG_NO,T_NO,G_NO,TG_NAME,TG_PRICE) values (26,392,null,'겜3',5000);
Insert into DB_SAWEE.TRADE_GAME (TG_NO,T_NO,G_NO,TG_NAME,TG_PRICE) values (27,392,null,' 겜4',0);
Insert into DB_SAWEE.TRADE_GAME (TG_NO,T_NO,G_NO,TG_NAME,TG_PRICE) values (28,393,null,'게임3',0);
Insert into DB_SAWEE.TRADE_GAME (TG_NO,T_NO,G_NO,TG_NAME,TG_PRICE) values (29,393,null,'게임1',4000);
Insert into DB_SAWEE.TRADE_GAME (TG_NO,T_NO,G_NO,TG_NAME,TG_PRICE) values (30,395,null,'게임3',1000);
Insert into DB_SAWEE.TRADE_GAME (TG_NO,T_NO,G_NO,TG_NAME,TG_PRICE) values (31,395,null,'게임2',0);
Insert into DB_SAWEE.TRADE_GAME (TG_NO,T_NO,G_NO,TG_NAME,TG_PRICE) values (32,395,null,'게임1',4000);
Insert into DB_SAWEE.TRADE_GAME (TG_NO,T_NO,G_NO,TG_NAME,TG_PRICE) values (33,396,null,'가랄리',0);
Insert into DB_SAWEE.TRADE_GAME (TG_NO,T_NO,G_NO,TG_NAME,TG_PRICE) values (54,396,null,'할미',1000);
Insert into DB_SAWEE.TRADE_GAME (TG_NO,T_NO,G_NO,TG_NAME,TG_PRICE) values (55,396,null,'하랄리',200);
Insert into DB_SAWEE.TRADE_GAME (TG_NO,T_NO,G_NO,TG_NAME,TG_PRICE) values (42,401,null,'겜하나',100);
Insert into DB_SAWEE.TRADE_GAME (TG_NO,T_NO,G_NO,TG_NAME,TG_PRICE) values (60,401,null,' 겜둘',0);
Insert into DB_SAWEE.TRADE_GAME (TG_NO,T_NO,G_NO,TG_NAME,TG_PRICE) values (61,401,null,' 겜삼',0);
Insert into DB_SAWEE.TRADE_GAME (TG_NO,T_NO,G_NO,TG_NAME,TG_PRICE) values (62,401,null,' 겜 4',0);
Insert into DB_SAWEE.TRADE_GAME (TG_NO,T_NO,G_NO,TG_NAME,TG_PRICE) values (56,396,null,null,0);
REM INSERTING into DB_SAWEE.VISIT
SET DEFINE OFF;
Insert into DB_SAWEE.VISIT (V_DATE) values (to_date('21/04/29','RR/MM/DD'));
Insert into DB_SAWEE.VISIT (V_DATE) values (to_date('20/04/01','RR/MM/DD'));
Insert into DB_SAWEE.VISIT (V_DATE) values (to_date('20/04/01','RR/MM/DD'));
Insert into DB_SAWEE.VISIT (V_DATE) values (to_date('20/04/01','RR/MM/DD'));
Insert into DB_SAWEE.VISIT (V_DATE) values (to_date('20/04/01','RR/MM/DD'));
Insert into DB_SAWEE.VISIT (V_DATE) values (to_date('20/04/01','RR/MM/DD'));
Insert into DB_SAWEE.VISIT (V_DATE) values (to_date('20/04/01','RR/MM/DD'));
Insert into DB_SAWEE.VISIT (V_DATE) values (to_date('20/04/01','RR/MM/DD'));
Insert into DB_SAWEE.VISIT (V_DATE) values (to_date('20/04/01','RR/MM/DD'));
Insert into DB_SAWEE.VISIT (V_DATE) values (to_date('20/04/01','RR/MM/DD'));
Insert into DB_SAWEE.VISIT (V_DATE) values (to_date('20/04/01','RR/MM/DD'));
Insert into DB_SAWEE.VISIT (V_DATE) values (to_date('20/04/01','RR/MM/DD'));
Insert into DB_SAWEE.VISIT (V_DATE) values (to_date('20/04/01','RR/MM/DD'));
Insert into DB_SAWEE.VISIT (V_DATE) values (to_date('20/04/01','RR/MM/DD'));
Insert into DB_SAWEE.VISIT (V_DATE) values (to_date('20/04/01','RR/MM/DD'));
Insert into DB_SAWEE.VISIT (V_DATE) values (to_date('20/04/01','RR/MM/DD'));
Insert into DB_SAWEE.VISIT (V_DATE) values (to_date('20/04/01','RR/MM/DD'));
Insert into DB_SAWEE.VISIT (V_DATE) values (to_date('20/04/02','RR/MM/DD'));
Insert into DB_SAWEE.VISIT (V_DATE) values (to_date('20/04/02','RR/MM/DD'));
Insert into DB_SAWEE.VISIT (V_DATE) values (to_date('20/04/02','RR/MM/DD'));
Insert into DB_SAWEE.VISIT (V_DATE) values (to_date('20/04/02','RR/MM/DD'));
Insert into DB_SAWEE.VISIT (V_DATE) values (to_date('20/04/02','RR/MM/DD'));
Insert into DB_SAWEE.VISIT (V_DATE) values (to_date('20/04/02','RR/MM/DD'));
Insert into DB_SAWEE.VISIT (V_DATE) values (to_date('20/04/02','RR/MM/DD'));
Insert into DB_SAWEE.VISIT (V_DATE) values (to_date('20/04/02','RR/MM/DD'));
Insert into DB_SAWEE.VISIT (V_DATE) values (to_date('20/04/02','RR/MM/DD'));
Insert into DB_SAWEE.VISIT (V_DATE) values (to_date('20/04/02','RR/MM/DD'));
Insert into DB_SAWEE.VISIT (V_DATE) values (to_date('20/04/02','RR/MM/DD'));
Insert into DB_SAWEE.VISIT (V_DATE) values (to_date('20/04/02','RR/MM/DD'));
Insert into DB_SAWEE.VISIT (V_DATE) values (to_date('20/04/02','RR/MM/DD'));
Insert into DB_SAWEE.VISIT (V_DATE) values (to_date('20/04/02','RR/MM/DD'));
Insert into DB_SAWEE.VISIT (V_DATE) values (to_date('20/04/02','RR/MM/DD'));
Insert into DB_SAWEE.VISIT (V_DATE) values (to_date('20/04/02','RR/MM/DD'));
Insert into DB_SAWEE.VISIT (V_DATE) values (to_date('20/04/02','RR/MM/DD'));
Insert into DB_SAWEE.VISIT (V_DATE) values (to_date('20/04/02','RR/MM/DD'));
Insert into DB_SAWEE.VISIT (V_DATE) values (to_date('20/04/02','RR/MM/DD'));
Insert into DB_SAWEE.VISIT (V_DATE) values (to_date('20/04/03','RR/MM/DD'));
Insert into DB_SAWEE.VISIT (V_DATE) values (to_date('20/04/03','RR/MM/DD'));
Insert into DB_SAWEE.VISIT (V_DATE) values (to_date('20/04/03','RR/MM/DD'));
Insert into DB_SAWEE.VISIT (V_DATE) values (to_date('20/04/03','RR/MM/DD'));
Insert into DB_SAWEE.VISIT (V_DATE) values (to_date('20/04/03','RR/MM/DD'));
Insert into DB_SAWEE.VISIT (V_DATE) values (to_date('20/04/03','RR/MM/DD'));
Insert into DB_SAWEE.VISIT (V_DATE) values (to_date('20/04/03','RR/MM/DD'));
Insert into DB_SAWEE.VISIT (V_DATE) values (to_date('20/04/03','RR/MM/DD'));
Insert into DB_SAWEE.VISIT (V_DATE) values (to_date('20/04/03','RR/MM/DD'));
Insert into DB_SAWEE.VISIT (V_DATE) values (to_date('20/04/03','RR/MM/DD'));
Insert into DB_SAWEE.VISIT (V_DATE) values (to_date('20/04/03','RR/MM/DD'));
Insert into DB_SAWEE.VISIT (V_DATE) values (to_date('20/04/03','RR/MM/DD'));
Insert into DB_SAWEE.VISIT (V_DATE) values (to_date('20/04/03','RR/MM/DD'));
Insert into DB_SAWEE.VISIT (V_DATE) values (to_date('20/04/03','RR/MM/DD'));
Insert into DB_SAWEE.VISIT (V_DATE) values (to_date('20/04/03','RR/MM/DD'));
Insert into DB_SAWEE.VISIT (V_DATE) values (to_date('20/04/03','RR/MM/DD'));
Insert into DB_SAWEE.VISIT (V_DATE) values (to_date('20/04/03','RR/MM/DD'));
Insert into DB_SAWEE.VISIT (V_DATE) values (to_date('20/04/03','RR/MM/DD'));
Insert into DB_SAWEE.VISIT (V_DATE) values (to_date('20/04/03','RR/MM/DD'));
Insert into DB_SAWEE.VISIT (V_DATE) values (to_date('20/04/03','RR/MM/DD'));
Insert into DB_SAWEE.VISIT (V_DATE) values (to_date('20/04/03','RR/MM/DD'));
Insert into DB_SAWEE.VISIT (V_DATE) values (to_date('20/04/03','RR/MM/DD'));
Insert into DB_SAWEE.VISIT (V_DATE) values (to_date('20/04/03','RR/MM/DD'));
Insert into DB_SAWEE.VISIT (V_DATE) values (to_date('20/04/03','RR/MM/DD'));
Insert into DB_SAWEE.VISIT (V_DATE) values (to_date('20/04/03','RR/MM/DD'));
Insert into DB_SAWEE.VISIT (V_DATE) values (to_date('20/04/03','RR/MM/DD'));
Insert into DB_SAWEE.VISIT (V_DATE) values (to_date('20/04/03','RR/MM/DD'));
Insert into DB_SAWEE.VISIT (V_DATE) values (to_date('20/04/03','RR/MM/DD'));
Insert into DB_SAWEE.VISIT (V_DATE) values (to_date('20/04/03','RR/MM/DD'));
Insert into DB_SAWEE.VISIT (V_DATE) values (to_date('20/04/03','RR/MM/DD'));
Insert into DB_SAWEE.VISIT (V_DATE) values (to_date('20/04/03','RR/MM/DD'));
Insert into DB_SAWEE.VISIT (V_DATE) values (to_date('20/04/03','RR/MM/DD'));
Insert into DB_SAWEE.VISIT (V_DATE) values (to_date('20/04/03','RR/MM/DD'));
Insert into DB_SAWEE.VISIT (V_DATE) values (to_date('20/04/03','RR/MM/DD'));
Insert into DB_SAWEE.VISIT (V_DATE) values (to_date('20/04/03','RR/MM/DD'));
Insert into DB_SAWEE.VISIT (V_DATE) values (to_date('20/04/03','RR/MM/DD'));
Insert into DB_SAWEE.VISIT (V_DATE) values (to_date('20/04/03','RR/MM/DD'));
Insert into DB_SAWEE.VISIT (V_DATE) values (to_date('20/04/03','RR/MM/DD'));
Insert into DB_SAWEE.VISIT (V_DATE) values (to_date('20/04/03','RR/MM/DD'));
Insert into DB_SAWEE.VISIT (V_DATE) values (to_date('20/04/03','RR/MM/DD'));
Insert into DB_SAWEE.VISIT (V_DATE) values (to_date('20/04/03','RR/MM/DD'));
Insert into DB_SAWEE.VISIT (V_DATE) values (to_date('20/04/03','RR/MM/DD'));
Insert into DB_SAWEE.VISIT (V_DATE) values (to_date('20/04/03','RR/MM/DD'));
Insert into DB_SAWEE.VISIT (V_DATE) values (to_date('20/04/03','RR/MM/DD'));
Insert into DB_SAWEE.VISIT (V_DATE) values (to_date('20/04/03','RR/MM/DD'));
Insert into DB_SAWEE.VISIT (V_DATE) values (to_date('20/04/03','RR/MM/DD'));
Insert into DB_SAWEE.VISIT (V_DATE) values (to_date('20/04/03','RR/MM/DD'));
Insert into DB_SAWEE.VISIT (V_DATE) values (to_date('20/04/03','RR/MM/DD'));
Insert into DB_SAWEE.VISIT (V_DATE) values (to_date('20/04/03','RR/MM/DD'));
Insert into DB_SAWEE.VISIT (V_DATE) values (to_date('20/04/03','RR/MM/DD'));
Insert into DB_SAWEE.VISIT (V_DATE) values (to_date('20/04/03','RR/MM/DD'));
Insert into DB_SAWEE.VISIT (V_DATE) values (to_date('20/04/03','RR/MM/DD'));
Insert into DB_SAWEE.VISIT (V_DATE) values (to_date('20/04/03','RR/MM/DD'));
Insert into DB_SAWEE.VISIT (V_DATE) values (to_date('20/04/03','RR/MM/DD'));
Insert into DB_SAWEE.VISIT (V_DATE) values (to_date('20/04/03','RR/MM/DD'));
Insert into DB_SAWEE.VISIT (V_DATE) values (to_date('20/04/03','RR/MM/DD'));
Insert into DB_SAWEE.VISIT (V_DATE) values (to_date('20/04/04','RR/MM/DD'));
Insert into DB_SAWEE.VISIT (V_DATE) values (to_date('20/04/04','RR/MM/DD'));
Insert into DB_SAWEE.VISIT (V_DATE) values (to_date('20/04/04','RR/MM/DD'));
Insert into DB_SAWEE.VISIT (V_DATE) values (to_date('20/04/04','RR/MM/DD'));
Insert into DB_SAWEE.VISIT (V_DATE) values (to_date('20/04/04','RR/MM/DD'));
Insert into DB_SAWEE.VISIT (V_DATE) values (to_date('20/04/04','RR/MM/DD'));
Insert into DB_SAWEE.VISIT (V_DATE) values (to_date('20/04/04','RR/MM/DD'));
Insert into DB_SAWEE.VISIT (V_DATE) values (to_date('20/04/04','RR/MM/DD'));
Insert into DB_SAWEE.VISIT (V_DATE) values (to_date('20/04/04','RR/MM/DD'));
Insert into DB_SAWEE.VISIT (V_DATE) values (to_date('20/04/04','RR/MM/DD'));
Insert into DB_SAWEE.VISIT (V_DATE) values (to_date('20/04/04','RR/MM/DD'));
Insert into DB_SAWEE.VISIT (V_DATE) values (to_date('20/04/04','RR/MM/DD'));
Insert into DB_SAWEE.VISIT (V_DATE) values (to_date('20/04/04','RR/MM/DD'));
Insert into DB_SAWEE.VISIT (V_DATE) values (to_date('20/04/04','RR/MM/DD'));
Insert into DB_SAWEE.VISIT (V_DATE) values (to_date('20/04/04','RR/MM/DD'));
Insert into DB_SAWEE.VISIT (V_DATE) values (to_date('20/04/04','RR/MM/DD'));
Insert into DB_SAWEE.VISIT (V_DATE) values (to_date('20/04/04','RR/MM/DD'));
Insert into DB_SAWEE.VISIT (V_DATE) values (to_date('20/04/04','RR/MM/DD'));
Insert into DB_SAWEE.VISIT (V_DATE) values (to_date('20/04/04','RR/MM/DD'));
Insert into DB_SAWEE.VISIT (V_DATE) values (to_date('20/04/04','RR/MM/DD'));
Insert into DB_SAWEE.VISIT (V_DATE) values (to_date('20/04/04','RR/MM/DD'));
Insert into DB_SAWEE.VISIT (V_DATE) values (to_date('20/04/04','RR/MM/DD'));
Insert into DB_SAWEE.VISIT (V_DATE) values (to_date('20/04/04','RR/MM/DD'));
Insert into DB_SAWEE.VISIT (V_DATE) values (to_date('20/04/04','RR/MM/DD'));
Insert into DB_SAWEE.VISIT (V_DATE) values (to_date('20/04/04','RR/MM/DD'));
Insert into DB_SAWEE.VISIT (V_DATE) values (to_date('20/04/04','RR/MM/DD'));
Insert into DB_SAWEE.VISIT (V_DATE) values (to_date('20/04/04','RR/MM/DD'));
Insert into DB_SAWEE.VISIT (V_DATE) values (to_date('20/04/04','RR/MM/DD'));
Insert into DB_SAWEE.VISIT (V_DATE) values (to_date('20/04/05','RR/MM/DD'));
Insert into DB_SAWEE.VISIT (V_DATE) values (to_date('20/04/05','RR/MM/DD'));
Insert into DB_SAWEE.VISIT (V_DATE) values (to_date('20/04/05','RR/MM/DD'));
Insert into DB_SAWEE.VISIT (V_DATE) values (to_date('20/04/05','RR/MM/DD'));
Insert into DB_SAWEE.VISIT (V_DATE) values (to_date('20/04/05','RR/MM/DD'));
Insert into DB_SAWEE.VISIT (V_DATE) values (to_date('20/04/05','RR/MM/DD'));
Insert into DB_SAWEE.VISIT (V_DATE) values (to_date('20/04/05','RR/MM/DD'));
Insert into DB_SAWEE.VISIT (V_DATE) values (to_date('20/04/05','RR/MM/DD'));
Insert into DB_SAWEE.VISIT (V_DATE) values (to_date('20/04/05','RR/MM/DD'));
Insert into DB_SAWEE.VISIT (V_DATE) values (to_date('20/04/05','RR/MM/DD'));
Insert into DB_SAWEE.VISIT (V_DATE) values (to_date('20/04/05','RR/MM/DD'));
Insert into DB_SAWEE.VISIT (V_DATE) values (to_date('20/04/05','RR/MM/DD'));
Insert into DB_SAWEE.VISIT (V_DATE) values (to_date('20/04/05','RR/MM/DD'));
Insert into DB_SAWEE.VISIT (V_DATE) values (to_date('20/04/05','RR/MM/DD'));
Insert into DB_SAWEE.VISIT (V_DATE) values (to_date('20/04/05','RR/MM/DD'));
Insert into DB_SAWEE.VISIT (V_DATE) values (to_date('20/04/06','RR/MM/DD'));
Insert into DB_SAWEE.VISIT (V_DATE) values (to_date('20/04/06','RR/MM/DD'));
Insert into DB_SAWEE.VISIT (V_DATE) values (to_date('20/04/06','RR/MM/DD'));
Insert into DB_SAWEE.VISIT (V_DATE) values (to_date('20/04/06','RR/MM/DD'));
Insert into DB_SAWEE.VISIT (V_DATE) values (to_date('20/04/06','RR/MM/DD'));
Insert into DB_SAWEE.VISIT (V_DATE) values (to_date('20/04/06','RR/MM/DD'));
Insert into DB_SAWEE.VISIT (V_DATE) values (to_date('20/04/06','RR/MM/DD'));
Insert into DB_SAWEE.VISIT (V_DATE) values (to_date('20/04/06','RR/MM/DD'));
Insert into DB_SAWEE.VISIT (V_DATE) values (to_date('20/04/06','RR/MM/DD'));
Insert into DB_SAWEE.VISIT (V_DATE) values (to_date('20/04/06','RR/MM/DD'));
Insert into DB_SAWEE.VISIT (V_DATE) values (to_date('20/04/06','RR/MM/DD'));
Insert into DB_SAWEE.VISIT (V_DATE) values (to_date('20/04/06','RR/MM/DD'));
Insert into DB_SAWEE.VISIT (V_DATE) values (to_date('20/04/06','RR/MM/DD'));
Insert into DB_SAWEE.VISIT (V_DATE) values (to_date('20/04/06','RR/MM/DD'));
Insert into DB_SAWEE.VISIT (V_DATE) values (to_date('20/04/06','RR/MM/DD'));
Insert into DB_SAWEE.VISIT (V_DATE) values (to_date('20/04/06','RR/MM/DD'));
Insert into DB_SAWEE.VISIT (V_DATE) values (to_date('20/04/06','RR/MM/DD'));
Insert into DB_SAWEE.VISIT (V_DATE) values (to_date('20/04/06','RR/MM/DD'));
Insert into DB_SAWEE.VISIT (V_DATE) values (to_date('20/04/06','RR/MM/DD'));
Insert into DB_SAWEE.VISIT (V_DATE) values (to_date('20/04/06','RR/MM/DD'));
Insert into DB_SAWEE.VISIT (V_DATE) values (to_date('20/04/06','RR/MM/DD'));
Insert into DB_SAWEE.VISIT (V_DATE) values (to_date('20/04/06','RR/MM/DD'));
Insert into DB_SAWEE.VISIT (V_DATE) values (to_date('20/04/06','RR/MM/DD'));
Insert into DB_SAWEE.VISIT (V_DATE) values (to_date('20/04/06','RR/MM/DD'));
Insert into DB_SAWEE.VISIT (V_DATE) values (to_date('20/04/06','RR/MM/DD'));
Insert into DB_SAWEE.VISIT (V_DATE) values (to_date('20/04/06','RR/MM/DD'));
Insert into DB_SAWEE.VISIT (V_DATE) values (to_date('20/04/06','RR/MM/DD'));
Insert into DB_SAWEE.VISIT (V_DATE) values (to_date('20/04/06','RR/MM/DD'));
Insert into DB_SAWEE.VISIT (V_DATE) values (to_date('20/04/06','RR/MM/DD'));
Insert into DB_SAWEE.VISIT (V_DATE) values (to_date('20/04/06','RR/MM/DD'));
Insert into DB_SAWEE.VISIT (V_DATE) values (to_date('20/04/06','RR/MM/DD'));
Insert into DB_SAWEE.VISIT (V_DATE) values (to_date('20/04/06','RR/MM/DD'));
Insert into DB_SAWEE.VISIT (V_DATE) values (to_date('20/04/06','RR/MM/DD'));
Insert into DB_SAWEE.VISIT (V_DATE) values (to_date('20/04/06','RR/MM/DD'));
Insert into DB_SAWEE.VISIT (V_DATE) values (to_date('20/04/06','RR/MM/DD'));
Insert into DB_SAWEE.VISIT (V_DATE) values (to_date('20/04/06','RR/MM/DD'));
Insert into DB_SAWEE.VISIT (V_DATE) values (to_date('20/04/06','RR/MM/DD'));
Insert into DB_SAWEE.VISIT (V_DATE) values (to_date('20/04/06','RR/MM/DD'));
Insert into DB_SAWEE.VISIT (V_DATE) values (to_date('20/04/06','RR/MM/DD'));
Insert into DB_SAWEE.VISIT (V_DATE) values (to_date('20/04/06','RR/MM/DD'));
Insert into DB_SAWEE.VISIT (V_DATE) values (to_date('20/04/06','RR/MM/DD'));
Insert into DB_SAWEE.VISIT (V_DATE) values (to_date('20/04/06','RR/MM/DD'));
Insert into DB_SAWEE.VISIT (V_DATE) values (to_date('20/04/06','RR/MM/DD'));
Insert into DB_SAWEE.VISIT (V_DATE) values (to_date('20/04/06','RR/MM/DD'));
Insert into DB_SAWEE.VISIT (V_DATE) values (to_date('20/04/06','RR/MM/DD'));
Insert into DB_SAWEE.VISIT (V_DATE) values (to_date('20/04/06','RR/MM/DD'));
Insert into DB_SAWEE.VISIT (V_DATE) values (to_date('20/04/06','RR/MM/DD'));
Insert into DB_SAWEE.VISIT (V_DATE) values (to_date('20/04/06','RR/MM/DD'));
Insert into DB_SAWEE.VISIT (V_DATE) values (to_date('20/04/06','RR/MM/DD'));
Insert into DB_SAWEE.VISIT (V_DATE) values (to_date('20/04/06','RR/MM/DD'));
Insert into DB_SAWEE.VISIT (V_DATE) values (to_date('20/04/06','RR/MM/DD'));
Insert into DB_SAWEE.VISIT (V_DATE) values (to_date('20/04/06','RR/MM/DD'));
Insert into DB_SAWEE.VISIT (V_DATE) values (to_date('20/04/06','RR/MM/DD'));
Insert into DB_SAWEE.VISIT (V_DATE) values (to_date('20/04/06','RR/MM/DD'));
Insert into DB_SAWEE.VISIT (V_DATE) values (to_date('20/04/06','RR/MM/DD'));
Insert into DB_SAWEE.VISIT (V_DATE) values (to_date('20/04/06','RR/MM/DD'));
Insert into DB_SAWEE.VISIT (V_DATE) values (to_date('20/04/06','RR/MM/DD'));
Insert into DB_SAWEE.VISIT (V_DATE) values (to_date('20/04/06','RR/MM/DD'));
Insert into DB_SAWEE.VISIT (V_DATE) values (to_date('20/04/06','RR/MM/DD'));
Insert into DB_SAWEE.VISIT (V_DATE) values (to_date('20/04/06','RR/MM/DD'));
Insert into DB_SAWEE.VISIT (V_DATE) values (to_date('20/04/06','RR/MM/DD'));
Insert into DB_SAWEE.VISIT (V_DATE) values (to_date('20/04/06','RR/MM/DD'));
Insert into DB_SAWEE.VISIT (V_DATE) values (to_date('20/04/06','RR/MM/DD'));
Insert into DB_SAWEE.VISIT (V_DATE) values (to_date('20/04/06','RR/MM/DD'));
Insert into DB_SAWEE.VISIT (V_DATE) values (to_date('20/04/06','RR/MM/DD'));
Insert into DB_SAWEE.VISIT (V_DATE) values (to_date('20/04/06','RR/MM/DD'));
Insert into DB_SAWEE.VISIT (V_DATE) values (to_date('20/04/06','RR/MM/DD'));
Insert into DB_SAWEE.VISIT (V_DATE) values (to_date('20/04/06','RR/MM/DD'));
Insert into DB_SAWEE.VISIT (V_DATE) values (to_date('20/04/06','RR/MM/DD'));
Insert into DB_SAWEE.VISIT (V_DATE) values (to_date('20/04/06','RR/MM/DD'));
Insert into DB_SAWEE.VISIT (V_DATE) values (to_date('20/04/06','RR/MM/DD'));
Insert into DB_SAWEE.VISIT (V_DATE) values (to_date('20/04/06','RR/MM/DD'));
Insert into DB_SAWEE.VISIT (V_DATE) values (to_date('20/04/06','RR/MM/DD'));
Insert into DB_SAWEE.VISIT (V_DATE) values (to_date('20/04/06','RR/MM/DD'));
Insert into DB_SAWEE.VISIT (V_DATE) values (to_date('20/04/06','RR/MM/DD'));
Insert into DB_SAWEE.VISIT (V_DATE) values (to_date('20/04/07','RR/MM/DD'));
Insert into DB_SAWEE.VISIT (V_DATE) values (to_date('20/04/07','RR/MM/DD'));
Insert into DB_SAWEE.VISIT (V_DATE) values (to_date('20/04/07','RR/MM/DD'));
Insert into DB_SAWEE.VISIT (V_DATE) values (to_date('20/04/07','RR/MM/DD'));
Insert into DB_SAWEE.VISIT (V_DATE) values (to_date('20/04/07','RR/MM/DD'));
Insert into DB_SAWEE.VISIT (V_DATE) values (to_date('20/04/07','RR/MM/DD'));
Insert into DB_SAWEE.VISIT (V_DATE) values (to_date('20/04/07','RR/MM/DD'));
Insert into DB_SAWEE.VISIT (V_DATE) values (to_date('20/04/07','RR/MM/DD'));
Insert into DB_SAWEE.VISIT (V_DATE) values (to_date('20/04/07','RR/MM/DD'));
Insert into DB_SAWEE.VISIT (V_DATE) values (to_date('20/04/07','RR/MM/DD'));
Insert into DB_SAWEE.VISIT (V_DATE) values (to_date('20/04/07','RR/MM/DD'));
Insert into DB_SAWEE.VISIT (V_DATE) values (to_date('20/04/07','RR/MM/DD'));
Insert into DB_SAWEE.VISIT (V_DATE) values (to_date('20/04/07','RR/MM/DD'));
Insert into DB_SAWEE.VISIT (V_DATE) values (to_date('20/04/07','RR/MM/DD'));
Insert into DB_SAWEE.VISIT (V_DATE) values (to_date('20/04/07','RR/MM/DD'));
Insert into DB_SAWEE.VISIT (V_DATE) values (to_date('20/04/07','RR/MM/DD'));
Insert into DB_SAWEE.VISIT (V_DATE) values (to_date('20/04/07','RR/MM/DD'));
Insert into DB_SAWEE.VISIT (V_DATE) values (to_date('20/04/07','RR/MM/DD'));
Insert into DB_SAWEE.VISIT (V_DATE) values (to_date('20/04/07','RR/MM/DD'));
Insert into DB_SAWEE.VISIT (V_DATE) values (to_date('20/04/07','RR/MM/DD'));
Insert into DB_SAWEE.VISIT (V_DATE) values (to_date('20/04/07','RR/MM/DD'));
Insert into DB_SAWEE.VISIT (V_DATE) values (to_date('20/04/07','RR/MM/DD'));
Insert into DB_SAWEE.VISIT (V_DATE) values (to_date('20/04/07','RR/MM/DD'));
Insert into DB_SAWEE.VISIT (V_DATE) values (to_date('20/04/07','RR/MM/DD'));
Insert into DB_SAWEE.VISIT (V_DATE) values (to_date('20/04/07','RR/MM/DD'));
Insert into DB_SAWEE.VISIT (V_DATE) values (to_date('20/04/07','RR/MM/DD'));
Insert into DB_SAWEE.VISIT (V_DATE) values (to_date('20/04/07','RR/MM/DD'));
Insert into DB_SAWEE.VISIT (V_DATE) values (to_date('20/04/07','RR/MM/DD'));
Insert into DB_SAWEE.VISIT (V_DATE) values (to_date('20/04/07','RR/MM/DD'));
Insert into DB_SAWEE.VISIT (V_DATE) values (to_date('20/04/07','RR/MM/DD'));
Insert into DB_SAWEE.VISIT (V_DATE) values (to_date('20/04/07','RR/MM/DD'));
Insert into DB_SAWEE.VISIT (V_DATE) values (to_date('20/04/07','RR/MM/DD'));
Insert into DB_SAWEE.VISIT (V_DATE) values (to_date('20/04/07','RR/MM/DD'));
Insert into DB_SAWEE.VISIT (V_DATE) values (to_date('20/04/07','RR/MM/DD'));
Insert into DB_SAWEE.VISIT (V_DATE) values (to_date('20/04/07','RR/MM/DD'));
Insert into DB_SAWEE.VISIT (V_DATE) values (to_date('20/04/07','RR/MM/DD'));
Insert into DB_SAWEE.VISIT (V_DATE) values (to_date('20/04/07','RR/MM/DD'));
Insert into DB_SAWEE.VISIT (V_DATE) values (to_date('20/04/07','RR/MM/DD'));
Insert into DB_SAWEE.VISIT (V_DATE) values (to_date('20/04/07','RR/MM/DD'));
Insert into DB_SAWEE.VISIT (V_DATE) values (to_date('20/04/07','RR/MM/DD'));
Insert into DB_SAWEE.VISIT (V_DATE) values (to_date('20/04/07','RR/MM/DD'));
Insert into DB_SAWEE.VISIT (V_DATE) values (to_date('20/04/07','RR/MM/DD'));
Insert into DB_SAWEE.VISIT (V_DATE) values (to_date('20/04/07','RR/MM/DD'));
Insert into DB_SAWEE.VISIT (V_DATE) values (to_date('20/04/07','RR/MM/DD'));
Insert into DB_SAWEE.VISIT (V_DATE) values (to_date('20/04/07','RR/MM/DD'));
Insert into DB_SAWEE.VISIT (V_DATE) values (to_date('20/04/07','RR/MM/DD'));
Insert into DB_SAWEE.VISIT (V_DATE) values (to_date('20/04/07','RR/MM/DD'));
Insert into DB_SAWEE.VISIT (V_DATE) values (to_date('20/04/07','RR/MM/DD'));
Insert into DB_SAWEE.VISIT (V_DATE) values (to_date('20/04/07','RR/MM/DD'));
Insert into DB_SAWEE.VISIT (V_DATE) values (to_date('20/04/07','RR/MM/DD'));
Insert into DB_SAWEE.VISIT (V_DATE) values (to_date('20/04/07','RR/MM/DD'));
Insert into DB_SAWEE.VISIT (V_DATE) values (to_date('20/04/07','RR/MM/DD'));
Insert into DB_SAWEE.VISIT (V_DATE) values (to_date('20/04/07','RR/MM/DD'));
Insert into DB_SAWEE.VISIT (V_DATE) values (to_date('20/04/07','RR/MM/DD'));
Insert into DB_SAWEE.VISIT (V_DATE) values (to_date('20/04/07','RR/MM/DD'));
Insert into DB_SAWEE.VISIT (V_DATE) values (to_date('20/04/07','RR/MM/DD'));
Insert into DB_SAWEE.VISIT (V_DATE) values (to_date('20/04/07','RR/MM/DD'));
Insert into DB_SAWEE.VISIT (V_DATE) values (to_date('20/04/07','RR/MM/DD'));
Insert into DB_SAWEE.VISIT (V_DATE) values (to_date('20/04/07','RR/MM/DD'));
Insert into DB_SAWEE.VISIT (V_DATE) values (to_date('20/04/07','RR/MM/DD'));
Insert into DB_SAWEE.VISIT (V_DATE) values (to_date('20/04/07','RR/MM/DD'));
Insert into DB_SAWEE.VISIT (V_DATE) values (to_date('20/04/07','RR/MM/DD'));
Insert into DB_SAWEE.VISIT (V_DATE) values (to_date('20/04/07','RR/MM/DD'));
Insert into DB_SAWEE.VISIT (V_DATE) values (to_date('20/04/07','RR/MM/DD'));
Insert into DB_SAWEE.VISIT (V_DATE) values (to_date('20/04/07','RR/MM/DD'));
Insert into DB_SAWEE.VISIT (V_DATE) values (to_date('20/04/07','RR/MM/DD'));
Insert into DB_SAWEE.VISIT (V_DATE) values (to_date('20/04/07','RR/MM/DD'));
Insert into DB_SAWEE.VISIT (V_DATE) values (to_date('20/04/07','RR/MM/DD'));
Insert into DB_SAWEE.VISIT (V_DATE) values (to_date('20/04/07','RR/MM/DD'));
Insert into DB_SAWEE.VISIT (V_DATE) values (to_date('20/04/07','RR/MM/DD'));
Insert into DB_SAWEE.VISIT (V_DATE) values (to_date('20/04/07','RR/MM/DD'));
Insert into DB_SAWEE.VISIT (V_DATE) values (to_date('20/04/07','RR/MM/DD'));
Insert into DB_SAWEE.VISIT (V_DATE) values (to_date('20/04/07','RR/MM/DD'));
Insert into DB_SAWEE.VISIT (V_DATE) values (to_date('20/04/07','RR/MM/DD'));
Insert into DB_SAWEE.VISIT (V_DATE) values (to_date('20/04/07','RR/MM/DD'));
Insert into DB_SAWEE.VISIT (V_DATE) values (to_date('20/04/07','RR/MM/DD'));
Insert into DB_SAWEE.VISIT (V_DATE) values (to_date('20/04/07','RR/MM/DD'));
Insert into DB_SAWEE.VISIT (V_DATE) values (to_date('20/04/07','RR/MM/DD'));
Insert into DB_SAWEE.VISIT (V_DATE) values (to_date('20/04/07','RR/MM/DD'));
Insert into DB_SAWEE.VISIT (V_DATE) values (to_date('20/04/07','RR/MM/DD'));
Insert into DB_SAWEE.VISIT (V_DATE) values (to_date('20/04/07','RR/MM/DD'));
Insert into DB_SAWEE.VISIT (V_DATE) values (to_date('20/04/07','RR/MM/DD'));
Insert into DB_SAWEE.VISIT (V_DATE) values (to_date('20/04/07','RR/MM/DD'));
Insert into DB_SAWEE.VISIT (V_DATE) values (to_date('20/04/07','RR/MM/DD'));
Insert into DB_SAWEE.VISIT (V_DATE) values (to_date('20/04/07','RR/MM/DD'));
Insert into DB_SAWEE.VISIT (V_DATE) values (to_date('20/04/07','RR/MM/DD'));
Insert into DB_SAWEE.VISIT (V_DATE) values (to_date('20/04/07','RR/MM/DD'));
Insert into DB_SAWEE.VISIT (V_DATE) values (to_date('20/04/07','RR/MM/DD'));
Insert into DB_SAWEE.VISIT (V_DATE) values (to_date('20/04/07','RR/MM/DD'));
Insert into DB_SAWEE.VISIT (V_DATE) values (to_date('20/04/07','RR/MM/DD'));
Insert into DB_SAWEE.VISIT (V_DATE) values (to_date('20/04/07','RR/MM/DD'));
Insert into DB_SAWEE.VISIT (V_DATE) values (to_date('20/04/07','RR/MM/DD'));
Insert into DB_SAWEE.VISIT (V_DATE) values (to_date('20/04/07','RR/MM/DD'));
Insert into DB_SAWEE.VISIT (V_DATE) values (to_date('20/04/07','RR/MM/DD'));
Insert into DB_SAWEE.VISIT (V_DATE) values (to_date('20/04/07','RR/MM/DD'));
Insert into DB_SAWEE.VISIT (V_DATE) values (to_date('20/04/07','RR/MM/DD'));
Insert into DB_SAWEE.VISIT (V_DATE) values (to_date('20/04/07','RR/MM/DD'));
Insert into DB_SAWEE.VISIT (V_DATE) values (to_date('20/04/07','RR/MM/DD'));
Insert into DB_SAWEE.VISIT (V_DATE) values (to_date('20/04/07','RR/MM/DD'));
Insert into DB_SAWEE.VISIT (V_DATE) values (to_date('20/04/07','RR/MM/DD'));
Insert into DB_SAWEE.VISIT (V_DATE) values (to_date('20/04/07','RR/MM/DD'));
Insert into DB_SAWEE.VISIT (V_DATE) values (to_date('20/04/07','RR/MM/DD'));
Insert into DB_SAWEE.VISIT (V_DATE) values (to_date('20/04/07','RR/MM/DD'));
Insert into DB_SAWEE.VISIT (V_DATE) values (to_date('20/04/07','RR/MM/DD'));
Insert into DB_SAWEE.VISIT (V_DATE) values (to_date('20/04/07','RR/MM/DD'));
Insert into DB_SAWEE.VISIT (V_DATE) values (to_date('20/04/07','RR/MM/DD'));
Insert into DB_SAWEE.VISIT (V_DATE) values (to_date('20/04/07','RR/MM/DD'));
Insert into DB_SAWEE.VISIT (V_DATE) values (to_date('20/04/07','RR/MM/DD'));
Insert into DB_SAWEE.VISIT (V_DATE) values (to_date('20/04/07','RR/MM/DD'));
Insert into DB_SAWEE.VISIT (V_DATE) values (to_date('20/04/07','RR/MM/DD'));
Insert into DB_SAWEE.VISIT (V_DATE) values (to_date('20/04/07','RR/MM/DD'));
Insert into DB_SAWEE.VISIT (V_DATE) values (to_date('20/04/07','RR/MM/DD'));
Insert into DB_SAWEE.VISIT (V_DATE) values (to_date('20/04/07','RR/MM/DD'));
Insert into DB_SAWEE.VISIT (V_DATE) values (to_date('20/04/07','RR/MM/DD'));
Insert into DB_SAWEE.VISIT (V_DATE) values (to_date('20/04/07','RR/MM/DD'));
Insert into DB_SAWEE.VISIT (V_DATE) values (to_date('20/04/07','RR/MM/DD'));
Insert into DB_SAWEE.VISIT (V_DATE) values (to_date('20/04/07','RR/MM/DD'));
Insert into DB_SAWEE.VISIT (V_DATE) values (to_date('20/04/07','RR/MM/DD'));
Insert into DB_SAWEE.VISIT (V_DATE) values (to_date('20/04/07','RR/MM/DD'));
Insert into DB_SAWEE.VISIT (V_DATE) values (to_date('20/04/07','RR/MM/DD'));
Insert into DB_SAWEE.VISIT (V_DATE) values (to_date('20/04/07','RR/MM/DD'));
Insert into DB_SAWEE.VISIT (V_DATE) values (to_date('20/04/07','RR/MM/DD'));
Insert into DB_SAWEE.VISIT (V_DATE) values (to_date('20/04/07','RR/MM/DD'));
Insert into DB_SAWEE.VISIT (V_DATE) values (to_date('20/04/07','RR/MM/DD'));
Insert into DB_SAWEE.VISIT (V_DATE) values (to_date('20/04/07','RR/MM/DD'));
Insert into DB_SAWEE.VISIT (V_DATE) values (to_date('20/04/07','RR/MM/DD'));
Insert into DB_SAWEE.VISIT (V_DATE) values (to_date('20/04/07','RR/MM/DD'));
Insert into DB_SAWEE.VISIT (V_DATE) values (to_date('20/04/07','RR/MM/DD'));
Insert into DB_SAWEE.VISIT (V_DATE) values (to_date('20/04/07','RR/MM/DD'));
Insert into DB_SAWEE.VISIT (V_DATE) values (to_date('20/04/07','RR/MM/DD'));
Insert into DB_SAWEE.VISIT (V_DATE) values (to_date('20/04/07','RR/MM/DD'));
Insert into DB_SAWEE.VISIT (V_DATE) values (to_date('20/04/07','RR/MM/DD'));
Insert into DB_SAWEE.VISIT (V_DATE) values (to_date('20/04/07','RR/MM/DD'));
Insert into DB_SAWEE.VISIT (V_DATE) values (to_date('20/04/07','RR/MM/DD'));
Insert into DB_SAWEE.VISIT (V_DATE) values (to_date('20/04/07','RR/MM/DD'));
Insert into DB_SAWEE.VISIT (V_DATE) values (to_date('20/04/07','RR/MM/DD'));
Insert into DB_SAWEE.VISIT (V_DATE) values (to_date('20/04/07','RR/MM/DD'));
Insert into DB_SAWEE.VISIT (V_DATE) values (to_date('20/04/07','RR/MM/DD'));
Insert into DB_SAWEE.VISIT (V_DATE) values (to_date('20/04/07','RR/MM/DD'));
Insert into DB_SAWEE.VISIT (V_DATE) values (to_date('20/04/07','RR/MM/DD'));
Insert into DB_SAWEE.VISIT (V_DATE) values (to_date('20/04/07','RR/MM/DD'));
Insert into DB_SAWEE.VISIT (V_DATE) values (to_date('20/04/07','RR/MM/DD'));
Insert into DB_SAWEE.VISIT (V_DATE) values (to_date('20/04/07','RR/MM/DD'));
Insert into DB_SAWEE.VISIT (V_DATE) values (to_date('20/04/07','RR/MM/DD'));
Insert into DB_SAWEE.VISIT (V_DATE) values (to_date('20/04/07','RR/MM/DD'));
Insert into DB_SAWEE.VISIT (V_DATE) values (to_date('20/04/07','RR/MM/DD'));
Insert into DB_SAWEE.VISIT (V_DATE) values (to_date('20/04/07','RR/MM/DD'));
Insert into DB_SAWEE.VISIT (V_DATE) values (to_date('20/04/07','RR/MM/DD'));
Insert into DB_SAWEE.VISIT (V_DATE) values (to_date('20/04/07','RR/MM/DD'));
Insert into DB_SAWEE.VISIT (V_DATE) values (to_date('20/04/07','RR/MM/DD'));
Insert into DB_SAWEE.VISIT (V_DATE) values (to_date('20/04/07','RR/MM/DD'));
Insert into DB_SAWEE.VISIT (V_DATE) values (to_date('20/04/07','RR/MM/DD'));
Insert into DB_SAWEE.VISIT (V_DATE) values (to_date('20/04/07','RR/MM/DD'));
Insert into DB_SAWEE.VISIT (V_DATE) values (to_date('20/04/07','RR/MM/DD'));
Insert into DB_SAWEE.VISIT (V_DATE) values (to_date('20/04/07','RR/MM/DD'));
Insert into DB_SAWEE.VISIT (V_DATE) values (to_date('20/04/07','RR/MM/DD'));
Insert into DB_SAWEE.VISIT (V_DATE) values (to_date('20/04/07','RR/MM/DD'));
Insert into DB_SAWEE.VISIT (V_DATE) values (to_date('20/04/07','RR/MM/DD'));
Insert into DB_SAWEE.VISIT (V_DATE) values (to_date('20/04/07','RR/MM/DD'));
Insert into DB_SAWEE.VISIT (V_DATE) values (to_date('20/04/07','RR/MM/DD'));
Insert into DB_SAWEE.VISIT (V_DATE) values (to_date('20/04/07','RR/MM/DD'));
Insert into DB_SAWEE.VISIT (V_DATE) values (to_date('20/04/07','RR/MM/DD'));
Insert into DB_SAWEE.VISIT (V_DATE) values (to_date('20/04/07','RR/MM/DD'));
Insert into DB_SAWEE.VISIT (V_DATE) values (to_date('20/04/07','RR/MM/DD'));
Insert into DB_SAWEE.VISIT (V_DATE) values (to_date('20/04/07','RR/MM/DD'));
Insert into DB_SAWEE.VISIT (V_DATE) values (to_date('20/04/07','RR/MM/DD'));
Insert into DB_SAWEE.VISIT (V_DATE) values (to_date('20/04/07','RR/MM/DD'));
Insert into DB_SAWEE.VISIT (V_DATE) values (to_date('20/04/07','RR/MM/DD'));
Insert into DB_SAWEE.VISIT (V_DATE) values (to_date('20/04/07','RR/MM/DD'));
Insert into DB_SAWEE.VISIT (V_DATE) values (to_date('20/04/07','RR/MM/DD'));
Insert into DB_SAWEE.VISIT (V_DATE) values (to_date('20/04/07','RR/MM/DD'));
Insert into DB_SAWEE.VISIT (V_DATE) values (to_date('20/04/07','RR/MM/DD'));
Insert into DB_SAWEE.VISIT (V_DATE) values (to_date('20/04/07','RR/MM/DD'));
Insert into DB_SAWEE.VISIT (V_DATE) values (to_date('20/04/07','RR/MM/DD'));
Insert into DB_SAWEE.VISIT (V_DATE) values (to_date('20/04/07','RR/MM/DD'));
Insert into DB_SAWEE.VISIT (V_DATE) values (to_date('20/04/07','RR/MM/DD'));
Insert into DB_SAWEE.VISIT (V_DATE) values (to_date('20/04/07','RR/MM/DD'));
Insert into DB_SAWEE.VISIT (V_DATE) values (to_date('20/04/07','RR/MM/DD'));
Insert into DB_SAWEE.VISIT (V_DATE) values (to_date('20/04/07','RR/MM/DD'));
Insert into DB_SAWEE.VISIT (V_DATE) values (to_date('20/04/07','RR/MM/DD'));
Insert into DB_SAWEE.VISIT (V_DATE) values (to_date('20/04/07','RR/MM/DD'));
Insert into DB_SAWEE.VISIT (V_DATE) values (to_date('20/04/07','RR/MM/DD'));
Insert into DB_SAWEE.VISIT (V_DATE) values (to_date('20/04/07','RR/MM/DD'));
Insert into DB_SAWEE.VISIT (V_DATE) values (to_date('20/04/07','RR/MM/DD'));
Insert into DB_SAWEE.VISIT (V_DATE) values (to_date('20/04/07','RR/MM/DD'));
Insert into DB_SAWEE.VISIT (V_DATE) values (to_date('20/04/07','RR/MM/DD'));
Insert into DB_SAWEE.VISIT (V_DATE) values (to_date('20/04/07','RR/MM/DD'));
Insert into DB_SAWEE.VISIT (V_DATE) values (to_date('20/04/07','RR/MM/DD'));
Insert into DB_SAWEE.VISIT (V_DATE) values (to_date('20/04/07','RR/MM/DD'));
Insert into DB_SAWEE.VISIT (V_DATE) values (to_date('20/04/07','RR/MM/DD'));
Insert into DB_SAWEE.VISIT (V_DATE) values (to_date('20/04/07','RR/MM/DD'));
Insert into DB_SAWEE.VISIT (V_DATE) values (to_date('20/04/07','RR/MM/DD'));
Insert into DB_SAWEE.VISIT (V_DATE) values (to_date('20/04/07','RR/MM/DD'));
Insert into DB_SAWEE.VISIT (V_DATE) values (to_date('20/04/07','RR/MM/DD'));
Insert into DB_SAWEE.VISIT (V_DATE) values (to_date('20/04/07','RR/MM/DD'));
Insert into DB_SAWEE.VISIT (V_DATE) values (to_date('20/04/07','RR/MM/DD'));
Insert into DB_SAWEE.VISIT (V_DATE) values (to_date('20/04/07','RR/MM/DD'));
Insert into DB_SAWEE.VISIT (V_DATE) values (to_date('20/04/07','RR/MM/DD'));
Insert into DB_SAWEE.VISIT (V_DATE) values (to_date('20/04/07','RR/MM/DD'));
Insert into DB_SAWEE.VISIT (V_DATE) values (to_date('20/04/07','RR/MM/DD'));
Insert into DB_SAWEE.VISIT (V_DATE) values (to_date('20/04/08','RR/MM/DD'));
Insert into DB_SAWEE.VISIT (V_DATE) values (to_date('20/04/08','RR/MM/DD'));
Insert into DB_SAWEE.VISIT (V_DATE) values (to_date('20/04/08','RR/MM/DD'));
Insert into DB_SAWEE.VISIT (V_DATE) values (to_date('20/04/08','RR/MM/DD'));
Insert into DB_SAWEE.VISIT (V_DATE) values (to_date('20/04/08','RR/MM/DD'));
Insert into DB_SAWEE.VISIT (V_DATE) values (to_date('20/04/08','RR/MM/DD'));
Insert into DB_SAWEE.VISIT (V_DATE) values (to_date('20/04/08','RR/MM/DD'));
Insert into DB_SAWEE.VISIT (V_DATE) values (to_date('20/04/08','RR/MM/DD'));
Insert into DB_SAWEE.VISIT (V_DATE) values (to_date('20/04/08','RR/MM/DD'));
Insert into DB_SAWEE.VISIT (V_DATE) values (to_date('20/04/08','RR/MM/DD'));
Insert into DB_SAWEE.VISIT (V_DATE) values (to_date('20/04/08','RR/MM/DD'));
Insert into DB_SAWEE.VISIT (V_DATE) values (to_date('20/04/08','RR/MM/DD'));
Insert into DB_SAWEE.VISIT (V_DATE) values (to_date('20/04/08','RR/MM/DD'));
Insert into DB_SAWEE.VISIT (V_DATE) values (to_date('20/04/08','RR/MM/DD'));
Insert into DB_SAWEE.VISIT (V_DATE) values (to_date('20/04/08','RR/MM/DD'));
Insert into DB_SAWEE.VISIT (V_DATE) values (to_date('20/04/08','RR/MM/DD'));
Insert into DB_SAWEE.VISIT (V_DATE) values (to_date('20/04/08','RR/MM/DD'));
Insert into DB_SAWEE.VISIT (V_DATE) values (to_date('20/04/08','RR/MM/DD'));
Insert into DB_SAWEE.VISIT (V_DATE) values (to_date('20/04/08','RR/MM/DD'));
Insert into DB_SAWEE.VISIT (V_DATE) values (to_date('20/04/08','RR/MM/DD'));
Insert into DB_SAWEE.VISIT (V_DATE) values (to_date('20/04/08','RR/MM/DD'));
Insert into DB_SAWEE.VISIT (V_DATE) values (to_date('20/04/08','RR/MM/DD'));
Insert into DB_SAWEE.VISIT (V_DATE) values (to_date('20/04/08','RR/MM/DD'));
Insert into DB_SAWEE.VISIT (V_DATE) values (to_date('20/04/08','RR/MM/DD'));
Insert into DB_SAWEE.VISIT (V_DATE) values (to_date('20/04/08','RR/MM/DD'));
Insert into DB_SAWEE.VISIT (V_DATE) values (to_date('20/04/08','RR/MM/DD'));
Insert into DB_SAWEE.VISIT (V_DATE) values (to_date('20/04/08','RR/MM/DD'));
Insert into DB_SAWEE.VISIT (V_DATE) values (to_date('20/04/08','RR/MM/DD'));
Insert into DB_SAWEE.VISIT (V_DATE) values (to_date('20/04/08','RR/MM/DD'));
Insert into DB_SAWEE.VISIT (V_DATE) values (to_date('20/04/08','RR/MM/DD'));
Insert into DB_SAWEE.VISIT (V_DATE) values (to_date('20/04/08','RR/MM/DD'));
Insert into DB_SAWEE.VISIT (V_DATE) values (to_date('20/04/08','RR/MM/DD'));
Insert into DB_SAWEE.VISIT (V_DATE) values (to_date('20/04/08','RR/MM/DD'));
Insert into DB_SAWEE.VISIT (V_DATE) values (to_date('20/04/08','RR/MM/DD'));
Insert into DB_SAWEE.VISIT (V_DATE) values (to_date('20/04/08','RR/MM/DD'));
Insert into DB_SAWEE.VISIT (V_DATE) values (to_date('20/04/08','RR/MM/DD'));
Insert into DB_SAWEE.VISIT (V_DATE) values (to_date('20/04/08','RR/MM/DD'));
Insert into DB_SAWEE.VISIT (V_DATE) values (to_date('20/04/08','RR/MM/DD'));
Insert into DB_SAWEE.VISIT (V_DATE) values (to_date('20/04/08','RR/MM/DD'));
Insert into DB_SAWEE.VISIT (V_DATE) values (to_date('20/04/08','RR/MM/DD'));
Insert into DB_SAWEE.VISIT (V_DATE) values (to_date('20/04/08','RR/MM/DD'));
Insert into DB_SAWEE.VISIT (V_DATE) values (to_date('20/04/08','RR/MM/DD'));
Insert into DB_SAWEE.VISIT (V_DATE) values (to_date('20/04/08','RR/MM/DD'));
Insert into DB_SAWEE.VISIT (V_DATE) values (to_date('20/04/08','RR/MM/DD'));
Insert into DB_SAWEE.VISIT (V_DATE) values (to_date('20/04/08','RR/MM/DD'));
Insert into DB_SAWEE.VISIT (V_DATE) values (to_date('20/04/08','RR/MM/DD'));
Insert into DB_SAWEE.VISIT (V_DATE) values (to_date('20/04/08','RR/MM/DD'));
Insert into DB_SAWEE.VISIT (V_DATE) values (to_date('20/04/08','RR/MM/DD'));
Insert into DB_SAWEE.VISIT (V_DATE) values (to_date('20/04/08','RR/MM/DD'));
Insert into DB_SAWEE.VISIT (V_DATE) values (to_date('20/04/08','RR/MM/DD'));
Insert into DB_SAWEE.VISIT (V_DATE) values (to_date('20/04/08','RR/MM/DD'));
Insert into DB_SAWEE.VISIT (V_DATE) values (to_date('20/04/08','RR/MM/DD'));
Insert into DB_SAWEE.VISIT (V_DATE) values (to_date('20/04/08','RR/MM/DD'));
Insert into DB_SAWEE.VISIT (V_DATE) values (to_date('20/04/08','RR/MM/DD'));
Insert into DB_SAWEE.VISIT (V_DATE) values (to_date('20/04/08','RR/MM/DD'));
Insert into DB_SAWEE.VISIT (V_DATE) values (to_date('20/04/08','RR/MM/DD'));
Insert into DB_SAWEE.VISIT (V_DATE) values (to_date('20/04/08','RR/MM/DD'));
Insert into DB_SAWEE.VISIT (V_DATE) values (to_date('20/04/08','RR/MM/DD'));
Insert into DB_SAWEE.VISIT (V_DATE) values (to_date('20/04/08','RR/MM/DD'));
Insert into DB_SAWEE.VISIT (V_DATE) values (to_date('20/04/08','RR/MM/DD'));
Insert into DB_SAWEE.VISIT (V_DATE) values (to_date('20/04/08','RR/MM/DD'));
Insert into DB_SAWEE.VISIT (V_DATE) values (to_date('20/04/08','RR/MM/DD'));
Insert into DB_SAWEE.VISIT (V_DATE) values (to_date('20/04/08','RR/MM/DD'));
Insert into DB_SAWEE.VISIT (V_DATE) values (to_date('20/04/08','RR/MM/DD'));
Insert into DB_SAWEE.VISIT (V_DATE) values (to_date('20/04/08','RR/MM/DD'));
Insert into DB_SAWEE.VISIT (V_DATE) values (to_date('20/04/08','RR/MM/DD'));
Insert into DB_SAWEE.VISIT (V_DATE) values (to_date('20/04/08','RR/MM/DD'));
Insert into DB_SAWEE.VISIT (V_DATE) values (to_date('20/04/08','RR/MM/DD'));
Insert into DB_SAWEE.VISIT (V_DATE) values (to_date('20/04/08','RR/MM/DD'));
Insert into DB_SAWEE.VISIT (V_DATE) values (to_date('20/04/08','RR/MM/DD'));
Insert into DB_SAWEE.VISIT (V_DATE) values (to_date('20/04/08','RR/MM/DD'));
Insert into DB_SAWEE.VISIT (V_DATE) values (to_date('20/04/08','RR/MM/DD'));
Insert into DB_SAWEE.VISIT (V_DATE) values (to_date('20/04/08','RR/MM/DD'));
Insert into DB_SAWEE.VISIT (V_DATE) values (to_date('20/04/08','RR/MM/DD'));
Insert into DB_SAWEE.VISIT (V_DATE) values (to_date('20/04/08','RR/MM/DD'));
Insert into DB_SAWEE.VISIT (V_DATE) values (to_date('20/04/08','RR/MM/DD'));
Insert into DB_SAWEE.VISIT (V_DATE) values (to_date('20/04/08','RR/MM/DD'));
Insert into DB_SAWEE.VISIT (V_DATE) values (to_date('20/04/08','RR/MM/DD'));
Insert into DB_SAWEE.VISIT (V_DATE) values (to_date('20/04/08','RR/MM/DD'));
Insert into DB_SAWEE.VISIT (V_DATE) values (to_date('20/04/08','RR/MM/DD'));
Insert into DB_SAWEE.VISIT (V_DATE) values (to_date('20/04/08','RR/MM/DD'));
Insert into DB_SAWEE.VISIT (V_DATE) values (to_date('20/04/08','RR/MM/DD'));
Insert into DB_SAWEE.VISIT (V_DATE) values (to_date('20/04/08','RR/MM/DD'));
Insert into DB_SAWEE.VISIT (V_DATE) values (to_date('20/04/08','RR/MM/DD'));
Insert into DB_SAWEE.VISIT (V_DATE) values (to_date('20/04/08','RR/MM/DD'));
Insert into DB_SAWEE.VISIT (V_DATE) values (to_date('20/04/08','RR/MM/DD'));
Insert into DB_SAWEE.VISIT (V_DATE) values (to_date('20/04/08','RR/MM/DD'));
Insert into DB_SAWEE.VISIT (V_DATE) values (to_date('20/04/08','RR/MM/DD'));
Insert into DB_SAWEE.VISIT (V_DATE) values (to_date('20/04/08','RR/MM/DD'));
Insert into DB_SAWEE.VISIT (V_DATE) values (to_date('20/04/08','RR/MM/DD'));
Insert into DB_SAWEE.VISIT (V_DATE) values (to_date('20/04/08','RR/MM/DD'));
Insert into DB_SAWEE.VISIT (V_DATE) values (to_date('20/04/08','RR/MM/DD'));
Insert into DB_SAWEE.VISIT (V_DATE) values (to_date('20/04/08','RR/MM/DD'));
Insert into DB_SAWEE.VISIT (V_DATE) values (to_date('20/04/08','RR/MM/DD'));
Insert into DB_SAWEE.VISIT (V_DATE) values (to_date('20/04/08','RR/MM/DD'));
Insert into DB_SAWEE.VISIT (V_DATE) values (to_date('20/04/08','RR/MM/DD'));
Insert into DB_SAWEE.VISIT (V_DATE) values (to_date('20/04/08','RR/MM/DD'));
Insert into DB_SAWEE.VISIT (V_DATE) values (to_date('20/04/08','RR/MM/DD'));
Insert into DB_SAWEE.VISIT (V_DATE) values (to_date('20/04/08','RR/MM/DD'));
Insert into DB_SAWEE.VISIT (V_DATE) values (to_date('20/04/08','RR/MM/DD'));
Insert into DB_SAWEE.VISIT (V_DATE) values (to_date('20/04/08','RR/MM/DD'));
Insert into DB_SAWEE.VISIT (V_DATE) values (to_date('20/04/08','RR/MM/DD'));
Insert into DB_SAWEE.VISIT (V_DATE) values (to_date('20/04/08','RR/MM/DD'));
Insert into DB_SAWEE.VISIT (V_DATE) values (to_date('20/04/08','RR/MM/DD'));
Insert into DB_SAWEE.VISIT (V_DATE) values (to_date('20/04/08','RR/MM/DD'));
Insert into DB_SAWEE.VISIT (V_DATE) values (to_date('20/04/08','RR/MM/DD'));
Insert into DB_SAWEE.VISIT (V_DATE) values (to_date('20/04/08','RR/MM/DD'));
Insert into DB_SAWEE.VISIT (V_DATE) values (to_date('20/04/08','RR/MM/DD'));
Insert into DB_SAWEE.VISIT (V_DATE) values (to_date('20/04/08','RR/MM/DD'));
Insert into DB_SAWEE.VISIT (V_DATE) values (to_date('20/04/08','RR/MM/DD'));
Insert into DB_SAWEE.VISIT (V_DATE) values (to_date('20/04/08','RR/MM/DD'));
Insert into DB_SAWEE.VISIT (V_DATE) values (to_date('20/04/08','RR/MM/DD'));
Insert into DB_SAWEE.VISIT (V_DATE) values (to_date('20/04/08','RR/MM/DD'));
Insert into DB_SAWEE.VISIT (V_DATE) values (to_date('20/04/08','RR/MM/DD'));
Insert into DB_SAWEE.VISIT (V_DATE) values (to_date('20/04/08','RR/MM/DD'));
Insert into DB_SAWEE.VISIT (V_DATE) values (to_date('20/04/08','RR/MM/DD'));
Insert into DB_SAWEE.VISIT (V_DATE) values (to_date('20/04/08','RR/MM/DD'));
Insert into DB_SAWEE.VISIT (V_DATE) values (to_date('20/04/08','RR/MM/DD'));
Insert into DB_SAWEE.VISIT (V_DATE) values (to_date('20/04/08','RR/MM/DD'));
Insert into DB_SAWEE.VISIT (V_DATE) values (to_date('20/04/08','RR/MM/DD'));
Insert into DB_SAWEE.VISIT (V_DATE) values (to_date('20/04/08','RR/MM/DD'));
Insert into DB_SAWEE.VISIT (V_DATE) values (to_date('20/04/08','RR/MM/DD'));
Insert into DB_SAWEE.VISIT (V_DATE) values (to_date('20/04/08','RR/MM/DD'));
Insert into DB_SAWEE.VISIT (V_DATE) values (to_date('20/04/08','RR/MM/DD'));
Insert into DB_SAWEE.VISIT (V_DATE) values (to_date('20/04/08','RR/MM/DD'));
Insert into DB_SAWEE.VISIT (V_DATE) values (to_date('20/04/08','RR/MM/DD'));
Insert into DB_SAWEE.VISIT (V_DATE) values (to_date('20/04/08','RR/MM/DD'));
Insert into DB_SAWEE.VISIT (V_DATE) values (to_date('20/04/08','RR/MM/DD'));
Insert into DB_SAWEE.VISIT (V_DATE) values (to_date('20/04/08','RR/MM/DD'));
Insert into DB_SAWEE.VISIT (V_DATE) values (to_date('20/04/08','RR/MM/DD'));
Insert into DB_SAWEE.VISIT (V_DATE) values (to_date('20/04/08','RR/MM/DD'));
Insert into DB_SAWEE.VISIT (V_DATE) values (to_date('20/04/08','RR/MM/DD'));
Insert into DB_SAWEE.VISIT (V_DATE) values (to_date('20/04/08','RR/MM/DD'));
Insert into DB_SAWEE.VISIT (V_DATE) values (to_date('20/04/08','RR/MM/DD'));
Insert into DB_SAWEE.VISIT (V_DATE) values (to_date('20/04/08','RR/MM/DD'));
Insert into DB_SAWEE.VISIT (V_DATE) values (to_date('20/04/08','RR/MM/DD'));
Insert into DB_SAWEE.VISIT (V_DATE) values (to_date('20/04/08','RR/MM/DD'));
Insert into DB_SAWEE.VISIT (V_DATE) values (to_date('20/04/08','RR/MM/DD'));
Insert into DB_SAWEE.VISIT (V_DATE) values (to_date('20/04/08','RR/MM/DD'));
Insert into DB_SAWEE.VISIT (V_DATE) values (to_date('20/04/08','RR/MM/DD'));
Insert into DB_SAWEE.VISIT (V_DATE) values (to_date('20/04/08','RR/MM/DD'));
Insert into DB_SAWEE.VISIT (V_DATE) values (to_date('20/04/08','RR/MM/DD'));
Insert into DB_SAWEE.VISIT (V_DATE) values (to_date('20/04/08','RR/MM/DD'));
Insert into DB_SAWEE.VISIT (V_DATE) values (to_date('20/04/08','RR/MM/DD'));
Insert into DB_SAWEE.VISIT (V_DATE) values (to_date('20/04/08','RR/MM/DD'));
Insert into DB_SAWEE.VISIT (V_DATE) values (to_date('20/04/08','RR/MM/DD'));
Insert into DB_SAWEE.VISIT (V_DATE) values (to_date('20/04/09','RR/MM/DD'));
Insert into DB_SAWEE.VISIT (V_DATE) values (to_date('20/04/09','RR/MM/DD'));
Insert into DB_SAWEE.VISIT (V_DATE) values (to_date('20/04/09','RR/MM/DD'));
Insert into DB_SAWEE.VISIT (V_DATE) values (to_date('20/04/09','RR/MM/DD'));
Insert into DB_SAWEE.VISIT (V_DATE) values (to_date('20/04/09','RR/MM/DD'));
Insert into DB_SAWEE.VISIT (V_DATE) values (to_date('20/04/09','RR/MM/DD'));
Insert into DB_SAWEE.VISIT (V_DATE) values (to_date('20/04/09','RR/MM/DD'));
Insert into DB_SAWEE.VISIT (V_DATE) values (to_date('20/04/09','RR/MM/DD'));
Insert into DB_SAWEE.VISIT (V_DATE) values (to_date('20/04/09','RR/MM/DD'));
Insert into DB_SAWEE.VISIT (V_DATE) values (to_date('20/04/09','RR/MM/DD'));
Insert into DB_SAWEE.VISIT (V_DATE) values (to_date('20/04/09','RR/MM/DD'));
Insert into DB_SAWEE.VISIT (V_DATE) values (to_date('20/04/09','RR/MM/DD'));
Insert into DB_SAWEE.VISIT (V_DATE) values (to_date('20/04/09','RR/MM/DD'));
Insert into DB_SAWEE.VISIT (V_DATE) values (to_date('20/04/09','RR/MM/DD'));
Insert into DB_SAWEE.VISIT (V_DATE) values (to_date('20/04/09','RR/MM/DD'));
Insert into DB_SAWEE.VISIT (V_DATE) values (to_date('20/04/09','RR/MM/DD'));
Insert into DB_SAWEE.VISIT (V_DATE) values (to_date('20/04/09','RR/MM/DD'));
Insert into DB_SAWEE.VISIT (V_DATE) values (to_date('20/04/09','RR/MM/DD'));
Insert into DB_SAWEE.VISIT (V_DATE) values (to_date('20/04/09','RR/MM/DD'));
Insert into DB_SAWEE.VISIT (V_DATE) values (to_date('20/04/09','RR/MM/DD'));
Insert into DB_SAWEE.VISIT (V_DATE) values (to_date('20/04/09','RR/MM/DD'));
Insert into DB_SAWEE.VISIT (V_DATE) values (to_date('20/04/09','RR/MM/DD'));
Insert into DB_SAWEE.VISIT (V_DATE) values (to_date('20/04/09','RR/MM/DD'));
Insert into DB_SAWEE.VISIT (V_DATE) values (to_date('20/04/09','RR/MM/DD'));
Insert into DB_SAWEE.VISIT (V_DATE) values (to_date('20/04/09','RR/MM/DD'));
Insert into DB_SAWEE.VISIT (V_DATE) values (to_date('20/04/09','RR/MM/DD'));
Insert into DB_SAWEE.VISIT (V_DATE) values (to_date('20/04/09','RR/MM/DD'));
Insert into DB_SAWEE.VISIT (V_DATE) values (to_date('20/04/09','RR/MM/DD'));
Insert into DB_SAWEE.VISIT (V_DATE) values (to_date('20/04/09','RR/MM/DD'));
Insert into DB_SAWEE.VISIT (V_DATE) values (to_date('20/04/09','RR/MM/DD'));
Insert into DB_SAWEE.VISIT (V_DATE) values (to_date('20/04/09','RR/MM/DD'));
Insert into DB_SAWEE.VISIT (V_DATE) values (to_date('20/04/09','RR/MM/DD'));
Insert into DB_SAWEE.VISIT (V_DATE) values (to_date('20/04/09','RR/MM/DD'));
Insert into DB_SAWEE.VISIT (V_DATE) values (to_date('20/04/09','RR/MM/DD'));
Insert into DB_SAWEE.VISIT (V_DATE) values (to_date('20/04/09','RR/MM/DD'));
Insert into DB_SAWEE.VISIT (V_DATE) values (to_date('20/04/09','RR/MM/DD'));
Insert into DB_SAWEE.VISIT (V_DATE) values (to_date('20/04/09','RR/MM/DD'));
Insert into DB_SAWEE.VISIT (V_DATE) values (to_date('20/04/09','RR/MM/DD'));
Insert into DB_SAWEE.VISIT (V_DATE) values (to_date('20/04/09','RR/MM/DD'));
Insert into DB_SAWEE.VISIT (V_DATE) values (to_date('20/04/09','RR/MM/DD'));
Insert into DB_SAWEE.VISIT (V_DATE) values (to_date('20/04/09','RR/MM/DD'));
Insert into DB_SAWEE.VISIT (V_DATE) values (to_date('20/04/09','RR/MM/DD'));
Insert into DB_SAWEE.VISIT (V_DATE) values (to_date('20/04/09','RR/MM/DD'));
Insert into DB_SAWEE.VISIT (V_DATE) values (to_date('20/04/09','RR/MM/DD'));
Insert into DB_SAWEE.VISIT (V_DATE) values (to_date('20/04/09','RR/MM/DD'));
Insert into DB_SAWEE.VISIT (V_DATE) values (to_date('20/04/09','RR/MM/DD'));
Insert into DB_SAWEE.VISIT (V_DATE) values (to_date('20/04/09','RR/MM/DD'));
Insert into DB_SAWEE.VISIT (V_DATE) values (to_date('20/04/09','RR/MM/DD'));
Insert into DB_SAWEE.VISIT (V_DATE) values (to_date('20/04/09','RR/MM/DD'));
Insert into DB_SAWEE.VISIT (V_DATE) values (to_date('20/04/09','RR/MM/DD'));
Insert into DB_SAWEE.VISIT (V_DATE) values (to_date('20/04/09','RR/MM/DD'));
Insert into DB_SAWEE.VISIT (V_DATE) values (to_date('20/04/09','RR/MM/DD'));
Insert into DB_SAWEE.VISIT (V_DATE) values (to_date('20/04/09','RR/MM/DD'));
Insert into DB_SAWEE.VISIT (V_DATE) values (to_date('20/04/09','RR/MM/DD'));
Insert into DB_SAWEE.VISIT (V_DATE) values (to_date('20/04/09','RR/MM/DD'));
Insert into DB_SAWEE.VISIT (V_DATE) values (to_date('20/04/09','RR/MM/DD'));
Insert into DB_SAWEE.VISIT (V_DATE) values (to_date('20/04/09','RR/MM/DD'));
Insert into DB_SAWEE.VISIT (V_DATE) values (to_date('20/04/09','RR/MM/DD'));
Insert into DB_SAWEE.VISIT (V_DATE) values (to_date('20/04/09','RR/MM/DD'));
Insert into DB_SAWEE.VISIT (V_DATE) values (to_date('20/04/09','RR/MM/DD'));
Insert into DB_SAWEE.VISIT (V_DATE) values (to_date('20/04/09','RR/MM/DD'));
Insert into DB_SAWEE.VISIT (V_DATE) values (to_date('20/04/09','RR/MM/DD'));
Insert into DB_SAWEE.VISIT (V_DATE) values (to_date('20/04/09','RR/MM/DD'));
Insert into DB_SAWEE.VISIT (V_DATE) values (to_date('20/04/09','RR/MM/DD'));
Insert into DB_SAWEE.VISIT (V_DATE) values (to_date('20/04/09','RR/MM/DD'));
Insert into DB_SAWEE.VISIT (V_DATE) values (to_date('20/04/09','RR/MM/DD'));
Insert into DB_SAWEE.VISIT (V_DATE) values (to_date('20/04/09','RR/MM/DD'));
Insert into DB_SAWEE.VISIT (V_DATE) values (to_date('20/04/09','RR/MM/DD'));
Insert into DB_SAWEE.VISIT (V_DATE) values (to_date('20/04/09','RR/MM/DD'));
Insert into DB_SAWEE.VISIT (V_DATE) values (to_date('20/04/09','RR/MM/DD'));
Insert into DB_SAWEE.VISIT (V_DATE) values (to_date('20/04/09','RR/MM/DD'));
Insert into DB_SAWEE.VISIT (V_DATE) values (to_date('20/04/09','RR/MM/DD'));
Insert into DB_SAWEE.VISIT (V_DATE) values (to_date('20/04/09','RR/MM/DD'));
Insert into DB_SAWEE.VISIT (V_DATE) values (to_date('20/04/09','RR/MM/DD'));
Insert into DB_SAWEE.VISIT (V_DATE) values (to_date('20/04/09','RR/MM/DD'));
Insert into DB_SAWEE.VISIT (V_DATE) values (to_date('20/04/09','RR/MM/DD'));
Insert into DB_SAWEE.VISIT (V_DATE) values (to_date('20/04/09','RR/MM/DD'));
Insert into DB_SAWEE.VISIT (V_DATE) values (to_date('20/04/09','RR/MM/DD'));
Insert into DB_SAWEE.VISIT (V_DATE) values (to_date('20/04/09','RR/MM/DD'));
Insert into DB_SAWEE.VISIT (V_DATE) values (to_date('20/04/09','RR/MM/DD'));
Insert into DB_SAWEE.VISIT (V_DATE) values (to_date('20/04/09','RR/MM/DD'));
Insert into DB_SAWEE.VISIT (V_DATE) values (to_date('20/04/09','RR/MM/DD'));
Insert into DB_SAWEE.VISIT (V_DATE) values (to_date('20/04/09','RR/MM/DD'));
Insert into DB_SAWEE.VISIT (V_DATE) values (to_date('20/04/09','RR/MM/DD'));
Insert into DB_SAWEE.VISIT (V_DATE) values (to_date('20/04/09','RR/MM/DD'));
Insert into DB_SAWEE.VISIT (V_DATE) values (to_date('20/04/09','RR/MM/DD'));
Insert into DB_SAWEE.VISIT (V_DATE) values (to_date('20/04/09','RR/MM/DD'));
Insert into DB_SAWEE.VISIT (V_DATE) values (to_date('20/04/09','RR/MM/DD'));
Insert into DB_SAWEE.VISIT (V_DATE) values (to_date('20/04/09','RR/MM/DD'));
Insert into DB_SAWEE.VISIT (V_DATE) values (to_date('20/04/09','RR/MM/DD'));
Insert into DB_SAWEE.VISIT (V_DATE) values (to_date('20/04/09','RR/MM/DD'));
Insert into DB_SAWEE.VISIT (V_DATE) values (to_date('20/04/09','RR/MM/DD'));
Insert into DB_SAWEE.VISIT (V_DATE) values (to_date('20/04/09','RR/MM/DD'));
Insert into DB_SAWEE.VISIT (V_DATE) values (to_date('20/04/09','RR/MM/DD'));
Insert into DB_SAWEE.VISIT (V_DATE) values (to_date('20/04/09','RR/MM/DD'));
Insert into DB_SAWEE.VISIT (V_DATE) values (to_date('20/04/09','RR/MM/DD'));
Insert into DB_SAWEE.VISIT (V_DATE) values (to_date('20/04/09','RR/MM/DD'));
Insert into DB_SAWEE.VISIT (V_DATE) values (to_date('20/04/09','RR/MM/DD'));
Insert into DB_SAWEE.VISIT (V_DATE) values (to_date('20/04/09','RR/MM/DD'));
Insert into DB_SAWEE.VISIT (V_DATE) values (to_date('20/04/10','RR/MM/DD'));
Insert into DB_SAWEE.VISIT (V_DATE) values (to_date('20/04/10','RR/MM/DD'));
Insert into DB_SAWEE.VISIT (V_DATE) values (to_date('20/04/10','RR/MM/DD'));
Insert into DB_SAWEE.VISIT (V_DATE) values (to_date('20/04/10','RR/MM/DD'));
Insert into DB_SAWEE.VISIT (V_DATE) values (to_date('20/04/10','RR/MM/DD'));
Insert into DB_SAWEE.VISIT (V_DATE) values (to_date('20/04/10','RR/MM/DD'));
Insert into DB_SAWEE.VISIT (V_DATE) values (to_date('20/04/10','RR/MM/DD'));
Insert into DB_SAWEE.VISIT (V_DATE) values (to_date('20/04/10','RR/MM/DD'));
Insert into DB_SAWEE.VISIT (V_DATE) values (to_date('20/04/10','RR/MM/DD'));
Insert into DB_SAWEE.VISIT (V_DATE) values (to_date('20/04/10','RR/MM/DD'));
Insert into DB_SAWEE.VISIT (V_DATE) values (to_date('20/04/10','RR/MM/DD'));
Insert into DB_SAWEE.VISIT (V_DATE) values (to_date('20/04/10','RR/MM/DD'));
Insert into DB_SAWEE.VISIT (V_DATE) values (to_date('20/04/10','RR/MM/DD'));
Insert into DB_SAWEE.VISIT (V_DATE) values (to_date('20/04/10','RR/MM/DD'));
Insert into DB_SAWEE.VISIT (V_DATE) values (to_date('20/04/10','RR/MM/DD'));
Insert into DB_SAWEE.VISIT (V_DATE) values (to_date('20/04/10','RR/MM/DD'));
Insert into DB_SAWEE.VISIT (V_DATE) values (to_date('20/04/10','RR/MM/DD'));
Insert into DB_SAWEE.VISIT (V_DATE) values (to_date('20/04/10','RR/MM/DD'));
Insert into DB_SAWEE.VISIT (V_DATE) values (to_date('20/04/10','RR/MM/DD'));
Insert into DB_SAWEE.VISIT (V_DATE) values (to_date('20/04/10','RR/MM/DD'));
Insert into DB_SAWEE.VISIT (V_DATE) values (to_date('20/04/10','RR/MM/DD'));
Insert into DB_SAWEE.VISIT (V_DATE) values (to_date('20/04/10','RR/MM/DD'));
Insert into DB_SAWEE.VISIT (V_DATE) values (to_date('20/04/10','RR/MM/DD'));
Insert into DB_SAWEE.VISIT (V_DATE) values (to_date('20/04/10','RR/MM/DD'));
Insert into DB_SAWEE.VISIT (V_DATE) values (to_date('20/04/10','RR/MM/DD'));
Insert into DB_SAWEE.VISIT (V_DATE) values (to_date('20/04/10','RR/MM/DD'));
Insert into DB_SAWEE.VISIT (V_DATE) values (to_date('20/04/10','RR/MM/DD'));
Insert into DB_SAWEE.VISIT (V_DATE) values (to_date('20/04/10','RR/MM/DD'));
Insert into DB_SAWEE.VISIT (V_DATE) values (to_date('20/04/10','RR/MM/DD'));
Insert into DB_SAWEE.VISIT (V_DATE) values (to_date('20/04/10','RR/MM/DD'));
Insert into DB_SAWEE.VISIT (V_DATE) values (to_date('20/04/10','RR/MM/DD'));
Insert into DB_SAWEE.VISIT (V_DATE) values (to_date('20/04/10','RR/MM/DD'));
Insert into DB_SAWEE.VISIT (V_DATE) values (to_date('20/04/10','RR/MM/DD'));
Insert into DB_SAWEE.VISIT (V_DATE) values (to_date('20/04/10','RR/MM/DD'));
Insert into DB_SAWEE.VISIT (V_DATE) values (to_date('20/04/10','RR/MM/DD'));
Insert into DB_SAWEE.VISIT (V_DATE) values (to_date('20/04/10','RR/MM/DD'));
Insert into DB_SAWEE.VISIT (V_DATE) values (to_date('20/04/10','RR/MM/DD'));
Insert into DB_SAWEE.VISIT (V_DATE) values (to_date('20/04/10','RR/MM/DD'));
Insert into DB_SAWEE.VISIT (V_DATE) values (to_date('20/04/10','RR/MM/DD'));
Insert into DB_SAWEE.VISIT (V_DATE) values (to_date('20/04/10','RR/MM/DD'));
Insert into DB_SAWEE.VISIT (V_DATE) values (to_date('20/04/10','RR/MM/DD'));
Insert into DB_SAWEE.VISIT (V_DATE) values (to_date('20/04/10','RR/MM/DD'));
Insert into DB_SAWEE.VISIT (V_DATE) values (to_date('20/04/10','RR/MM/DD'));
Insert into DB_SAWEE.VISIT (V_DATE) values (to_date('20/04/10','RR/MM/DD'));
Insert into DB_SAWEE.VISIT (V_DATE) values (to_date('20/04/10','RR/MM/DD'));
Insert into DB_SAWEE.VISIT (V_DATE) values (to_date('20/04/10','RR/MM/DD'));
Insert into DB_SAWEE.VISIT (V_DATE) values (to_date('20/04/10','RR/MM/DD'));
Insert into DB_SAWEE.VISIT (V_DATE) values (to_date('20/04/10','RR/MM/DD'));
Insert into DB_SAWEE.VISIT (V_DATE) values (to_date('20/04/10','RR/MM/DD'));
Insert into DB_SAWEE.VISIT (V_DATE) values (to_date('20/04/10','RR/MM/DD'));
Insert into DB_SAWEE.VISIT (V_DATE) values (to_date('20/04/10','RR/MM/DD'));
Insert into DB_SAWEE.VISIT (V_DATE) values (to_date('20/04/10','RR/MM/DD'));
Insert into DB_SAWEE.VISIT (V_DATE) values (to_date('20/04/10','RR/MM/DD'));
Insert into DB_SAWEE.VISIT (V_DATE) values (to_date('20/04/10','RR/MM/DD'));
Insert into DB_SAWEE.VISIT (V_DATE) values (to_date('20/04/10','RR/MM/DD'));
Insert into DB_SAWEE.VISIT (V_DATE) values (to_date('20/04/10','RR/MM/DD'));
Insert into DB_SAWEE.VISIT (V_DATE) values (to_date('20/04/10','RR/MM/DD'));
Insert into DB_SAWEE.VISIT (V_DATE) values (to_date('20/04/10','RR/MM/DD'));
Insert into DB_SAWEE.VISIT (V_DATE) values (to_date('20/04/10','RR/MM/DD'));
Insert into DB_SAWEE.VISIT (V_DATE) values (to_date('20/04/10','RR/MM/DD'));
Insert into DB_SAWEE.VISIT (V_DATE) values (to_date('20/04/10','RR/MM/DD'));
Insert into DB_SAWEE.VISIT (V_DATE) values (to_date('20/04/10','RR/MM/DD'));
Insert into DB_SAWEE.VISIT (V_DATE) values (to_date('20/04/10','RR/MM/DD'));
Insert into DB_SAWEE.VISIT (V_DATE) values (to_date('20/04/10','RR/MM/DD'));
Insert into DB_SAWEE.VISIT (V_DATE) values (to_date('20/04/10','RR/MM/DD'));
Insert into DB_SAWEE.VISIT (V_DATE) values (to_date('20/04/10','RR/MM/DD'));
Insert into DB_SAWEE.VISIT (V_DATE) values (to_date('20/04/10','RR/MM/DD'));
Insert into DB_SAWEE.VISIT (V_DATE) values (to_date('20/04/10','RR/MM/DD'));
Insert into DB_SAWEE.VISIT (V_DATE) values (to_date('20/04/10','RR/MM/DD'));
Insert into DB_SAWEE.VISIT (V_DATE) values (to_date('20/04/10','RR/MM/DD'));
Insert into DB_SAWEE.VISIT (V_DATE) values (to_date('20/04/10','RR/MM/DD'));
Insert into DB_SAWEE.VISIT (V_DATE) values (to_date('20/04/10','RR/MM/DD'));
Insert into DB_SAWEE.VISIT (V_DATE) values (to_date('20/04/10','RR/MM/DD'));
Insert into DB_SAWEE.VISIT (V_DATE) values (to_date('20/04/10','RR/MM/DD'));
Insert into DB_SAWEE.VISIT (V_DATE) values (to_date('20/04/10','RR/MM/DD'));
Insert into DB_SAWEE.VISIT (V_DATE) values (to_date('20/04/10','RR/MM/DD'));
Insert into DB_SAWEE.VISIT (V_DATE) values (to_date('20/04/10','RR/MM/DD'));
Insert into DB_SAWEE.VISIT (V_DATE) values (to_date('20/04/10','RR/MM/DD'));
Insert into DB_SAWEE.VISIT (V_DATE) values (to_date('20/04/10','RR/MM/DD'));
Insert into DB_SAWEE.VISIT (V_DATE) values (to_date('20/04/10','RR/MM/DD'));
Insert into DB_SAWEE.VISIT (V_DATE) values (to_date('20/04/10','RR/MM/DD'));
Insert into DB_SAWEE.VISIT (V_DATE) values (to_date('20/04/10','RR/MM/DD'));
Insert into DB_SAWEE.VISIT (V_DATE) values (to_date('20/04/10','RR/MM/DD'));
Insert into DB_SAWEE.VISIT (V_DATE) values (to_date('20/04/10','RR/MM/DD'));
Insert into DB_SAWEE.VISIT (V_DATE) values (to_date('20/04/10','RR/MM/DD'));
Insert into DB_SAWEE.VISIT (V_DATE) values (to_date('20/04/10','RR/MM/DD'));
Insert into DB_SAWEE.VISIT (V_DATE) values (to_date('20/04/10','RR/MM/DD'));
REM INSERTING into DB_SAWEE.WD_RECORD
SET DEFINE OFF;
Insert into DB_SAWEE.WD_RECORD (M_NO,W_NO,WR_REASON) values (3,1,null);
Insert into DB_SAWEE.WD_RECORD (M_NO,W_NO,WR_REASON) values (7,3,null);
Insert into DB_SAWEE.WD_RECORD (M_NO,W_NO,WR_REASON) values (11,5,'주관적인 탈퇴 사유 내용 ~~~~~~~~');
Insert into DB_SAWEE.WD_RECORD (M_NO,W_NO,WR_REASON) values (4,4,null);
Insert into DB_SAWEE.WD_RECORD (M_NO,W_NO,WR_REASON) values (9,2,null);
Insert into DB_SAWEE.WD_RECORD (M_NO,W_NO,WR_REASON) values (2,5,'주관적인 탈퇴 사유 내용 ~~~~~~~~');
REM INSERTING into DB_SAWEE.WITHDRAWAL
SET DEFINE OFF;
Insert into DB_SAWEE.WITHDRAWAL (W_NO,W_REASON) values (1,'보드게임에 흥미가 떨어져서');
Insert into DB_SAWEE.WITHDRAWAL (W_NO,W_REASON) values (2,'보드게임에 중독되어서 그만하려고');
Insert into DB_SAWEE.WITHDRAWAL (W_NO,W_REASON) values (3,'사이트가 만족스럽지 않아서');
Insert into DB_SAWEE.WITHDRAWAL (W_NO,W_REASON) values (4,'맘에 들지 않는 회원이 있어서');
Insert into DB_SAWEE.WITHDRAWAL (W_NO,W_REASON) values (5,'기타 / 주관적 사유');
--------------------------------------------------------
--  DDL for Index PK_BOARD_TYPE
--------------------------------------------------------

  CREATE UNIQUE INDEX "DB_SAWEE"."PK_BOARD_TYPE" ON "DB_SAWEE"."BOARD_TYPE" ("BT_NO") 
  PCTFREE 10 INITRANS 2 MAXTRANS 255 COMPUTE STATISTICS 
  STORAGE(INITIAL 65536 NEXT 1048576 MINEXTENTS 1 MAXEXTENTS 2147483645
  PCTINCREASE 0 FREELISTS 1 FREELIST GROUPS 1 BUFFER_POOL DEFAULT FLASH_CACHE DEFAULT CELL_FLASH_CACHE DEFAULT)
  TABLESPACE "SYSTEM" ;
--------------------------------------------------------
--  DDL for Index PK_WD_RECORD
--------------------------------------------------------

  CREATE UNIQUE INDEX "DB_SAWEE"."PK_WD_RECORD" ON "DB_SAWEE"."WD_RECORD" ("M_NO") 
  PCTFREE 10 INITRANS 2 MAXTRANS 255 COMPUTE STATISTICS 
  STORAGE(INITIAL 65536 NEXT 1048576 MINEXTENTS 1 MAXEXTENTS 2147483645
  PCTINCREASE 0 FREELISTS 1 FREELIST GROUPS 1 BUFFER_POOL DEFAULT FLASH_CACHE DEFAULT CELL_FLASH_CACHE DEFAULT)
  TABLESPACE "SYSTEM" ;
--------------------------------------------------------
--  DDL for Index PK_TRADE
--------------------------------------------------------

  CREATE UNIQUE INDEX "DB_SAWEE"."PK_TRADE" ON "DB_SAWEE"."TRADE" ("T_NO") 
  PCTFREE 10 INITRANS 2 MAXTRANS 255 COMPUTE STATISTICS 
  STORAGE(INITIAL 65536 NEXT 1048576 MINEXTENTS 1 MAXEXTENTS 2147483645
  PCTINCREASE 0 FREELISTS 1 FREELIST GROUPS 1 BUFFER_POOL DEFAULT FLASH_CACHE DEFAULT CELL_FLASH_CACHE DEFAULT)
  TABLESPACE "SYSTEM" ;
--------------------------------------------------------
--  DDL for Index PK_MEMBER
--------------------------------------------------------

  CREATE UNIQUE INDEX "DB_SAWEE"."PK_MEMBER" ON "DB_SAWEE"."MEMBER" ("M_NO") 
  PCTFREE 10 INITRANS 2 MAXTRANS 255 COMPUTE STATISTICS 
  STORAGE(INITIAL 65536 NEXT 1048576 MINEXTENTS 1 MAXEXTENTS 2147483645
  PCTINCREASE 0 FREELISTS 1 FREELIST GROUPS 1 BUFFER_POOL DEFAULT FLASH_CACHE DEFAULT CELL_FLASH_CACHE DEFAULT)
  TABLESPACE "SYSTEM" ;
--------------------------------------------------------
--  DDL for Index PK_NOTE
--------------------------------------------------------

  CREATE UNIQUE INDEX "DB_SAWEE"."PK_NOTE" ON "DB_SAWEE"."NOTE" ("N_NO") 
  PCTFREE 10 INITRANS 2 MAXTRANS 255 COMPUTE STATISTICS 
  STORAGE(INITIAL 65536 NEXT 1048576 MINEXTENTS 1 MAXEXTENTS 2147483645
  PCTINCREASE 0 FREELISTS 1 FREELIST GROUPS 1 BUFFER_POOL DEFAULT FLASH_CACHE DEFAULT CELL_FLASH_CACHE DEFAULT)
  TABLESPACE "SYSTEM" ;
--------------------------------------------------------
--  DDL for Index PK_GAME_METHOD
--------------------------------------------------------

  CREATE UNIQUE INDEX "DB_SAWEE"."PK_GAME_METHOD" ON "DB_SAWEE"."GAME_METHOD" ("GM_NO") 
  PCTFREE 10 INITRANS 2 MAXTRANS 255 COMPUTE STATISTICS 
  STORAGE(INITIAL 65536 NEXT 1048576 MINEXTENTS 1 MAXEXTENTS 2147483645
  PCTINCREASE 0 FREELISTS 1 FREELIST GROUPS 1 BUFFER_POOL DEFAULT FLASH_CACHE DEFAULT CELL_FLASH_CACHE DEFAULT)
  TABLESPACE "SYSTEM" ;
--------------------------------------------------------
--  DDL for Index PK_F_FILE
--------------------------------------------------------

  CREATE UNIQUE INDEX "DB_SAWEE"."PK_F_FILE" ON "DB_SAWEE"."F_FILE" ("F_NO") 
  PCTFREE 10 INITRANS 2 MAXTRANS 255 COMPUTE STATISTICS 
  STORAGE(INITIAL 65536 NEXT 1048576 MINEXTENTS 1 MAXEXTENTS 2147483645
  PCTINCREASE 0 FREELISTS 1 FREELIST GROUPS 1 BUFFER_POOL DEFAULT FLASH_CACHE DEFAULT CELL_FLASH_CACHE DEFAULT)
  TABLESPACE "SYSTEM" ;
--------------------------------------------------------
--  DDL for Index PK_GAME
--------------------------------------------------------

  CREATE UNIQUE INDEX "DB_SAWEE"."PK_GAME" ON "DB_SAWEE"."GAME" ("G_NO") 
  PCTFREE 10 INITRANS 2 MAXTRANS 255 COMPUTE STATISTICS 
  STORAGE(INITIAL 65536 NEXT 1048576 MINEXTENTS 1 MAXEXTENTS 2147483645
  PCTINCREASE 0 FREELISTS 1 FREELIST GROUPS 1 BUFFER_POOL DEFAULT FLASH_CACHE DEFAULT CELL_FLASH_CACHE DEFAULT)
  TABLESPACE "SYSTEM" ;
--------------------------------------------------------
--  DDL for Index PK_WITHDRAWAL
--------------------------------------------------------

  CREATE UNIQUE INDEX "DB_SAWEE"."PK_WITHDRAWAL" ON "DB_SAWEE"."WITHDRAWAL" ("W_NO") 
  PCTFREE 10 INITRANS 2 MAXTRANS 255 COMPUTE STATISTICS 
  STORAGE(INITIAL 65536 NEXT 1048576 MINEXTENTS 1 MAXEXTENTS 2147483645
  PCTINCREASE 0 FREELISTS 1 FREELIST GROUPS 1 BUFFER_POOL DEFAULT FLASH_CACHE DEFAULT CELL_FLASH_CACHE DEFAULT)
  TABLESPACE "SYSTEM" ;
--------------------------------------------------------
--  DDL for Index PK_BOARD_WRITE
--------------------------------------------------------

  CREATE UNIQUE INDEX "DB_SAWEE"."PK_BOARD_WRITE" ON "DB_SAWEE"."BOARD_WRITE" ("BW_NO") 
  PCTFREE 10 INITRANS 2 MAXTRANS 255 COMPUTE STATISTICS 
  STORAGE(INITIAL 65536 NEXT 1048576 MINEXTENTS 1 MAXEXTENTS 2147483645
  PCTINCREASE 0 FREELISTS 1 FREELIST GROUPS 1 BUFFER_POOL DEFAULT FLASH_CACHE DEFAULT CELL_FLASH_CACHE DEFAULT)
  TABLESPACE "SYSTEM" ;
--------------------------------------------------------
--  DDL for Index PK_GAME_THEME
--------------------------------------------------------

  CREATE UNIQUE INDEX "DB_SAWEE"."PK_GAME_THEME" ON "DB_SAWEE"."GAME_THEME" ("GT_NO") 
  PCTFREE 10 INITRANS 2 MAXTRANS 255 COMPUTE STATISTICS 
  STORAGE(INITIAL 65536 NEXT 1048576 MINEXTENTS 1 MAXEXTENTS 2147483645
  PCTINCREASE 0 FREELISTS 1 FREELIST GROUPS 1 BUFFER_POOL DEFAULT FLASH_CACHE DEFAULT CELL_FLASH_CACHE DEFAULT)
  TABLESPACE "SYSTEM" ;
--------------------------------------------------------
--  DDL for Index PK_FAQ
--------------------------------------------------------

  CREATE UNIQUE INDEX "DB_SAWEE"."PK_FAQ" ON "DB_SAWEE"."FAQ" ("FAQ_NO") 
  PCTFREE 10 INITRANS 2 MAXTRANS 255 COMPUTE STATISTICS 
  STORAGE(INITIAL 65536 NEXT 1048576 MINEXTENTS 1 MAXEXTENTS 2147483645
  PCTINCREASE 0 FREELISTS 1 FREELIST GROUPS 1 BUFFER_POOL DEFAULT FLASH_CACHE DEFAULT CELL_FLASH_CACHE DEFAULT)
  TABLESPACE "SYSTEM" ;
--------------------------------------------------------
--  DDL for Index PK_REPORT
--------------------------------------------------------

  CREATE UNIQUE INDEX "DB_SAWEE"."PK_REPORT" ON "DB_SAWEE"."REPORT" ("R_NO") 
  PCTFREE 10 INITRANS 2 MAXTRANS 255 COMPUTE STATISTICS 
  STORAGE(INITIAL 65536 NEXT 1048576 MINEXTENTS 1 MAXEXTENTS 2147483645
  PCTINCREASE 0 FREELISTS 1 FREELIST GROUPS 1 BUFFER_POOL DEFAULT FLASH_CACHE DEFAULT CELL_FLASH_CACHE DEFAULT)
  TABLESPACE "SYSTEM" ;
--------------------------------------------------------
--  DDL for Index PK_STATISTICS
--------------------------------------------------------

  CREATE UNIQUE INDEX "DB_SAWEE"."PK_STATISTICS" ON "DB_SAWEE"."STATISTICS" ("ST_NO") 
  PCTFREE 10 INITRANS 2 MAXTRANS 255 COMPUTE STATISTICS 
  STORAGE(INITIAL 65536 NEXT 1048576 MINEXTENTS 1 MAXEXTENTS 2147483645
  PCTINCREASE 0 FREELISTS 1 FREELIST GROUPS 1 BUFFER_POOL DEFAULT FLASH_CACHE DEFAULT CELL_FLASH_CACHE DEFAULT)
  TABLESPACE "SYSTEM" ;
--------------------------------------------------------
--  DDL for Index PK_CM_COMMENT
--------------------------------------------------------

  CREATE UNIQUE INDEX "DB_SAWEE"."PK_CM_COMMENT" ON "DB_SAWEE"."CM_COMMENT" ("CM_NO") 
  PCTFREE 10 INITRANS 2 MAXTRANS 255 COMPUTE STATISTICS 
  STORAGE(INITIAL 65536 NEXT 1048576 MINEXTENTS 1 MAXEXTENTS 2147483645
  PCTINCREASE 0 FREELISTS 1 FREELIST GROUPS 1 BUFFER_POOL DEFAULT FLASH_CACHE DEFAULT CELL_FLASH_CACHE DEFAULT)
  TABLESPACE "SYSTEM" ;
--------------------------------------------------------
--  DDL for Index PK_CAFE
--------------------------------------------------------

  CREATE UNIQUE INDEX "DB_SAWEE"."PK_CAFE" ON "DB_SAWEE"."CAFE" ("C_NO") 
  PCTFREE 10 INITRANS 2 MAXTRANS 255 COMPUTE STATISTICS 
  STORAGE(INITIAL 65536 NEXT 1048576 MINEXTENTS 1 MAXEXTENTS 2147483645
  PCTINCREASE 0 FREELISTS 1 FREELIST GROUPS 1 BUFFER_POOL DEFAULT FLASH_CACHE DEFAULT CELL_FLASH_CACHE DEFAULT)
  TABLESPACE "SYSTEM" ;
--------------------------------------------------------
--  DDL for Index PK_PAYMENT
--------------------------------------------------------

  CREATE UNIQUE INDEX "DB_SAWEE"."PK_PAYMENT" ON "DB_SAWEE"."PAYMENT" ("P_NO") 
  PCTFREE 10 INITRANS 2 MAXTRANS 255 COMPUTE STATISTICS 
  STORAGE(INITIAL 65536 NEXT 1048576 MINEXTENTS 1 MAXEXTENTS 2147483645
  PCTINCREASE 0 FREELISTS 1 FREELIST GROUPS 1 BUFFER_POOL DEFAULT FLASH_CACHE DEFAULT CELL_FLASH_CACHE DEFAULT)
  TABLESPACE "SYSTEM" ;
--------------------------------------------------------
--  DDL for Index PK_TRADE_GAME
--------------------------------------------------------

  CREATE UNIQUE INDEX "DB_SAWEE"."PK_TRADE_GAME" ON "DB_SAWEE"."TRADE_GAME" ("TG_NO") 
  PCTFREE 10 INITRANS 2 MAXTRANS 255 COMPUTE STATISTICS 
  STORAGE(INITIAL 65536 NEXT 1048576 MINEXTENTS 1 MAXEXTENTS 2147483645
  PCTINCREASE 0 FREELISTS 1 FREELIST GROUPS 1 BUFFER_POOL DEFAULT FLASH_CACHE DEFAULT CELL_FLASH_CACHE DEFAULT)
  TABLESPACE "SYSTEM" ;
--------------------------------------------------------
--  DDL for Index PK_SPONSOR
--------------------------------------------------------

  CREATE UNIQUE INDEX "DB_SAWEE"."PK_SPONSOR" ON "DB_SAWEE"."SPONSOR" ("SP_NO") 
  PCTFREE 10 INITRANS 2 MAXTRANS 255 COMPUTE STATISTICS 
  STORAGE(INITIAL 65536 NEXT 1048576 MINEXTENTS 1 MAXEXTENTS 2147483645
  PCTINCREASE 0 FREELISTS 1 FREELIST GROUPS 1 BUFFER_POOL DEFAULT FLASH_CACHE DEFAULT CELL_FLASH_CACHE DEFAULT)
  TABLESPACE "SYSTEM" ;
--------------------------------------------------------
--  DDL for Index PK_SCRAP
--------------------------------------------------------

  CREATE UNIQUE INDEX "DB_SAWEE"."PK_SCRAP" ON "DB_SAWEE"."SCRAP" ("M_NO") 
  PCTFREE 10 INITRANS 2 MAXTRANS 255 COMPUTE STATISTICS 
  STORAGE(INITIAL 65536 NEXT 1048576 MINEXTENTS 1 MAXEXTENTS 2147483645
  PCTINCREASE 0 FREELISTS 1 FREELIST GROUPS 1 BUFFER_POOL DEFAULT FLASH_CACHE DEFAULT CELL_FLASH_CACHE DEFAULT)
  TABLESPACE "SYSTEM" ;
--------------------------------------------------------
--  DDL for Index PK_RANK
--------------------------------------------------------

  CREATE UNIQUE INDEX "DB_SAWEE"."PK_RANK" ON "DB_SAWEE"."RANK" ("R_NO") 
  PCTFREE 10 INITRANS 2 MAXTRANS 255 COMPUTE STATISTICS 
  STORAGE(INITIAL 65536 NEXT 1048576 MINEXTENTS 1 MAXEXTENTS 2147483645
  PCTINCREASE 0 FREELISTS 1 FREELIST GROUPS 1 BUFFER_POOL DEFAULT FLASH_CACHE DEFAULT CELL_FLASH_CACHE DEFAULT)
  TABLESPACE "SYSTEM" ;
--------------------------------------------------------
--  DDL for Index PK_CAFE_REVIEW
--------------------------------------------------------

  CREATE UNIQUE INDEX "DB_SAWEE"."PK_CAFE_REVIEW" ON "DB_SAWEE"."CAFE_REVIEW" ("CR_NO") 
  PCTFREE 10 INITRANS 2 MAXTRANS 255 COMPUTE STATISTICS 
  STORAGE(INITIAL 65536 NEXT 1048576 MINEXTENTS 1 MAXEXTENTS 2147483645
  PCTINCREASE 0 FREELISTS 1 FREELIST GROUPS 1 BUFFER_POOL DEFAULT FLASH_CACHE DEFAULT CELL_FLASH_CACHE DEFAULT)
  TABLESPACE "SYSTEM" ;
--------------------------------------------------------
--  DDL for Index PK_SUBJECT
--------------------------------------------------------

  CREATE UNIQUE INDEX "DB_SAWEE"."PK_SUBJECT" ON "DB_SAWEE"."SUBJECT" ("S_NO") 
  PCTFREE 10 INITRANS 2 MAXTRANS 255 COMPUTE STATISTICS 
  STORAGE(INITIAL 65536 NEXT 1048576 MINEXTENTS 1 MAXEXTENTS 2147483645
  PCTINCREASE 0 FREELISTS 1 FREELIST GROUPS 1 BUFFER_POOL DEFAULT FLASH_CACHE DEFAULT CELL_FLASH_CACHE DEFAULT)
  TABLESPACE "SYSTEM" ;
--------------------------------------------------------
--  DDL for Index PK_GAME_SORT
--------------------------------------------------------

  CREATE UNIQUE INDEX "DB_SAWEE"."PK_GAME_SORT" ON "DB_SAWEE"."GAME_SORT" ("GS_NO") 
  PCTFREE 10 INITRANS 2 MAXTRANS 255 COMPUTE STATISTICS 
  STORAGE(INITIAL 65536 NEXT 1048576 MINEXTENTS 1 MAXEXTENTS 2147483645
  PCTINCREASE 0 FREELISTS 1 FREELIST GROUPS 1 BUFFER_POOL DEFAULT FLASH_CACHE DEFAULT CELL_FLASH_CACHE DEFAULT)
  TABLESPACE "SYSTEM" ;
--------------------------------------------------------
--  DDL for Function GET_BOARD_WRITE_SEQ
--------------------------------------------------------

  CREATE OR REPLACE FUNCTION "DB_SAWEE"."GET_BOARD_WRITE_SEQ" RETURN NUMBER IS
		BEGIN
		  RETURN board_write_SEQ.nextval;
		END;

/
--------------------------------------------------------
--  DDL for Function GET_GAME_SEQ
--------------------------------------------------------

  CREATE OR REPLACE FUNCTION "DB_SAWEE"."GET_GAME_SEQ" RETURN NUMBER IS
		BEGIN
		  RETURN GAME_SEQ.nextval;
		END;

/
--------------------------------------------------------
--  DDL for Function GET_TRADE_GAME_SEQ
--------------------------------------------------------

  CREATE OR REPLACE FUNCTION "DB_SAWEE"."GET_TRADE_GAME_SEQ" 
RETURN NUMBER IS
BEGIN
  RETURN TRADE_GAME_SEQ.nextval;
END;

/
--------------------------------------------------------
--  DDL for Synonymn GET_TRADE_SEQ
--------------------------------------------------------

  CREATE OR REPLACE SYNONYM "DB_SAWEE"."GET_TRADE_SEQ" FOR "DB_SAWEE"."GET_TRADE_GAME_SEQ";
--------------------------------------------------------
--  Constraints for Table TRADE_GAME
--------------------------------------------------------

  ALTER TABLE "DB_SAWEE"."TRADE_GAME" ADD CONSTRAINT "PK_TRADE_GAME" PRIMARY KEY ("TG_NO")
  USING INDEX PCTFREE 10 INITRANS 2 MAXTRANS 255 COMPUTE STATISTICS 
  STORAGE(INITIAL 65536 NEXT 1048576 MINEXTENTS 1 MAXEXTENTS 2147483645
  PCTINCREASE 0 FREELISTS 1 FREELIST GROUPS 1 BUFFER_POOL DEFAULT FLASH_CACHE DEFAULT CELL_FLASH_CACHE DEFAULT)
  TABLESPACE "SYSTEM"  ENABLE;
  ALTER TABLE "DB_SAWEE"."TRADE_GAME" MODIFY ("T_NO" NOT NULL ENABLE);
  ALTER TABLE "DB_SAWEE"."TRADE_GAME" MODIFY ("TG_NO" NOT NULL ENABLE);
  ALTER TABLE "DB_SAWEE"."TRADE_GAME" MODIFY ("TG_PRICE" NOT NULL ENABLE);
--------------------------------------------------------
--  Constraints for Table MEMBER
--------------------------------------------------------

  ALTER TABLE "DB_SAWEE"."MEMBER" MODIFY ("M_NO" NOT NULL ENABLE);
  ALTER TABLE "DB_SAWEE"."MEMBER" MODIFY ("M_ID" NOT NULL ENABLE);
  ALTER TABLE "DB_SAWEE"."MEMBER" MODIFY ("M_PW" NOT NULL ENABLE);
  ALTER TABLE "DB_SAWEE"."MEMBER" MODIFY ("M_NAME" NOT NULL ENABLE);
  ALTER TABLE "DB_SAWEE"."MEMBER" MODIFY ("M_NICK" NOT NULL ENABLE);
  ALTER TABLE "DB_SAWEE"."MEMBER" MODIFY ("M_GENDER" NOT NULL ENABLE);
  ALTER TABLE "DB_SAWEE"."MEMBER" MODIFY ("M_PHONE" NOT NULL ENABLE);
  ALTER TABLE "DB_SAWEE"."MEMBER" MODIFY ("M_EMAIL" NOT NULL ENABLE);
  ALTER TABLE "DB_SAWEE"."MEMBER" MODIFY ("M_POST" NOT NULL ENABLE);
  ALTER TABLE "DB_SAWEE"."MEMBER" MODIFY ("M_ADDR1" NOT NULL ENABLE);
  ALTER TABLE "DB_SAWEE"."MEMBER" MODIFY ("M_RE_SMS" NOT NULL ENABLE);
  ALTER TABLE "DB_SAWEE"."MEMBER" MODIFY ("M_RE_MESSAGE" NOT NULL ENABLE);
  ALTER TABLE "DB_SAWEE"."MEMBER" MODIFY ("M_INFO" NOT NULL ENABLE);
  ALTER TABLE "DB_SAWEE"."MEMBER" MODIFY ("M_INDATE" NOT NULL ENABLE);
  ALTER TABLE "DB_SAWEE"."MEMBER" MODIFY ("M_OUT" NOT NULL ENABLE);
  ALTER TABLE "DB_SAWEE"."MEMBER" ADD CONSTRAINT "PK_MEMBER" PRIMARY KEY ("M_NO")
  USING INDEX PCTFREE 10 INITRANS 2 MAXTRANS 255 COMPUTE STATISTICS 
  STORAGE(INITIAL 65536 NEXT 1048576 MINEXTENTS 1 MAXEXTENTS 2147483645
  PCTINCREASE 0 FREELISTS 1 FREELIST GROUPS 1 BUFFER_POOL DEFAULT FLASH_CACHE DEFAULT CELL_FLASH_CACHE DEFAULT)
  TABLESPACE "SYSTEM"  ENABLE;
  ALTER TABLE "DB_SAWEE"."MEMBER" MODIFY ("M_BIRTH" NOT NULL ENABLE);
--------------------------------------------------------
--  Constraints for Table CAFE_REVIEW
--------------------------------------------------------

  ALTER TABLE "DB_SAWEE"."CAFE_REVIEW" MODIFY ("CR_NO" NOT NULL ENABLE);
  ALTER TABLE "DB_SAWEE"."CAFE_REVIEW" MODIFY ("C_NO" NOT NULL ENABLE);
  ALTER TABLE "DB_SAWEE"."CAFE_REVIEW" MODIFY ("M_NO" NOT NULL ENABLE);
  ALTER TABLE "DB_SAWEE"."CAFE_REVIEW" MODIFY ("CR_TITLE" NOT NULL ENABLE);
  ALTER TABLE "DB_SAWEE"."CAFE_REVIEW" MODIFY ("CR_CONTENT" NOT NULL ENABLE);
  ALTER TABLE "DB_SAWEE"."CAFE_REVIEW" MODIFY ("CR_WRITTEN_DATE" NOT NULL ENABLE);
  ALTER TABLE "DB_SAWEE"."CAFE_REVIEW" MODIFY ("CR_UPDATED_DATE" NOT NULL ENABLE);
  ALTER TABLE "DB_SAWEE"."CAFE_REVIEW" MODIFY ("CR_ISLAND" NOT NULL ENABLE);
  ALTER TABLE "DB_SAWEE"."CAFE_REVIEW" ADD CONSTRAINT "PK_CAFE_REVIEW" PRIMARY KEY ("CR_NO")
  USING INDEX PCTFREE 10 INITRANS 2 MAXTRANS 255 COMPUTE STATISTICS 
  STORAGE(INITIAL 65536 NEXT 1048576 MINEXTENTS 1 MAXEXTENTS 2147483645
  PCTINCREASE 0 FREELISTS 1 FREELIST GROUPS 1 BUFFER_POOL DEFAULT FLASH_CACHE DEFAULT CELL_FLASH_CACHE DEFAULT)
  TABLESPACE "SYSTEM"  ENABLE;
--------------------------------------------------------
--  Constraints for Table STATISTICS
--------------------------------------------------------

  ALTER TABLE "DB_SAWEE"."STATISTICS" MODIFY ("ST_NO" NOT NULL ENABLE);
  ALTER TABLE "DB_SAWEE"."STATISTICS" ADD CONSTRAINT "PK_STATISTICS" PRIMARY KEY ("ST_NO")
  USING INDEX PCTFREE 10 INITRANS 2 MAXTRANS 255 COMPUTE STATISTICS 
  STORAGE(INITIAL 65536 NEXT 1048576 MINEXTENTS 1 MAXEXTENTS 2147483645
  PCTINCREASE 0 FREELISTS 1 FREELIST GROUPS 1 BUFFER_POOL DEFAULT FLASH_CACHE DEFAULT CELL_FLASH_CACHE DEFAULT)
  TABLESPACE "SYSTEM"  ENABLE;
--------------------------------------------------------
--  Constraints for Table CAFE
--------------------------------------------------------

  ALTER TABLE "DB_SAWEE"."CAFE" MODIFY ("C_NO" NOT NULL ENABLE);
  ALTER TABLE "DB_SAWEE"."CAFE" MODIFY ("C_TITLE" NOT NULL ENABLE);
  ALTER TABLE "DB_SAWEE"."CAFE" MODIFY ("C_ADD" NOT NULL ENABLE);
  ALTER TABLE "DB_SAWEE"."CAFE" MODIFY ("C_PHONE" NOT NULL ENABLE);
  ALTER TABLE "DB_SAWEE"."CAFE" MODIFY ("C_WRITTEN_DATE" NOT NULL ENABLE);
  ALTER TABLE "DB_SAWEE"."CAFE" MODIFY ("C_UPDATED_DATE" NOT NULL ENABLE);
  ALTER TABLE "DB_SAWEE"."CAFE" ADD CONSTRAINT "PK_CAFE" PRIMARY KEY ("C_NO")
  USING INDEX PCTFREE 10 INITRANS 2 MAXTRANS 255 COMPUTE STATISTICS 
  STORAGE(INITIAL 65536 NEXT 1048576 MINEXTENTS 1 MAXEXTENTS 2147483645
  PCTINCREASE 0 FREELISTS 1 FREELIST GROUPS 1 BUFFER_POOL DEFAULT FLASH_CACHE DEFAULT CELL_FLASH_CACHE DEFAULT)
  TABLESPACE "SYSTEM"  ENABLE;
--------------------------------------------------------
--  Constraints for Table PAYMENT
--------------------------------------------------------

  ALTER TABLE "DB_SAWEE"."PAYMENT" MODIFY ("P_NO" NOT NULL ENABLE);
  ALTER TABLE "DB_SAWEE"."PAYMENT" MODIFY ("T_NO" NOT NULL ENABLE);
  ALTER TABLE "DB_SAWEE"."PAYMENT" MODIFY ("M_SNO" NOT NULL ENABLE);
  ALTER TABLE "DB_SAWEE"."PAYMENT" MODIFY ("M_BNO" NOT NULL ENABLE);
  ALTER TABLE "DB_SAWEE"."PAYMENT" MODIFY ("P_PRICE" NOT NULL ENABLE);
  ALTER TABLE "DB_SAWEE"."PAYMENT" MODIFY ("P_STATUS" NOT NULL ENABLE);
  ALTER TABLE "DB_SAWEE"."PAYMENT" MODIFY ("P_ORDER_DATE" NOT NULL ENABLE);
  ALTER TABLE "DB_SAWEE"."PAYMENT" MODIFY ("P_PAYMENT_DATE" NOT NULL ENABLE);
  ALTER TABLE "DB_SAWEE"."PAYMENT" ADD CONSTRAINT "PK_PAYMENT" PRIMARY KEY ("P_NO")
  USING INDEX PCTFREE 10 INITRANS 2 MAXTRANS 255 COMPUTE STATISTICS 
  STORAGE(INITIAL 65536 NEXT 1048576 MINEXTENTS 1 MAXEXTENTS 2147483645
  PCTINCREASE 0 FREELISTS 1 FREELIST GROUPS 1 BUFFER_POOL DEFAULT FLASH_CACHE DEFAULT CELL_FLASH_CACHE DEFAULT)
  TABLESPACE "SYSTEM"  ENABLE;
--------------------------------------------------------
--  Constraints for Table GAME_CLASS
--------------------------------------------------------

  ALTER TABLE "DB_SAWEE"."GAME_CLASS" MODIFY ("G_NO" NOT NULL ENABLE);
  ALTER TABLE "DB_SAWEE"."GAME_CLASS" MODIFY ("GC_TYPE" NOT NULL ENABLE);
  ALTER TABLE "DB_SAWEE"."GAME_CLASS" MODIFY ("GC_NUM" NOT NULL ENABLE);
--------------------------------------------------------
--  Constraints for Table FAQ
--------------------------------------------------------

  ALTER TABLE "DB_SAWEE"."FAQ" MODIFY ("FAQ_NO" NOT NULL ENABLE);
  ALTER TABLE "DB_SAWEE"."FAQ" MODIFY ("S_NO" NOT NULL ENABLE);
  ALTER TABLE "DB_SAWEE"."FAQ" MODIFY ("FAQ_TITLE" NOT NULL ENABLE);
  ALTER TABLE "DB_SAWEE"."FAQ" MODIFY ("FAQ_CONTENT" NOT NULL ENABLE);
  ALTER TABLE "DB_SAWEE"."FAQ" MODIFY ("FAQ_WRITTEN_DATE" NOT NULL ENABLE);
  ALTER TABLE "DB_SAWEE"."FAQ" MODIFY ("FAQ_UPDATED_DATE" NOT NULL ENABLE);
  ALTER TABLE "DB_SAWEE"."FAQ" ADD CONSTRAINT "PK_FAQ" PRIMARY KEY ("FAQ_NO")
  USING INDEX PCTFREE 10 INITRANS 2 MAXTRANS 255 COMPUTE STATISTICS 
  STORAGE(INITIAL 65536 NEXT 1048576 MINEXTENTS 1 MAXEXTENTS 2147483645
  PCTINCREASE 0 FREELISTS 1 FREELIST GROUPS 1 BUFFER_POOL DEFAULT FLASH_CACHE DEFAULT CELL_FLASH_CACHE DEFAULT)
  TABLESPACE "SYSTEM"  ENABLE;
--------------------------------------------------------
--  Constraints for Table BOARD_GAME
--------------------------------------------------------

  ALTER TABLE "DB_SAWEE"."BOARD_GAME" MODIFY ("BT_NO" NOT NULL ENABLE);
  ALTER TABLE "DB_SAWEE"."BOARD_GAME" MODIFY ("G_NO" NOT NULL ENABLE);
  ALTER TABLE "DB_SAWEE"."BOARD_GAME" MODIFY ("BG_WNO" NOT NULL ENABLE);
--------------------------------------------------------
--  Constraints for Table GAME_PERSON
--------------------------------------------------------

  ALTER TABLE "DB_SAWEE"."GAME_PERSON" MODIFY ("G_NO" NOT NULL ENABLE);
  ALTER TABLE "DB_SAWEE"."GAME_PERSON" MODIFY ("GP_PERSON" NOT NULL ENABLE);
  ALTER TABLE "DB_SAWEE"."GAME_PERSON" MODIFY ("GP_NUM" NOT NULL ENABLE);
--------------------------------------------------------
--  Constraints for Table GAME
--------------------------------------------------------

  ALTER TABLE "DB_SAWEE"."GAME" MODIFY ("G_WRITTEN_DATE" NOT NULL ENABLE);
  ALTER TABLE "DB_SAWEE"."GAME" MODIFY ("G_UPDATED_DATE" NOT NULL ENABLE);
  ALTER TABLE "DB_SAWEE"."GAME" MODIFY ("G_MIN" NOT NULL ENABLE);
  ALTER TABLE "DB_SAWEE"."GAME" ADD CONSTRAINT "PK_GAME" PRIMARY KEY ("G_NO")
  USING INDEX PCTFREE 10 INITRANS 2 MAXTRANS 255 COMPUTE STATISTICS 
  STORAGE(INITIAL 65536 NEXT 1048576 MINEXTENTS 1 MAXEXTENTS 2147483645
  PCTINCREASE 0 FREELISTS 1 FREELIST GROUPS 1 BUFFER_POOL DEFAULT FLASH_CACHE DEFAULT CELL_FLASH_CACHE DEFAULT)
  TABLESPACE "SYSTEM"  ENABLE;
  ALTER TABLE "DB_SAWEE"."GAME" MODIFY ("G_MAX" NOT NULL ENABLE);
  ALTER TABLE "DB_SAWEE"."GAME" MODIFY ("G_PLAYTIME" NOT NULL ENABLE);
  ALTER TABLE "DB_SAWEE"."GAME" MODIFY ("G_NO" NOT NULL ENABLE);
  ALTER TABLE "DB_SAWEE"."GAME" MODIFY ("G_NAME" NOT NULL ENABLE);
--------------------------------------------------------
--  Constraints for Table BOARD_FILE
--------------------------------------------------------

  ALTER TABLE "DB_SAWEE"."BOARD_FILE" MODIFY ("BT_NO" NOT NULL ENABLE);
  ALTER TABLE "DB_SAWEE"."BOARD_FILE" MODIFY ("BF_WNO" NOT NULL ENABLE);
  ALTER TABLE "DB_SAWEE"."BOARD_FILE" MODIFY ("F_NO" NOT NULL ENABLE);
--------------------------------------------------------
--  Constraints for Table GAME_METHOD
--------------------------------------------------------

  ALTER TABLE "DB_SAWEE"."GAME_METHOD" MODIFY ("GM_NO" NOT NULL ENABLE);
  ALTER TABLE "DB_SAWEE"."GAME_METHOD" MODIFY ("GM_NAME" NOT NULL ENABLE);
  ALTER TABLE "DB_SAWEE"."GAME_METHOD" ADD CONSTRAINT "PK_GAME_METHOD" PRIMARY KEY ("GM_NO")
  USING INDEX PCTFREE 10 INITRANS 2 MAXTRANS 255 COMPUTE STATISTICS 
  STORAGE(INITIAL 65536 NEXT 1048576 MINEXTENTS 1 MAXEXTENTS 2147483645
  PCTINCREASE 0 FREELISTS 1 FREELIST GROUPS 1 BUFFER_POOL DEFAULT FLASH_CACHE DEFAULT CELL_FLASH_CACHE DEFAULT)
  TABLESPACE "SYSTEM"  ENABLE;
--------------------------------------------------------
--  Constraints for Table GAME_THEME
--------------------------------------------------------

  ALTER TABLE "DB_SAWEE"."GAME_THEME" MODIFY ("GT_NO" NOT NULL ENABLE);
  ALTER TABLE "DB_SAWEE"."GAME_THEME" MODIFY ("GT_NAME" NOT NULL ENABLE);
  ALTER TABLE "DB_SAWEE"."GAME_THEME" ADD CONSTRAINT "PK_GAME_THEME" PRIMARY KEY ("GT_NO")
  USING INDEX PCTFREE 10 INITRANS 2 MAXTRANS 255 COMPUTE STATISTICS 
  STORAGE(INITIAL 65536 NEXT 1048576 MINEXTENTS 1 MAXEXTENTS 2147483645
  PCTINCREASE 0 FREELISTS 1 FREELIST GROUPS 1 BUFFER_POOL DEFAULT FLASH_CACHE DEFAULT CELL_FLASH_CACHE DEFAULT)
  TABLESPACE "SYSTEM"  ENABLE;
--------------------------------------------------------
--  Constraints for Table GAME_SORT
--------------------------------------------------------

  ALTER TABLE "DB_SAWEE"."GAME_SORT" MODIFY ("GS_NO" NOT NULL ENABLE);
  ALTER TABLE "DB_SAWEE"."GAME_SORT" MODIFY ("GS_NAME" NOT NULL ENABLE);
  ALTER TABLE "DB_SAWEE"."GAME_SORT" ADD CONSTRAINT "PK_GAME_SORT" PRIMARY KEY ("GS_NO")
  USING INDEX PCTFREE 10 INITRANS 2 MAXTRANS 255 COMPUTE STATISTICS 
  STORAGE(INITIAL 65536 NEXT 1048576 MINEXTENTS 1 MAXEXTENTS 2147483645
  PCTINCREASE 0 FREELISTS 1 FREELIST GROUPS 1 BUFFER_POOL DEFAULT FLASH_CACHE DEFAULT CELL_FLASH_CACHE DEFAULT)
  TABLESPACE "SYSTEM"  ENABLE;
--------------------------------------------------------
--  Constraints for Table WITHDRAWAL
--------------------------------------------------------

  ALTER TABLE "DB_SAWEE"."WITHDRAWAL" MODIFY ("W_NO" NOT NULL ENABLE);
  ALTER TABLE "DB_SAWEE"."WITHDRAWAL" ADD CONSTRAINT "PK_WITHDRAWAL" PRIMARY KEY ("W_NO")
  USING INDEX PCTFREE 10 INITRANS 2 MAXTRANS 255 COMPUTE STATISTICS 
  STORAGE(INITIAL 65536 NEXT 1048576 MINEXTENTS 1 MAXEXTENTS 2147483645
  PCTINCREASE 0 FREELISTS 1 FREELIST GROUPS 1 BUFFER_POOL DEFAULT FLASH_CACHE DEFAULT CELL_FLASH_CACHE DEFAULT)
  TABLESPACE "SYSTEM"  ENABLE;
--------------------------------------------------------
--  Constraints for Table F_FILE
--------------------------------------------------------

  ALTER TABLE "DB_SAWEE"."F_FILE" MODIFY ("F_NO" NOT NULL ENABLE);
  ALTER TABLE "DB_SAWEE"."F_FILE" MODIFY ("F_NAME" NOT NULL ENABLE);
  ALTER TABLE "DB_SAWEE"."F_FILE" MODIFY ("F_TYPE" NOT NULL ENABLE);
  ALTER TABLE "DB_SAWEE"."F_FILE" MODIFY ("F_PATH" NOT NULL ENABLE);
  ALTER TABLE "DB_SAWEE"."F_FILE" ADD CONSTRAINT "PK_F_FILE" PRIMARY KEY ("F_NO")
  USING INDEX PCTFREE 10 INITRANS 2 MAXTRANS 255 COMPUTE STATISTICS 
  STORAGE(INITIAL 65536 NEXT 1048576 MINEXTENTS 1 MAXEXTENTS 2147483645
  PCTINCREASE 0 FREELISTS 1 FREELIST GROUPS 1 BUFFER_POOL DEFAULT FLASH_CACHE DEFAULT CELL_FLASH_CACHE DEFAULT)
  TABLESPACE "SYSTEM"  ENABLE;
--------------------------------------------------------
--  Constraints for Table REPORT
--------------------------------------------------------

  ALTER TABLE "DB_SAWEE"."REPORT" MODIFY ("R_NO" NOT NULL ENABLE);
  ALTER TABLE "DB_SAWEE"."REPORT" MODIFY ("M_NO" NOT NULL ENABLE);
  ALTER TABLE "DB_SAWEE"."REPORT" MODIFY ("R_TYPE" NOT NULL ENABLE);
  ALTER TABLE "DB_SAWEE"."REPORT" MODIFY ("R_TYPE_NO" NOT NULL ENABLE);
  ALTER TABLE "DB_SAWEE"."REPORT" MODIFY ("R_CONTENT" NOT NULL ENABLE);
  ALTER TABLE "DB_SAWEE"."REPORT" MODIFY ("R_REPORT_DATE" NOT NULL ENABLE);
  ALTER TABLE "DB_SAWEE"."REPORT" ADD CONSTRAINT "PK_REPORT" PRIMARY KEY ("R_NO")
  USING INDEX PCTFREE 10 INITRANS 2 MAXTRANS 255 COMPUTE STATISTICS 
  STORAGE(INITIAL 65536 NEXT 1048576 MINEXTENTS 1 MAXEXTENTS 2147483645
  PCTINCREASE 0 FREELISTS 1 FREELIST GROUPS 1 BUFFER_POOL DEFAULT FLASH_CACHE DEFAULT CELL_FLASH_CACHE DEFAULT)
  TABLESPACE "SYSTEM"  ENABLE;
--------------------------------------------------------
--  Constraints for Table NOTE
--------------------------------------------------------

  ALTER TABLE "DB_SAWEE"."NOTE" MODIFY ("N_CHECK" NOT NULL ENABLE);
  ALTER TABLE "DB_SAWEE"."NOTE" MODIFY ("N_NO" NOT NULL ENABLE);
  ALTER TABLE "DB_SAWEE"."NOTE" MODIFY ("M_NO" NOT NULL ENABLE);
  ALTER TABLE "DB_SAWEE"."NOTE" MODIFY ("M_NO2" NOT NULL ENABLE);
  ALTER TABLE "DB_SAWEE"."NOTE" MODIFY ("N_TITLE" NOT NULL ENABLE);
  ALTER TABLE "DB_SAWEE"."NOTE" MODIFY ("N_CONTENT" NOT NULL ENABLE);
  ALTER TABLE "DB_SAWEE"."NOTE" MODIFY ("N_WRITTEN_DATE" NOT NULL ENABLE);
  ALTER TABLE "DB_SAWEE"."NOTE" ADD CONSTRAINT "PK_NOTE" PRIMARY KEY ("N_NO")
  USING INDEX PCTFREE 10 INITRANS 2 MAXTRANS 255 COMPUTE STATISTICS 
  STORAGE(INITIAL 65536 NEXT 1048576 MINEXTENTS 1 MAXEXTENTS 2147483645
  PCTINCREASE 0 FREELISTS 1 FREELIST GROUPS 1 BUFFER_POOL DEFAULT FLASH_CACHE DEFAULT CELL_FLASH_CACHE DEFAULT)
  TABLESPACE "SYSTEM"  ENABLE;
--------------------------------------------------------
--  Constraints for Table WD_RECORD
--------------------------------------------------------

  ALTER TABLE "DB_SAWEE"."WD_RECORD" MODIFY ("M_NO" NOT NULL ENABLE);
  ALTER TABLE "DB_SAWEE"."WD_RECORD" MODIFY ("W_NO" NOT NULL ENABLE);
  ALTER TABLE "DB_SAWEE"."WD_RECORD" ADD CONSTRAINT "PK_WD_RECORD" PRIMARY KEY ("M_NO")
  USING INDEX PCTFREE 10 INITRANS 2 MAXTRANS 255 COMPUTE STATISTICS 
  STORAGE(INITIAL 65536 NEXT 1048576 MINEXTENTS 1 MAXEXTENTS 2147483645
  PCTINCREASE 0 FREELISTS 1 FREELIST GROUPS 1 BUFFER_POOL DEFAULT FLASH_CACHE DEFAULT CELL_FLASH_CACHE DEFAULT)
  TABLESPACE "SYSTEM"  ENABLE;
--------------------------------------------------------
--  Constraints for Table CM_COMMENT
--------------------------------------------------------

  ALTER TABLE "DB_SAWEE"."CM_COMMENT" MODIFY ("CM_NO" NOT NULL ENABLE);
  ALTER TABLE "DB_SAWEE"."CM_COMMENT" MODIFY ("M_NO" NOT NULL ENABLE);
  ALTER TABLE "DB_SAWEE"."CM_COMMENT" MODIFY ("CM_WRITTEN_DATE" NOT NULL ENABLE);
  ALTER TABLE "DB_SAWEE"."CM_COMMENT" MODIFY ("CM_UPDATED_DATE" NOT NULL ENABLE);
  ALTER TABLE "DB_SAWEE"."CM_COMMENT" MODIFY ("CM_TYPE" NOT NULL ENABLE);
  ALTER TABLE "DB_SAWEE"."CM_COMMENT" MODIFY ("CM_NO2" NOT NULL ENABLE);
  ALTER TABLE "DB_SAWEE"."CM_COMMENT" ADD CONSTRAINT "PK_CM_COMMENT" PRIMARY KEY ("CM_NO")
  USING INDEX PCTFREE 10 INITRANS 2 MAXTRANS 255 COMPUTE STATISTICS 
  STORAGE(INITIAL 65536 NEXT 1048576 MINEXTENTS 1 MAXEXTENTS 2147483645
  PCTINCREASE 0 FREELISTS 1 FREELIST GROUPS 1 BUFFER_POOL DEFAULT FLASH_CACHE DEFAULT CELL_FLASH_CACHE DEFAULT)
  TABLESPACE "SYSTEM"  ENABLE;
--------------------------------------------------------
--  Constraints for Table SPONSOR
--------------------------------------------------------

  ALTER TABLE "DB_SAWEE"."SPONSOR" MODIFY ("SP_NO" NOT NULL ENABLE);
  ALTER TABLE "DB_SAWEE"."SPONSOR" MODIFY ("M_NO" NOT NULL ENABLE);
  ALTER TABLE "DB_SAWEE"."SPONSOR" MODIFY ("SP_DATE" NOT NULL ENABLE);
  ALTER TABLE "DB_SAWEE"."SPONSOR" ADD CONSTRAINT "PK_SPONSOR" PRIMARY KEY ("SP_NO")
  USING INDEX PCTFREE 10 INITRANS 2 MAXTRANS 255 COMPUTE STATISTICS 
  STORAGE(INITIAL 65536 NEXT 1048576 MINEXTENTS 1 MAXEXTENTS 2147483645
  PCTINCREASE 0 FREELISTS 1 FREELIST GROUPS 1 BUFFER_POOL DEFAULT FLASH_CACHE DEFAULT CELL_FLASH_CACHE DEFAULT)
  TABLESPACE "SYSTEM"  ENABLE;
--------------------------------------------------------
--  Constraints for Table SCRAP
--------------------------------------------------------

  ALTER TABLE "DB_SAWEE"."SCRAP" MODIFY ("M_NO" NOT NULL ENABLE);
  ALTER TABLE "DB_SAWEE"."SCRAP" MODIFY ("SC_BOARDTYPE" NOT NULL ENABLE);
  ALTER TABLE "DB_SAWEE"."SCRAP" MODIFY ("SC_NO" NOT NULL ENABLE);
  ALTER TABLE "DB_SAWEE"."SCRAP" ADD CONSTRAINT "PK_SCRAP" PRIMARY KEY ("M_NO")
  USING INDEX PCTFREE 10 INITRANS 2 MAXTRANS 255 COMPUTE STATISTICS 
  STORAGE(INITIAL 65536 NEXT 1048576 MINEXTENTS 1 MAXEXTENTS 2147483645
  PCTINCREASE 0 FREELISTS 1 FREELIST GROUPS 1 BUFFER_POOL DEFAULT FLASH_CACHE DEFAULT CELL_FLASH_CACHE DEFAULT)
  TABLESPACE "SYSTEM"  ENABLE;
--------------------------------------------------------
--  Constraints for Table VISIT
--------------------------------------------------------

  ALTER TABLE "DB_SAWEE"."VISIT" MODIFY ("V_DATE" NOT NULL ENABLE);
--------------------------------------------------------
--  Constraints for Table RANK
--------------------------------------------------------

  ALTER TABLE "DB_SAWEE"."RANK" MODIFY ("R_NO" NOT NULL ENABLE);
  ALTER TABLE "DB_SAWEE"."RANK" MODIFY ("R_NAME" NOT NULL ENABLE);
  ALTER TABLE "DB_SAWEE"."RANK" ADD CONSTRAINT "PK_RANK" PRIMARY KEY ("R_NO")
  USING INDEX PCTFREE 10 INITRANS 2 MAXTRANS 255 COMPUTE STATISTICS 
  STORAGE(INITIAL 65536 NEXT 1048576 MINEXTENTS 1 MAXEXTENTS 2147483645
  PCTINCREASE 0 FREELISTS 1 FREELIST GROUPS 1 BUFFER_POOL DEFAULT FLASH_CACHE DEFAULT CELL_FLASH_CACHE DEFAULT)
  TABLESPACE "SYSTEM"  ENABLE;
--------------------------------------------------------
--  Constraints for Table TRADE
--------------------------------------------------------

  ALTER TABLE "DB_SAWEE"."TRADE" MODIFY ("T_NO" NOT NULL ENABLE);
  ALTER TABLE "DB_SAWEE"."TRADE" MODIFY ("M_NO" NOT NULL ENABLE);
  ALTER TABLE "DB_SAWEE"."TRADE" MODIFY ("S_NO" NOT NULL ENABLE);
  ALTER TABLE "DB_SAWEE"."TRADE" MODIFY ("T_TITLE" NOT NULL ENABLE);
  ALTER TABLE "DB_SAWEE"."TRADE" MODIFY ("T_CONTENT" NOT NULL ENABLE);
  ALTER TABLE "DB_SAWEE"."TRADE" MODIFY ("T_WRITTEN_DATE" NOT NULL ENABLE);
  ALTER TABLE "DB_SAWEE"."TRADE" MODIFY ("T_UPDATED_DATE" NOT NULL ENABLE);
  ALTER TABLE "DB_SAWEE"."TRADE" MODIFY ("T_ISLAND" NOT NULL ENABLE);
  ALTER TABLE "DB_SAWEE"."TRADE" ADD CONSTRAINT "PK_TRADE" PRIMARY KEY ("T_NO")
  USING INDEX PCTFREE 10 INITRANS 2 MAXTRANS 255 COMPUTE STATISTICS 
  STORAGE(INITIAL 65536 NEXT 1048576 MINEXTENTS 1 MAXEXTENTS 2147483645
  PCTINCREASE 0 FREELISTS 1 FREELIST GROUPS 1 BUFFER_POOL DEFAULT FLASH_CACHE DEFAULT CELL_FLASH_CACHE DEFAULT)
  TABLESPACE "SYSTEM"  ENABLE;
  ALTER TABLE "DB_SAWEE"."TRADE" MODIFY ("BT_NO" NOT NULL ENABLE);
--------------------------------------------------------
--  Constraints for Table BOARD_WRITE
--------------------------------------------------------

  ALTER TABLE "DB_SAWEE"."BOARD_WRITE" MODIFY ("BW_NO" NOT NULL ENABLE);
  ALTER TABLE "DB_SAWEE"."BOARD_WRITE" MODIFY ("M_NO" NOT NULL ENABLE);
  ALTER TABLE "DB_SAWEE"."BOARD_WRITE" MODIFY ("BT_NO" NOT NULL ENABLE);
  ALTER TABLE "DB_SAWEE"."BOARD_WRITE" MODIFY ("S_NO" NOT NULL ENABLE);
  ALTER TABLE "DB_SAWEE"."BOARD_WRITE" MODIFY ("BW_TITLE" NOT NULL ENABLE);
  ALTER TABLE "DB_SAWEE"."BOARD_WRITE" MODIFY ("BW_CONTENT" NOT NULL ENABLE);
  ALTER TABLE "DB_SAWEE"."BOARD_WRITE" MODIFY ("BW_WRITTEN_DATE" NOT NULL ENABLE);
  ALTER TABLE "DB_SAWEE"."BOARD_WRITE" MODIFY ("BW_UPDATED_DATE" NOT NULL ENABLE);
  ALTER TABLE "DB_SAWEE"."BOARD_WRITE" MODIFY ("BW_ISLAND" NOT NULL ENABLE);
  ALTER TABLE "DB_SAWEE"."BOARD_WRITE" MODIFY ("BW_SECRET" NOT NULL ENABLE);
  ALTER TABLE "DB_SAWEE"."BOARD_WRITE" ADD CONSTRAINT "PK_BOARD_WRITE" PRIMARY KEY ("BW_NO")
  USING INDEX PCTFREE 10 INITRANS 2 MAXTRANS 255 COMPUTE STATISTICS 
  STORAGE(INITIAL 65536 NEXT 1048576 MINEXTENTS 1 MAXEXTENTS 2147483645
  PCTINCREASE 0 FREELISTS 1 FREELIST GROUPS 1 BUFFER_POOL DEFAULT FLASH_CACHE DEFAULT CELL_FLASH_CACHE DEFAULT)
  TABLESPACE "SYSTEM"  ENABLE;
--------------------------------------------------------
--  Constraints for Table BOARD_TYPE
--------------------------------------------------------

  ALTER TABLE "DB_SAWEE"."BOARD_TYPE" MODIFY ("BT_NO" NOT NULL ENABLE);
  ALTER TABLE "DB_SAWEE"."BOARD_TYPE" MODIFY ("BT_NAME" NOT NULL ENABLE);
  ALTER TABLE "DB_SAWEE"."BOARD_TYPE" ADD CONSTRAINT "PK_BOARD_TYPE" PRIMARY KEY ("BT_NO")
  USING INDEX PCTFREE 10 INITRANS 2 MAXTRANS 255 COMPUTE STATISTICS 
  STORAGE(INITIAL 65536 NEXT 1048576 MINEXTENTS 1 MAXEXTENTS 2147483645
  PCTINCREASE 0 FREELISTS 1 FREELIST GROUPS 1 BUFFER_POOL DEFAULT FLASH_CACHE DEFAULT CELL_FLASH_CACHE DEFAULT)
  TABLESPACE "SYSTEM"  ENABLE;
--------------------------------------------------------
--  Constraints for Table SUBJECT
--------------------------------------------------------

  ALTER TABLE "DB_SAWEE"."SUBJECT" MODIFY ("S_NO" NOT NULL ENABLE);
  ALTER TABLE "DB_SAWEE"."SUBJECT" MODIFY ("BT_NO" NOT NULL ENABLE);
  ALTER TABLE "DB_SAWEE"."SUBJECT" MODIFY ("S_CONTENT" NOT NULL ENABLE);
  ALTER TABLE "DB_SAWEE"."SUBJECT" ADD CONSTRAINT "PK_SUBJECT" PRIMARY KEY ("S_NO")
  USING INDEX PCTFREE 10 INITRANS 2 MAXTRANS 255 COMPUTE STATISTICS 
  STORAGE(INITIAL 65536 NEXT 1048576 MINEXTENTS 1 MAXEXTENTS 2147483645
  PCTINCREASE 0 FREELISTS 1 FREELIST GROUPS 1 BUFFER_POOL DEFAULT FLASH_CACHE DEFAULT CELL_FLASH_CACHE DEFAULT)
  TABLESPACE "SYSTEM"  ENABLE;
--------------------------------------------------------
--  Ref Constraints for Table BOARD_FILE
--------------------------------------------------------

  ALTER TABLE "DB_SAWEE"."BOARD_FILE" ADD CONSTRAINT "FK_BOARD_TYPE_TO_BOARD_FILE_1" FOREIGN KEY ("BT_NO")
	  REFERENCES "DB_SAWEE"."BOARD_TYPE" ("BT_NO") ENABLE;
  ALTER TABLE "DB_SAWEE"."BOARD_FILE" ADD CONSTRAINT "FK_F_FILE_TO_BOARD_FILE_1" FOREIGN KEY ("F_NO")
	  REFERENCES "DB_SAWEE"."F_FILE" ("F_NO") ENABLE;
--------------------------------------------------------
--  Ref Constraints for Table BOARD_GAME
--------------------------------------------------------

  ALTER TABLE "DB_SAWEE"."BOARD_GAME" ADD CONSTRAINT "FK_BOARD_TYPE_TO_BOARD_GAME_1" FOREIGN KEY ("BT_NO")
	  REFERENCES "DB_SAWEE"."BOARD_TYPE" ("BT_NO") ENABLE;
  ALTER TABLE "DB_SAWEE"."BOARD_GAME" ADD CONSTRAINT "FK_GAME_TO_BOARD_GAME_1" FOREIGN KEY ("G_NO")
	  REFERENCES "DB_SAWEE"."GAME" ("G_NO") ENABLE;
--------------------------------------------------------
--  Ref Constraints for Table BOARD_WRITE
--------------------------------------------------------

  ALTER TABLE "DB_SAWEE"."BOARD_WRITE" ADD CONSTRAINT "FK_BOARD_TYPE_TO_BOARD_WRITE_1" FOREIGN KEY ("BT_NO")
	  REFERENCES "DB_SAWEE"."BOARD_TYPE" ("BT_NO") ENABLE;
  ALTER TABLE "DB_SAWEE"."BOARD_WRITE" ADD CONSTRAINT "FK_MEMBER_TO_BOARD_WRITE_1" FOREIGN KEY ("M_NO")
	  REFERENCES "DB_SAWEE"."MEMBER" ("M_NO") ENABLE;
  ALTER TABLE "DB_SAWEE"."BOARD_WRITE" ADD CONSTRAINT "FK_SUBJECT_TO_BOARD_WRITE_1" FOREIGN KEY ("S_NO")
	  REFERENCES "DB_SAWEE"."SUBJECT" ("S_NO") ENABLE;
--------------------------------------------------------
--  Ref Constraints for Table CAFE
--------------------------------------------------------

  ALTER TABLE "DB_SAWEE"."CAFE" ADD CONSTRAINT "FK_BOARD_TYPE_TO_CAFE_FK1" FOREIGN KEY ("BT_NO")
	  REFERENCES "DB_SAWEE"."BOARD_TYPE" ("BT_NO") ENABLE;
--------------------------------------------------------
--  Ref Constraints for Table CAFE_REVIEW
--------------------------------------------------------

  ALTER TABLE "DB_SAWEE"."CAFE_REVIEW" ADD CONSTRAINT "FK_BOARD_TYPE_TO_CAFE_REVIEW_1" FOREIGN KEY ("BT_NO")
	  REFERENCES "DB_SAWEE"."BOARD_TYPE" ("BT_NO") ENABLE;
  ALTER TABLE "DB_SAWEE"."CAFE_REVIEW" ADD CONSTRAINT "FK_CAFE_TO_CAFE_REVIEW_1" FOREIGN KEY ("C_NO")
	  REFERENCES "DB_SAWEE"."CAFE" ("C_NO") ENABLE;
  ALTER TABLE "DB_SAWEE"."CAFE_REVIEW" ADD CONSTRAINT "FK_MEMBER_TO_CAFE_REVIEW_1" FOREIGN KEY ("M_NO")
	  REFERENCES "DB_SAWEE"."MEMBER" ("M_NO") ENABLE;
--------------------------------------------------------
--  Ref Constraints for Table CM_COMMENT
--------------------------------------------------------

  ALTER TABLE "DB_SAWEE"."CM_COMMENT" ADD CONSTRAINT "FK_MEMBER_TO_CM_COMMENT_1" FOREIGN KEY ("M_NO")
	  REFERENCES "DB_SAWEE"."MEMBER" ("M_NO") ENABLE;
--------------------------------------------------------
--  Ref Constraints for Table FAQ
--------------------------------------------------------

  ALTER TABLE "DB_SAWEE"."FAQ" ADD CONSTRAINT "FK_SUBJECT_TO_FAQ_1" FOREIGN KEY ("S_NO")
	  REFERENCES "DB_SAWEE"."SUBJECT" ("S_NO") ENABLE;
--------------------------------------------------------
--  Ref Constraints for Table GAME_CLASS
--------------------------------------------------------

  ALTER TABLE "DB_SAWEE"."GAME_CLASS" ADD CONSTRAINT "FK_GAME_TO_GAME_CLASS_1" FOREIGN KEY ("G_NO")
	  REFERENCES "DB_SAWEE"."GAME" ("G_NO") ENABLE;
--------------------------------------------------------
--  Ref Constraints for Table GAME_PERSON
--------------------------------------------------------

  ALTER TABLE "DB_SAWEE"."GAME_PERSON" ADD CONSTRAINT "FK_GAME_TO_GAME_PERSON_1" FOREIGN KEY ("G_NO")
	  REFERENCES "DB_SAWEE"."GAME" ("G_NO") ENABLE;
--------------------------------------------------------
--  Ref Constraints for Table MEMBER
--------------------------------------------------------

  ALTER TABLE "DB_SAWEE"."MEMBER" ADD CONSTRAINT "FK_F_FILE_TO_MEMBER_1" FOREIGN KEY ("F_NO")
	  REFERENCES "DB_SAWEE"."F_FILE" ("F_NO") ENABLE;
  ALTER TABLE "DB_SAWEE"."MEMBER" ADD CONSTRAINT "FK_RANK_TO_MEMBER_1" FOREIGN KEY ("R_NO")
	  REFERENCES "DB_SAWEE"."RANK" ("R_NO") ENABLE;
--------------------------------------------------------
--  Ref Constraints for Table NOTE
--------------------------------------------------------

  ALTER TABLE "DB_SAWEE"."NOTE" ADD CONSTRAINT "FK_MEMBER_TO_NOTE_1" FOREIGN KEY ("M_NO")
	  REFERENCES "DB_SAWEE"."MEMBER" ("M_NO") ENABLE;
  ALTER TABLE "DB_SAWEE"."NOTE" ADD CONSTRAINT "FK_MEMBER_TO_NOTE_2" FOREIGN KEY ("M_NO2")
	  REFERENCES "DB_SAWEE"."MEMBER" ("M_NO") ENABLE;
--------------------------------------------------------
--  Ref Constraints for Table PAYMENT
--------------------------------------------------------

  ALTER TABLE "DB_SAWEE"."PAYMENT" ADD CONSTRAINT "FK_MEMBER_TO_PAYMENT_1" FOREIGN KEY ("M_SNO")
	  REFERENCES "DB_SAWEE"."MEMBER" ("M_NO") ENABLE;
  ALTER TABLE "DB_SAWEE"."PAYMENT" ADD CONSTRAINT "FK_MEMBER_TO_PAYMENT_2" FOREIGN KEY ("M_BNO")
	  REFERENCES "DB_SAWEE"."MEMBER" ("M_NO") ENABLE;
  ALTER TABLE "DB_SAWEE"."PAYMENT" ADD CONSTRAINT "FK_TRADE_TO_PAYMENT_1" FOREIGN KEY ("T_NO")
	  REFERENCES "DB_SAWEE"."TRADE" ("T_NO") ENABLE;
--------------------------------------------------------
--  Ref Constraints for Table REPORT
--------------------------------------------------------

  ALTER TABLE "DB_SAWEE"."REPORT" ADD CONSTRAINT "FK_MEMBER_TO_REPORT_1" FOREIGN KEY ("M_NO")
	  REFERENCES "DB_SAWEE"."MEMBER" ("M_NO") ENABLE;
--------------------------------------------------------
--  Ref Constraints for Table SCRAP
--------------------------------------------------------

  ALTER TABLE "DB_SAWEE"."SCRAP" ADD CONSTRAINT "FK_MEMBER_TO_SCRAP_1" FOREIGN KEY ("M_NO")
	  REFERENCES "DB_SAWEE"."MEMBER" ("M_NO") ENABLE;
--------------------------------------------------------
--  Ref Constraints for Table SPONSOR
--------------------------------------------------------

  ALTER TABLE "DB_SAWEE"."SPONSOR" ADD CONSTRAINT "FK_MEMBER_TO_SPONSOR_1" FOREIGN KEY ("M_NO")
	  REFERENCES "DB_SAWEE"."MEMBER" ("M_NO") ENABLE;
--------------------------------------------------------
--  Ref Constraints for Table SUBJECT
--------------------------------------------------------

  ALTER TABLE "DB_SAWEE"."SUBJECT" ADD CONSTRAINT "FK_BOARD_TYPE_TO_SUBJECT_1" FOREIGN KEY ("BT_NO")
	  REFERENCES "DB_SAWEE"."BOARD_TYPE" ("BT_NO") ENABLE;
--------------------------------------------------------
--  Ref Constraints for Table TRADE
--------------------------------------------------------

  ALTER TABLE "DB_SAWEE"."TRADE" ADD CONSTRAINT "FK_BOARD_TYPE_TO_TRADE_1" FOREIGN KEY ("BT_NO")
	  REFERENCES "DB_SAWEE"."BOARD_TYPE" ("BT_NO") ENABLE;
  ALTER TABLE "DB_SAWEE"."TRADE" ADD CONSTRAINT "FK_MEMBER_TO_TRADE_1" FOREIGN KEY ("M_NO")
	  REFERENCES "DB_SAWEE"."MEMBER" ("M_NO") ENABLE;
  ALTER TABLE "DB_SAWEE"."TRADE" ADD CONSTRAINT "FK_SUBJECT_TO_TRADE_1" FOREIGN KEY ("S_NO")
	  REFERENCES "DB_SAWEE"."SUBJECT" ("S_NO") ENABLE;
--------------------------------------------------------
--  Ref Constraints for Table TRADE_GAME
--------------------------------------------------------

  ALTER TABLE "DB_SAWEE"."TRADE_GAME" ADD CONSTRAINT "FK_TRADE_TO_TRADE_GAME_1" FOREIGN KEY ("T_NO")
	  REFERENCES "DB_SAWEE"."TRADE" ("T_NO") ENABLE;
--------------------------------------------------------
--  Ref Constraints for Table WD_RECORD
--------------------------------------------------------

  ALTER TABLE "DB_SAWEE"."WD_RECORD" ADD CONSTRAINT "FK_WITHDRAWAL_TO_WD_RECORD_1" FOREIGN KEY ("W_NO")
	  REFERENCES "DB_SAWEE"."WITHDRAWAL" ("W_NO") ENABLE;
