--------------------------------------------------------
--  File created - Monday-March-30-2020   
--------------------------------------------------------
--------------------------------------------------------
--  DDL for Sequence BOARD_WRITE_SEQ
--------------------------------------------------------

   CREATE SEQUENCE  "DB_SAWEE"."BOARD_WRITE_SEQ"  MINVALUE 1 MAXVALUE 9999999999999999999999999999 INCREMENT BY 1 START WITH 43 CACHE 20 NOORDER  NOCYCLE ;
--------------------------------------------------------
--  DDL for Sequence CAFE_SEQ
--------------------------------------------------------

   CREATE SEQUENCE  "DB_SAWEE"."CAFE_SEQ"  MINVALUE 1 MAXVALUE 9999999999999999999999999999 INCREMENT BY 1 START WITH 1 CACHE 20 NOORDER  NOCYCLE ;
--------------------------------------------------------
--  DDL for Sequence CM_COMMENT_SEQ
--------------------------------------------------------

   CREATE SEQUENCE  "DB_SAWEE"."CM_COMMENT_SEQ"  MINVALUE 1 MAXVALUE 9999999999999999999999999999 INCREMENT BY 1 START WITH 1 CACHE 20 NOORDER  NOCYCLE ;
--------------------------------------------------------
--  DDL for Sequence MEMBER_SEQ
--------------------------------------------------------

   CREATE SEQUENCE  "DB_SAWEE"."MEMBER_SEQ"  MINVALUE 1 MAXVALUE 9999999999999999999999999999 INCREMENT BY 1 START WITH 35 CACHE 20 NOORDER  NOCYCLE ;
--------------------------------------------------------
--  DDL for Sequence NOTE_SEQ
--------------------------------------------------------

   CREATE SEQUENCE  "DB_SAWEE"."NOTE_SEQ"  MINVALUE 1 MAXVALUE 9999999999999999999999999999 INCREMENT BY 1 START WITH 1 CACHE 20 NOORDER  NOCYCLE ;
--------------------------------------------------------
--  DDL for Sequence REPORT_SEQ
--------------------------------------------------------

   CREATE SEQUENCE  "DB_SAWEE"."REPORT_SEQ"  MINVALUE 1 MAXVALUE 9999999999999999999999999999 INCREMENT BY 1 START WITH 23 CACHE 20 NOORDER  NOCYCLE ;
--------------------------------------------------------
--  DDL for Sequence SPONSOR_SEQ
--------------------------------------------------------

   CREATE SEQUENCE  "DB_SAWEE"."SPONSOR_SEQ"  MINVALUE 1 MAXVALUE 9999999999999999999999999999 INCREMENT BY 1 START WITH 1 CACHE 20 NOORDER  NOCYCLE ;
--------------------------------------------------------
--  DDL for Sequence TRADE_SEQ
--------------------------------------------------------

   CREATE SEQUENCE  "DB_SAWEE"."TRADE_SEQ"  MINVALUE 1 MAXVALUE 9999999999999999999999999999 INCREMENT BY 1 START WITH 18 CACHE 20 NOORDER  NOCYCLE ;
--------------------------------------------------------
--  DDL for Table BOARD_FILE
--------------------------------------------------------

  CREATE TABLE "DB_SAWEE"."BOARD_FILE" 
   (	"BT_NO" NUMBER(15,0) DEFAULT '', 
	"BF_WNO" NUMBER(15,0) DEFAULT '', 
	"F_NO" NUMBER(15,0) DEFAULT ''
   ) SEGMENT CREATION IMMEDIATE 
  PCTFREE 10 PCTUSED 40 INITRANS 1 MAXTRANS 255 NOCOMPRESS LOGGING
  STORAGE(INITIAL 65536 NEXT 1048576 MINEXTENTS 1 MAXEXTENTS 2147483645
  PCTINCREASE 0 FREELISTS 1 FREELIST GROUPS 1 BUFFER_POOL DEFAULT FLASH_CACHE DEFAULT CELL_FLASH_CACHE DEFAULT)
  TABLESPACE "SYSTEM" ;
--------------------------------------------------------
--  DDL for Table BOARD_GAME
--------------------------------------------------------

  CREATE TABLE "DB_SAWEE"."BOARD_GAME" 
   (	"BT_NO" NUMBER(15,0) DEFAULT '', 
	"G_NO" NUMBER(15,0) DEFAULT '', 
	"BG_WNO" NUMBER(15,0) DEFAULT ''
   ) SEGMENT CREATION IMMEDIATE 
  PCTFREE 10 PCTUSED 40 INITRANS 1 MAXTRANS 255 NOCOMPRESS LOGGING
  STORAGE(INITIAL 65536 NEXT 1048576 MINEXTENTS 1 MAXEXTENTS 2147483645
  PCTINCREASE 0 FREELISTS 1 FREELIST GROUPS 1 BUFFER_POOL DEFAULT FLASH_CACHE DEFAULT CELL_FLASH_CACHE DEFAULT)
  TABLESPACE "SYSTEM" ;

   COMMENT ON COLUMN "DB_SAWEE"."BOARD_GAME"."BG_WNO" IS '중복가능...  다치 때문..';
--------------------------------------------------------
--  DDL for Table BOARD_TYPE
--------------------------------------------------------

  CREATE TABLE "DB_SAWEE"."BOARD_TYPE" 
   (	"BT_NO" NUMBER(15,0) DEFAULT '', 
	"BT_NAME" VARCHAR2(40 BYTE) DEFAULT '', 
	"BT_INFO" VARCHAR2(100 BYTE) DEFAULT '', 
	"BT_EXTRA" VARCHAR2(100 BYTE) DEFAULT ''
   ) SEGMENT CREATION IMMEDIATE 
  PCTFREE 10 PCTUSED 40 INITRANS 1 MAXTRANS 255 NOCOMPRESS LOGGING
  STORAGE(INITIAL 65536 NEXT 1048576 MINEXTENTS 1 MAXEXTENTS 2147483645
  PCTINCREASE 0 FREELISTS 1 FREELIST GROUPS 1 BUFFER_POOL DEFAULT FLASH_CACHE DEFAULT CELL_FLASH_CACHE DEFAULT)
  TABLESPACE "SYSTEM" ;
--------------------------------------------------------
--  DDL for Table BOARD_WRITE
--------------------------------------------------------

  CREATE TABLE "DB_SAWEE"."BOARD_WRITE" 
   (	"BW_NO" NUMBER(15,0) DEFAULT '', 
	"M_NO" NUMBER(15,0) DEFAULT '', 
	"BT_NO" NUMBER(15,0) DEFAULT '', 
	"S_NO" NUMBER(15,0) DEFAULT '', 
	"BW_TITLE" VARCHAR2(100 BYTE), 
	"BW_CONTENT" VARCHAR2(4000 BYTE), 
	"BW_WRITTEN_DATE" DATE DEFAULT SYSDATE, 
	"BW_UPDATED_DATE" DATE DEFAULT SYSDATE, 
	"BW_HIT" NUMBER(10,0) DEFAULT 0, 
	"BW_RECOMMEND_NUM" NUMBER(10,0) DEFAULT 0, 
	"BW_REPORT_NUM" NUMBER(10,0) DEFAULT 0, 
	"BW_ISLAND" NUMBER(1,0) DEFAULT 0, 
	"BW_SECRET" VARCHAR2(2 BYTE) DEFAULT 'n'
   ) SEGMENT CREATION IMMEDIATE 
  PCTFREE 10 PCTUSED 40 INITRANS 1 MAXTRANS 255 NOCOMPRESS LOGGING
  STORAGE(INITIAL 65536 NEXT 1048576 MINEXTENTS 1 MAXEXTENTS 2147483645
  PCTINCREASE 0 FREELISTS 1 FREELIST GROUPS 1 BUFFER_POOL DEFAULT FLASH_CACHE DEFAULT CELL_FLASH_CACHE DEFAULT)
  TABLESPACE "SYSTEM" ;
--------------------------------------------------------
--  DDL for Table CAFE
--------------------------------------------------------

  CREATE TABLE "DB_SAWEE"."CAFE" 
   (	"C_NO" NUMBER(15,0) DEFAULT '', 
	"C_TITLE" VARCHAR2(100 BYTE), 
	"C_ADD" VARCHAR2(200 BYTE), 
	"C_PHONE" VARCHAR2(22 BYTE) DEFAULT '', 
	"C_PEOPLE" NUMBER(10,0) DEFAULT 0, 
	"C_TABLE" NUMBER(3,0) DEFAULT 0, 
	"C_CHAIR" NUMBER(3,0) DEFAULT 0, 
	"C_OPEN" VARCHAR2(20 BYTE) DEFAULT '', 
	"C_CLOSE" VARCHAR2(20 BYTE) DEFAULT '', 
	"C_REST" VARCHAR2(100 BYTE) DEFAULT '', 
	"C_WRITTEN_DATE" DATE DEFAULT SYSDATE, 
	"C_UPDATED_DATE" DATE DEFAULT SYSDATE, 
	"C_HIT" NUMBER(10,0) DEFAULT 0, 
	"BT_NO" NUMBER(15,0) DEFAULT 10
   ) SEGMENT CREATION IMMEDIATE 
  PCTFREE 10 PCTUSED 40 INITRANS 1 MAXTRANS 255 NOCOMPRESS LOGGING
  STORAGE(INITIAL 65536 NEXT 1048576 MINEXTENTS 1 MAXEXTENTS 2147483645
  PCTINCREASE 0 FREELISTS 1 FREELIST GROUPS 1 BUFFER_POOL DEFAULT FLASH_CACHE DEFAULT CELL_FLASH_CACHE DEFAULT)
  TABLESPACE "SYSTEM" ;
--------------------------------------------------------
--  DDL for Table CAFE_REVIEW
--------------------------------------------------------

  CREATE TABLE "DB_SAWEE"."CAFE_REVIEW" 
   (	"CR_NO" NUMBER(15,0) DEFAULT '', 
	"C_NO" NUMBER(15,0) DEFAULT '', 
	"M_NO" NUMBER(15,0) DEFAULT '', 
	"CR_TITLE" VARCHAR2(100 BYTE), 
	"CR_CONTENT" VARCHAR2(4000 BYTE), 
	"CR_WRITTEN_DATE" DATE DEFAULT SYSDATE, 
	"CR_UPDATED_DATE" DATE DEFAULT SYSDATE, 
	"CR_HIT" NUMBER(10,0) DEFAULT 0, 
	"CR_RECOMMEND_NUM" NUMBER(10,0) DEFAULT 0, 
	"CR_REPORT_NUM" NUMBER(10,0) DEFAULT 0, 
	"CR_ISLAND" NUMBER(1,0) DEFAULT 0, 
	"BT_NO" NUMBER(15,0) DEFAULT 11
   ) SEGMENT CREATION IMMEDIATE 
  PCTFREE 10 PCTUSED 40 INITRANS 1 MAXTRANS 255 NOCOMPRESS LOGGING
  STORAGE(INITIAL 65536 NEXT 1048576 MINEXTENTS 1 MAXEXTENTS 2147483645
  PCTINCREASE 0 FREELISTS 1 FREELIST GROUPS 1 BUFFER_POOL DEFAULT FLASH_CACHE DEFAULT CELL_FLASH_CACHE DEFAULT)
  TABLESPACE "SYSTEM" ;
--------------------------------------------------------
--  DDL for Table CM_COMMENT
--------------------------------------------------------

  CREATE TABLE "DB_SAWEE"."CM_COMMENT" 
   (	"CM_NO" NUMBER(15,0) DEFAULT '', 
	"M_NO" NUMBER(15,0) DEFAULT '', 
	"CM_CONTENT" VARCHAR2(400 BYTE) DEFAULT '', 
	"CM_WRITTEN_DATE" DATE DEFAULT SYSDATE, 
	"CM_UPDATED_DATE" DATE DEFAULT SYSDATE, 
	"CM_TYPE" VARCHAR2(100 BYTE) DEFAULT '', 
	"CM_NO2" NUMBER(15,0) DEFAULT '', 
	"CM_RECOMMEND_NUM" NUMBER(10,0) DEFAULT 0, 
	"CM_REPORT_NUM" NUMBER(10,0) DEFAULT 0, 
	"CM_RATING" NUMBER(1,0) DEFAULT 5, 
	"CM_GROUP" NUMBER(10,0) DEFAULT 0, 
	"CM_STEP" NUMBER(10,0) DEFAULT 0, 
	"CM_INDENT" NUMBER(10,0) DEFAULT 0
   ) SEGMENT CREATION IMMEDIATE 
  PCTFREE 10 PCTUSED 40 INITRANS 1 MAXTRANS 255 NOCOMPRESS LOGGING
  STORAGE(INITIAL 65536 NEXT 1048576 MINEXTENTS 1 MAXEXTENTS 2147483645
  PCTINCREASE 0 FREELISTS 1 FREELIST GROUPS 1 BUFFER_POOL DEFAULT FLASH_CACHE DEFAULT CELL_FLASH_CACHE DEFAULT)
  TABLESPACE "SYSTEM" ;
--------------------------------------------------------
--  DDL for Table FAQ
--------------------------------------------------------

  CREATE TABLE "DB_SAWEE"."FAQ" 
   (	"FAQ_NO" NUMBER(15,0) DEFAULT '', 
	"S_NO" NUMBER(15,0) DEFAULT '', 
	"FAQ_TITLE" VARCHAR2(100 BYTE), 
	"FAQ_CONTENT" VARCHAR2(4000 BYTE), 
	"FAQ_WRITTEN_DATE" DATE DEFAULT SYSDATE, 
	"FAQ_UPDATED_DATE" DATE DEFAULT SYSDATE, 
	"FAQ_HIT" NUMBER(10,0) DEFAULT 0
   ) SEGMENT CREATION IMMEDIATE 
  PCTFREE 10 PCTUSED 40 INITRANS 1 MAXTRANS 255 NOCOMPRESS LOGGING
  STORAGE(INITIAL 65536 NEXT 1048576 MINEXTENTS 1 MAXEXTENTS 2147483645
  PCTINCREASE 0 FREELISTS 1 FREELIST GROUPS 1 BUFFER_POOL DEFAULT FLASH_CACHE DEFAULT CELL_FLASH_CACHE DEFAULT)
  TABLESPACE "SYSTEM" ;
--------------------------------------------------------
--  DDL for Table F_FILE
--------------------------------------------------------

  CREATE TABLE "DB_SAWEE"."F_FILE" 
   (	"F_NO" NUMBER(15,0) DEFAULT '', 
	"F_NAME" VARCHAR2(200 BYTE) DEFAULT '', 
	"F_TYPE" VARCHAR2(100 BYTE) DEFAULT '', 
	"F_PATH" VARCHAR2(400 BYTE) DEFAULT '', 
	"F_USE" VARCHAR2(400 BYTE) DEFAULT ''
   ) SEGMENT CREATION IMMEDIATE 
  PCTFREE 10 PCTUSED 40 INITRANS 1 MAXTRANS 255 NOCOMPRESS LOGGING
  STORAGE(INITIAL 65536 NEXT 1048576 MINEXTENTS 1 MAXEXTENTS 2147483645
  PCTINCREASE 0 FREELISTS 1 FREELIST GROUPS 1 BUFFER_POOL DEFAULT FLASH_CACHE DEFAULT CELL_FLASH_CACHE DEFAULT)
  TABLESPACE "SYSTEM" ;
--------------------------------------------------------
--  DDL for Table GAME
--------------------------------------------------------

  CREATE TABLE "DB_SAWEE"."GAME" 
   (	"G_NO" NUMBER(15,0) DEFAULT '', 
	"G_NAME" VARCHAR2(40 BYTE) DEFAULT '', 
	"G_WRITTEN_DATE" DATE DEFAULT SYSDATE, 
	"G_UPDATED_DATE" DATE DEFAULT SYSDATE, 
	"G_HIT" NUMBER(10,0) DEFAULT 0, 
	"G_RECOMMEND_NUM" NUMBER(10,0) DEFAULT 0, 
	"G_DESIGNER" VARCHAR2(40 BYTE) DEFAULT '', 
	"G_MIN" NUMBER(10,0) DEFAULT 0, 
	"G_MAX" NUMBER(10,0) DEFAULT 0, 
	"G_PLAYTIME" NUMBER(10,0) DEFAULT 0, 
	"G_AGE" NUMBER(10,0) DEFAULT 0, 
	"G_DIFFICULTY" NUMBER(10,0) DEFAULT 0, 
	"G_RELEASE" DATE DEFAULT SYSDATE, 
	"G_LEVEL" NUMBER(10,0) DEFAULT 0, 
	"G_RULETIME" NUMBER(10,0) DEFAULT 0, 
	"G_LANG" NUMBER(10,0) DEFAULT 0, 
	"G_INTER" NUMBER(10,0) DEFAULT 0, 
	"G_THEME" NUMBER(10,0) DEFAULT 0, 
	"G_REPLAY" NUMBER(10,0) DEFAULT 0, 
	"G_ARTWORK" NUMBER(10,0) DEFAULT 0, 
	"G_CONTENTS" NUMBER(10,0) DEFAULT 0, 
	"G_NUM" NUMBER(10,0) DEFAULT 0, 
	"F_NO" NUMBER(15,0) DEFAULT ''
   ) SEGMENT CREATION IMMEDIATE 
  PCTFREE 10 PCTUSED 40 INITRANS 1 MAXTRANS 255 NOCOMPRESS LOGGING
  STORAGE(INITIAL 65536 NEXT 1048576 MINEXTENTS 1 MAXEXTENTS 2147483645
  PCTINCREASE 0 FREELISTS 1 FREELIST GROUPS 1 BUFFER_POOL DEFAULT FLASH_CACHE DEFAULT CELL_FLASH_CACHE DEFAULT)
  TABLESPACE "SYSTEM" ;
--------------------------------------------------------
--  DDL for Table GAME_CLASS
--------------------------------------------------------

  CREATE TABLE "DB_SAWEE"."GAME_CLASS" 
   (	"G_NO" NUMBER(15,0) DEFAULT '', 
	"GC_TYPE" VARCHAR2(100 BYTE) DEFAULT '', 
	"GC_NUM" NUMBER(10,0) DEFAULT 0
   ) SEGMENT CREATION IMMEDIATE 
  PCTFREE 10 PCTUSED 40 INITRANS 1 MAXTRANS 255 NOCOMPRESS LOGGING
  STORAGE(INITIAL 65536 NEXT 1048576 MINEXTENTS 1 MAXEXTENTS 2147483645
  PCTINCREASE 0 FREELISTS 1 FREELIST GROUPS 1 BUFFER_POOL DEFAULT FLASH_CACHE DEFAULT CELL_FLASH_CACHE DEFAULT)
  TABLESPACE "SYSTEM" ;
--------------------------------------------------------
--  DDL for Table GAME_METHOD
--------------------------------------------------------

  CREATE TABLE "DB_SAWEE"."GAME_METHOD" 
   (	"GM_NO" NUMBER(15,0) DEFAULT '', 
	"GM_NAME" VARCHAR2(40 BYTE) DEFAULT ''
   ) SEGMENT CREATION IMMEDIATE 
  PCTFREE 10 PCTUSED 40 INITRANS 1 MAXTRANS 255 NOCOMPRESS LOGGING
  STORAGE(INITIAL 65536 NEXT 1048576 MINEXTENTS 1 MAXEXTENTS 2147483645
  PCTINCREASE 0 FREELISTS 1 FREELIST GROUPS 1 BUFFER_POOL DEFAULT FLASH_CACHE DEFAULT CELL_FLASH_CACHE DEFAULT)
  TABLESPACE "SYSTEM" ;
--------------------------------------------------------
--  DDL for Table GAME_PERSON
--------------------------------------------------------

  CREATE TABLE "DB_SAWEE"."GAME_PERSON" 
   (	"G_NO" NUMBER(15,0) DEFAULT '', 
	"GP_PERSON" NUMBER(10,0), 
	"GP_NUM" NUMBER(10,0) DEFAULT 0
   ) SEGMENT CREATION IMMEDIATE 
  PCTFREE 10 PCTUSED 40 INITRANS 1 MAXTRANS 255 NOCOMPRESS LOGGING
  STORAGE(INITIAL 65536 NEXT 1048576 MINEXTENTS 1 MAXEXTENTS 2147483645
  PCTINCREASE 0 FREELISTS 1 FREELIST GROUPS 1 BUFFER_POOL DEFAULT FLASH_CACHE DEFAULT CELL_FLASH_CACHE DEFAULT)
  TABLESPACE "SYSTEM" ;
--------------------------------------------------------
--  DDL for Table GAME_SORT
--------------------------------------------------------

  CREATE TABLE "DB_SAWEE"."GAME_SORT" 
   (	"GS_NO" NUMBER(15,0) DEFAULT '', 
	"GS_NAME" VARCHAR2(40 BYTE) DEFAULT ''
   ) SEGMENT CREATION IMMEDIATE 
  PCTFREE 10 PCTUSED 40 INITRANS 1 MAXTRANS 255 NOCOMPRESS LOGGING
  STORAGE(INITIAL 65536 NEXT 1048576 MINEXTENTS 1 MAXEXTENTS 2147483645
  PCTINCREASE 0 FREELISTS 1 FREELIST GROUPS 1 BUFFER_POOL DEFAULT FLASH_CACHE DEFAULT CELL_FLASH_CACHE DEFAULT)
  TABLESPACE "SYSTEM" ;
--------------------------------------------------------
--  DDL for Table GAME_THEME
--------------------------------------------------------

  CREATE TABLE "DB_SAWEE"."GAME_THEME" 
   (	"GT_NO" NUMBER(15,0) DEFAULT '', 
	"GT_NAME" VARCHAR2(40 BYTE) DEFAULT ''
   ) SEGMENT CREATION IMMEDIATE 
  PCTFREE 10 PCTUSED 40 INITRANS 1 MAXTRANS 255 NOCOMPRESS LOGGING
  STORAGE(INITIAL 65536 NEXT 1048576 MINEXTENTS 1 MAXEXTENTS 2147483645
  PCTINCREASE 0 FREELISTS 1 FREELIST GROUPS 1 BUFFER_POOL DEFAULT FLASH_CACHE DEFAULT CELL_FLASH_CACHE DEFAULT)
  TABLESPACE "SYSTEM" ;
--------------------------------------------------------
--  DDL for Table MEMBER
--------------------------------------------------------

  CREATE TABLE "DB_SAWEE"."MEMBER" 
   (	"M_NO" NUMBER(15,0) DEFAULT '', 
	"M_ID" VARCHAR2(40 BYTE) DEFAULT '', 
	"M_PW" VARCHAR2(40 BYTE) DEFAULT '', 
	"M_NAME" VARCHAR2(40 BYTE) DEFAULT '', 
	"M_BIRTH" NUMBER DEFAULT '', 
	"M_NICK" VARCHAR2(40 BYTE) DEFAULT '', 
	"M_GENDER" VARCHAR2(2 BYTE) DEFAULT 'n', 
	"M_POINT" NUMBER(10,0) DEFAULT 0, 
	"M_PHONE" VARCHAR2(22 BYTE) DEFAULT '', 
	"M_EMAIL" VARCHAR2(100 BYTE), 
	"M_POST" NUMBER(10,0) DEFAULT 0, 
	"M_ADDR1" VARCHAR2(200 BYTE), 
	"M_ADDR2" VARCHAR2(200 BYTE), 
	"R_NO" NUMBER(15,0) DEFAULT '', 
	"M_RE_SMS" VARCHAR2(2 BYTE) DEFAULT 'n', 
	"M_RE_NOTICE" VARCHAR2(2 BYTE) DEFAULT 'n', 
	"M_RE_MESSAGE" VARCHAR2(2 BYTE) DEFAULT 'n', 
	"M_INFO" VARCHAR2(2 BYTE) DEFAULT 'n', 
	"M_SELF" VARCHAR2(400 BYTE) DEFAULT '', 
	"M_INDATE" DATE DEFAULT SYSDATE, 
	"M_OUTDATE" DATE DEFAULT SYSDATE, 
	"M_OUT" VARCHAR2(2 BYTE) DEFAULT 'n', 
	"M_REPORT_NUM" NUMBER(10,0) DEFAULT 0, 
	"M_EXTRA" VARCHAR2(100 BYTE) DEFAULT '', 
	"F_NO" NUMBER(15,0) DEFAULT ''
   ) SEGMENT CREATION IMMEDIATE 
  PCTFREE 10 PCTUSED 40 INITRANS 1 MAXTRANS 255 NOCOMPRESS LOGGING
  STORAGE(INITIAL 65536 NEXT 1048576 MINEXTENTS 1 MAXEXTENTS 2147483645
  PCTINCREASE 0 FREELISTS 1 FREELIST GROUPS 1 BUFFER_POOL DEFAULT FLASH_CACHE DEFAULT CELL_FLASH_CACHE DEFAULT)
  TABLESPACE "SYSTEM" ;
--------------------------------------------------------
--  DDL for Table NOTE
--------------------------------------------------------

  CREATE TABLE "DB_SAWEE"."NOTE" 
   (	"N_NO" NUMBER(15,0) DEFAULT '', 
	"M_NO" NUMBER(15,0) DEFAULT '', 
	"M_NO2" NUMBER(15,0) DEFAULT '', 
	"N_TITLE" VARCHAR2(100 BYTE), 
	"N_CONTENT" VARCHAR2(400 BYTE) DEFAULT '', 
	"N_WRITTEN_DATE" DATE DEFAULT SYSDATE
   ) SEGMENT CREATION IMMEDIATE 
  PCTFREE 10 PCTUSED 40 INITRANS 1 MAXTRANS 255 NOCOMPRESS LOGGING
  STORAGE(INITIAL 65536 NEXT 1048576 MINEXTENTS 1 MAXEXTENTS 2147483645
  PCTINCREASE 0 FREELISTS 1 FREELIST GROUPS 1 BUFFER_POOL DEFAULT FLASH_CACHE DEFAULT CELL_FLASH_CACHE DEFAULT)
  TABLESPACE "SYSTEM" ;
--------------------------------------------------------
--  DDL for Table PAYMENT
--------------------------------------------------------

  CREATE TABLE "DB_SAWEE"."PAYMENT" 
   (	"P_NO" NUMBER(15,0) DEFAULT '', 
	"T_NO" NUMBER(15,0) DEFAULT '', 
	"M_SNO" NUMBER(15,0) DEFAULT '', 
	"M_BNO" NUMBER(15,0) DEFAULT '', 
	"P_PRICE" NUMBER(10,0) DEFAULT 0, 
	"P_STATUS" VARCHAR2(40 BYTE) DEFAULT '', 
	"P_ORDER_DATE" DATE DEFAULT SYSDATE, 
	"P_PAYMENT_DATE" DATE DEFAULT SYSDATE
   ) SEGMENT CREATION IMMEDIATE 
  PCTFREE 10 PCTUSED 40 INITRANS 1 MAXTRANS 255 NOCOMPRESS LOGGING
  STORAGE(INITIAL 65536 NEXT 1048576 MINEXTENTS 1 MAXEXTENTS 2147483645
  PCTINCREASE 0 FREELISTS 1 FREELIST GROUPS 1 BUFFER_POOL DEFAULT FLASH_CACHE DEFAULT CELL_FLASH_CACHE DEFAULT)
  TABLESPACE "SYSTEM" ;

   COMMENT ON COLUMN "DB_SAWEE"."PAYMENT"."P_STATUS" IS '거래 상태: 1.입금대기 2.결제완료 3.배송준비중 4.배송완료 (관리자 승인 후) 5.거래완료(판매자에게 입금완료)';
--------------------------------------------------------
--  DDL for Table RANK
--------------------------------------------------------

  CREATE TABLE "DB_SAWEE"."RANK" 
   (	"R_NO" NUMBER(15,0) DEFAULT '', 
	"R_NAME" VARCHAR2(40 BYTE) DEFAULT ''
   ) SEGMENT CREATION IMMEDIATE 
  PCTFREE 10 PCTUSED 40 INITRANS 1 MAXTRANS 255 NOCOMPRESS LOGGING
  STORAGE(INITIAL 65536 NEXT 1048576 MINEXTENTS 1 MAXEXTENTS 2147483645
  PCTINCREASE 0 FREELISTS 1 FREELIST GROUPS 1 BUFFER_POOL DEFAULT FLASH_CACHE DEFAULT CELL_FLASH_CACHE DEFAULT)
  TABLESPACE "SYSTEM" ;
--------------------------------------------------------
--  DDL for Table REPORT
--------------------------------------------------------

  CREATE TABLE "DB_SAWEE"."REPORT" 
   (	"R_NO" NUMBER(15,0) DEFAULT '', 
	"M_NO" NUMBER(15,0) DEFAULT '', 
	"R_TYPE" VARCHAR2(100 BYTE) DEFAULT '', 
	"R_TYPE_NO" NUMBER(15,0) DEFAULT '', 
	"R_CONTENT" VARCHAR2(400 BYTE) DEFAULT '', 
	"R_REPORT_DATE" DATE DEFAULT SYSDATE
   ) SEGMENT CREATION IMMEDIATE 
  PCTFREE 10 PCTUSED 40 INITRANS 1 MAXTRANS 255 NOCOMPRESS LOGGING
  STORAGE(INITIAL 65536 NEXT 1048576 MINEXTENTS 1 MAXEXTENTS 2147483645
  PCTINCREASE 0 FREELISTS 1 FREELIST GROUPS 1 BUFFER_POOL DEFAULT FLASH_CACHE DEFAULT CELL_FLASH_CACHE DEFAULT)
  TABLESPACE "SYSTEM" ;
--------------------------------------------------------
--  DDL for Table SCRAP
--------------------------------------------------------

  CREATE TABLE "DB_SAWEE"."SCRAP" 
   (	"M_NO" NUMBER(15,0) DEFAULT '', 
	"SC_BOARDTYPE" VARCHAR2(100 BYTE) DEFAULT '', 
	"SC_NO" NUMBER(15,0) DEFAULT ''
   ) SEGMENT CREATION IMMEDIATE 
  PCTFREE 10 PCTUSED 40 INITRANS 1 MAXTRANS 255 NOCOMPRESS LOGGING
  STORAGE(INITIAL 65536 NEXT 1048576 MINEXTENTS 1 MAXEXTENTS 2147483645
  PCTINCREASE 0 FREELISTS 1 FREELIST GROUPS 1 BUFFER_POOL DEFAULT FLASH_CACHE DEFAULT CELL_FLASH_CACHE DEFAULT)
  TABLESPACE "SYSTEM" ;
--------------------------------------------------------
--  DDL for Table SPONSOR
--------------------------------------------------------

  CREATE TABLE "DB_SAWEE"."SPONSOR" 
   (	"SP_NO" NUMBER(15,0) DEFAULT '', 
	"M_NO" NUMBER(15,0) DEFAULT '', 
	"SP_MONEY" NUMBER(10,0) DEFAULT 0, 
	"SP_DATE" DATE DEFAULT SYSDATE
   ) SEGMENT CREATION IMMEDIATE 
  PCTFREE 10 PCTUSED 40 INITRANS 1 MAXTRANS 255 NOCOMPRESS LOGGING
  STORAGE(INITIAL 65536 NEXT 1048576 MINEXTENTS 1 MAXEXTENTS 2147483645
  PCTINCREASE 0 FREELISTS 1 FREELIST GROUPS 1 BUFFER_POOL DEFAULT FLASH_CACHE DEFAULT CELL_FLASH_CACHE DEFAULT)
  TABLESPACE "SYSTEM" ;
--------------------------------------------------------
--  DDL for Table STATISTICS
--------------------------------------------------------

  CREATE TABLE "DB_SAWEE"."STATISTICS" 
   (	"ST_NO" NUMBER(15,0) DEFAULT '', 
	"ST_DATE" DATE DEFAULT SYSDATE, 
	"ST_VISITOR_NUM" NUMBER(10,0) DEFAULT 0, 
	"ST_POST_NUM" NUMBER(10,0) DEFAULT 0, 
	"ST_TRADE_NUM" NUMBER(10,0) DEFAULT 0, 
	"ST_COMMENT_NUM" NUMBER(10,0) DEFAULT 0
   ) SEGMENT CREATION IMMEDIATE 
  PCTFREE 10 PCTUSED 40 INITRANS 1 MAXTRANS 255 NOCOMPRESS LOGGING
  STORAGE(INITIAL 65536 NEXT 1048576 MINEXTENTS 1 MAXEXTENTS 2147483645
  PCTINCREASE 0 FREELISTS 1 FREELIST GROUPS 1 BUFFER_POOL DEFAULT FLASH_CACHE DEFAULT CELL_FLASH_CACHE DEFAULT)
  TABLESPACE "SYSTEM" ;
--------------------------------------------------------
--  DDL for Table SUBJECT
--------------------------------------------------------

  CREATE TABLE "DB_SAWEE"."SUBJECT" 
   (	"S_NO" NUMBER(15,0) DEFAULT '', 
	"BT_NO" NUMBER(15,0) DEFAULT '', 
	"S_CONTENT" VARCHAR2(100 BYTE)
   ) SEGMENT CREATION IMMEDIATE 
  PCTFREE 10 PCTUSED 40 INITRANS 1 MAXTRANS 255 NOCOMPRESS LOGGING
  STORAGE(INITIAL 65536 NEXT 1048576 MINEXTENTS 1 MAXEXTENTS 2147483645
  PCTINCREASE 0 FREELISTS 1 FREELIST GROUPS 1 BUFFER_POOL DEFAULT FLASH_CACHE DEFAULT CELL_FLASH_CACHE DEFAULT)
  TABLESPACE "SYSTEM" ;
--------------------------------------------------------
--  DDL for Table TRADE
--------------------------------------------------------

  CREATE TABLE "DB_SAWEE"."TRADE" 
   (	"T_NO" NUMBER(15,0) DEFAULT '', 
	"M_NO" NUMBER(15,0) DEFAULT '', 
	"S_NO" NUMBER(15,0) DEFAULT '', 
	"T_TITLE" VARCHAR2(100 BYTE), 
	"T_CONTENT" VARCHAR2(4000 BYTE), 
	"T_WRITTEN_DATE" DATE DEFAULT SYSDATE, 
	"T_UPDATED_DATE" DATE DEFAULT SYSDATE, 
	"T_HIT" NUMBER(10,0) DEFAULT 0, 
	"T_RECOMMEND_NUM" NUMBER(10,0) DEFAULT 0, 
	"T_REPORT_NUM" NUMBER(10,0) DEFAULT 0, 
	"T_ISLAND" NUMBER(1,0) DEFAULT 0, 
	"T_PRICE" NUMBER(10,0) DEFAULT 0, 
	"BT_NO" NUMBER(15,0) DEFAULT 9
   ) SEGMENT CREATION IMMEDIATE 
  PCTFREE 10 PCTUSED 40 INITRANS 1 MAXTRANS 255 NOCOMPRESS LOGGING
  STORAGE(INITIAL 65536 NEXT 1048576 MINEXTENTS 1 MAXEXTENTS 2147483645
  PCTINCREASE 0 FREELISTS 1 FREELIST GROUPS 1 BUFFER_POOL DEFAULT FLASH_CACHE DEFAULT CELL_FLASH_CACHE DEFAULT)
  TABLESPACE "SYSTEM" ;
--------------------------------------------------------
--  DDL for Table WD_RECORD
--------------------------------------------------------

  CREATE TABLE "DB_SAWEE"."WD_RECORD" 
   (	"M_NO" NUMBER(15,0) DEFAULT '', 
	"W_NO" NUMBER(15,0) DEFAULT '', 
	"WR_REASON" VARCHAR2(400 BYTE) DEFAULT ''
   ) SEGMENT CREATION IMMEDIATE 
  PCTFREE 10 PCTUSED 40 INITRANS 1 MAXTRANS 255 NOCOMPRESS LOGGING
  STORAGE(INITIAL 65536 NEXT 1048576 MINEXTENTS 1 MAXEXTENTS 2147483645
  PCTINCREASE 0 FREELISTS 1 FREELIST GROUPS 1 BUFFER_POOL DEFAULT FLASH_CACHE DEFAULT CELL_FLASH_CACHE DEFAULT)
  TABLESPACE "SYSTEM" ;
--------------------------------------------------------
--  DDL for Table WITHDRAWAL
--------------------------------------------------------

  CREATE TABLE "DB_SAWEE"."WITHDRAWAL" 
   (	"W_NO" NUMBER(15,0) DEFAULT '', 
	"W_REASON" VARCHAR2(400 BYTE) DEFAULT ''
   ) SEGMENT CREATION IMMEDIATE 
  PCTFREE 10 PCTUSED 40 INITRANS 1 MAXTRANS 255 NOCOMPRESS LOGGING
  STORAGE(INITIAL 65536 NEXT 1048576 MINEXTENTS 1 MAXEXTENTS 2147483645
  PCTINCREASE 0 FREELISTS 1 FREELIST GROUPS 1 BUFFER_POOL DEFAULT FLASH_CACHE DEFAULT CELL_FLASH_CACHE DEFAULT)
  TABLESPACE "SYSTEM" ;
REM INSERTING into DB_SAWEE.BOARD_FILE
SET DEFINE OFF;
REM INSERTING into DB_SAWEE.BOARD_GAME
SET DEFINE OFF;
REM INSERTING into DB_SAWEE.BOARD_TYPE
SET DEFINE OFF;
Insert into DB_SAWEE.BOARD_TYPE (BT_NO,BT_NAME,BT_INFO,BT_EXTRA) values (1,'보드이야기','커뮤니티',null);
Insert into DB_SAWEE.BOARD_TYPE (BT_NO,BT_NAME,BT_INFO,BT_EXTRA) values (2,'개봉기 및 리뷰','커뮤니티',null);
Insert into DB_SAWEE.BOARD_TYPE (BT_NO,BT_NAME,BT_INFO,BT_EXTRA) values (3,'보드게임 모임','커뮤니티',null);
Insert into DB_SAWEE.BOARD_TYPE (BT_NO,BT_NAME,BT_INFO,BT_EXTRA) values (4,'보드 뉴스','커뮤니티',null);
Insert into DB_SAWEE.BOARD_TYPE (BT_NO,BT_NAME,BT_INFO,BT_EXTRA) values (5,'질문과 답변','커뮤니티',null);
Insert into DB_SAWEE.BOARD_TYPE (BT_NO,BT_NAME,BT_INFO,BT_EXTRA) values (6,'창작 보드게임','커뮤니티',null);
Insert into DB_SAWEE.BOARD_TYPE (BT_NO,BT_NAME,BT_INFO,BT_EXTRA) values (7,'자주하는 질문','헬프데스크',null);
Insert into DB_SAWEE.BOARD_TYPE (BT_NO,BT_NAME,BT_INFO,BT_EXTRA) values (8,'일대일 문의','헬프데스크',null);
Insert into DB_SAWEE.BOARD_TYPE (BT_NO,BT_NAME,BT_INFO,BT_EXTRA) values (9,'보부상','중고거래',null);
Insert into DB_SAWEE.BOARD_TYPE (BT_NO,BT_NAME,BT_INFO,BT_EXTRA) values (10,'카페','카페',null);
Insert into DB_SAWEE.BOARD_TYPE (BT_NO,BT_NAME,BT_INFO,BT_EXTRA) values (11,'카페 리뷰','카페',null);
REM INSERTING into DB_SAWEE.BOARD_WRITE
SET DEFINE OFF;
Insert into DB_SAWEE.BOARD_WRITE (BW_NO,M_NO,BT_NO,S_NO,BW_TITLE,BW_CONTENT,BW_WRITTEN_DATE,BW_UPDATED_DATE,BW_HIT,BW_RECOMMEND_NUM,BW_REPORT_NUM,BW_ISLAND,BW_SECRET) values (1,1,1,1,'게시글1','글 내용입니다리1',to_date('20/01/01','RR/MM/DD'),to_date('20/03/23','RR/MM/DD'),0,0,0,0,'N');
Insert into DB_SAWEE.BOARD_WRITE (BW_NO,M_NO,BT_NO,S_NO,BW_TITLE,BW_CONTENT,BW_WRITTEN_DATE,BW_UPDATED_DATE,BW_HIT,BW_RECOMMEND_NUM,BW_REPORT_NUM,BW_ISLAND,BW_SECRET) values (2,2,2,4,'게시글2','글 내용입니다리2',to_date('20/01/02','RR/MM/DD'),to_date('20/03/23','RR/MM/DD'),0,0,0,0,'N');
Insert into DB_SAWEE.BOARD_WRITE (BW_NO,M_NO,BT_NO,S_NO,BW_TITLE,BW_CONTENT,BW_WRITTEN_DATE,BW_UPDATED_DATE,BW_HIT,BW_RECOMMEND_NUM,BW_REPORT_NUM,BW_ISLAND,BW_SECRET) values (3,3,3,7,'게시글3','글 내용입니다리3',to_date('20/01/03','RR/MM/DD'),to_date('20/03/23','RR/MM/DD'),0,0,0,0,'N');
Insert into DB_SAWEE.BOARD_WRITE (BW_NO,M_NO,BT_NO,S_NO,BW_TITLE,BW_CONTENT,BW_WRITTEN_DATE,BW_UPDATED_DATE,BW_HIT,BW_RECOMMEND_NUM,BW_REPORT_NUM,BW_ISLAND,BW_SECRET) values (4,4,4,9,'게시글4','글 내용입니다리4',to_date('20/01/04','RR/MM/DD'),to_date('20/03/23','RR/MM/DD'),0,0,0,0,'N');
Insert into DB_SAWEE.BOARD_WRITE (BW_NO,M_NO,BT_NO,S_NO,BW_TITLE,BW_CONTENT,BW_WRITTEN_DATE,BW_UPDATED_DATE,BW_HIT,BW_RECOMMEND_NUM,BW_REPORT_NUM,BW_ISLAND,BW_SECRET) values (5,5,5,14,'게시글5','글 내용입니다리5',to_date('20/01/05','RR/MM/DD'),to_date('20/03/23','RR/MM/DD'),0,0,0,0,'N');
Insert into DB_SAWEE.BOARD_WRITE (BW_NO,M_NO,BT_NO,S_NO,BW_TITLE,BW_CONTENT,BW_WRITTEN_DATE,BW_UPDATED_DATE,BW_HIT,BW_RECOMMEND_NUM,BW_REPORT_NUM,BW_ISLAND,BW_SECRET) values (6,6,6,17,'게시글6','글 내용입니다리6',to_date('20/01/06','RR/MM/DD'),to_date('20/03/23','RR/MM/DD'),0,0,0,0,'N');
Insert into DB_SAWEE.BOARD_WRITE (BW_NO,M_NO,BT_NO,S_NO,BW_TITLE,BW_CONTENT,BW_WRITTEN_DATE,BW_UPDATED_DATE,BW_HIT,BW_RECOMMEND_NUM,BW_REPORT_NUM,BW_ISLAND,BW_SECRET) values (7,7,8,27,'게시글7','글 내용입니다리7',to_date('20/01/07','RR/MM/DD'),to_date('20/03/23','RR/MM/DD'),0,0,0,0,'N');
Insert into DB_SAWEE.BOARD_WRITE (BW_NO,M_NO,BT_NO,S_NO,BW_TITLE,BW_CONTENT,BW_WRITTEN_DATE,BW_UPDATED_DATE,BW_HIT,BW_RECOMMEND_NUM,BW_REPORT_NUM,BW_ISLAND,BW_SECRET) values (8,8,1,2,'게시글8','글 내용입니다리8',to_date('20/01/08','RR/MM/DD'),to_date('20/03/23','RR/MM/DD'),0,0,0,0,'N');
Insert into DB_SAWEE.BOARD_WRITE (BW_NO,M_NO,BT_NO,S_NO,BW_TITLE,BW_CONTENT,BW_WRITTEN_DATE,BW_UPDATED_DATE,BW_HIT,BW_RECOMMEND_NUM,BW_REPORT_NUM,BW_ISLAND,BW_SECRET) values (9,9,2,5,'게시글9','글 내용입니다리9',to_date('20/01/09','RR/MM/DD'),to_date('20/03/23','RR/MM/DD'),0,0,0,0,'N');
Insert into DB_SAWEE.BOARD_WRITE (BW_NO,M_NO,BT_NO,S_NO,BW_TITLE,BW_CONTENT,BW_WRITTEN_DATE,BW_UPDATED_DATE,BW_HIT,BW_RECOMMEND_NUM,BW_REPORT_NUM,BW_ISLAND,BW_SECRET) values (10,10,3,8,'게시글10','글 내용입니다리10',to_date('20/01/10','RR/MM/DD'),to_date('20/03/23','RR/MM/DD'),0,0,0,0,'N');
Insert into DB_SAWEE.BOARD_WRITE (BW_NO,M_NO,BT_NO,S_NO,BW_TITLE,BW_CONTENT,BW_WRITTEN_DATE,BW_UPDATED_DATE,BW_HIT,BW_RECOMMEND_NUM,BW_REPORT_NUM,BW_ISLAND,BW_SECRET) values (11,11,4,10,'게시글11','글 내용입니다리11',to_date('20/01/11','RR/MM/DD'),to_date('20/03/23','RR/MM/DD'),0,0,0,0,'N');
Insert into DB_SAWEE.BOARD_WRITE (BW_NO,M_NO,BT_NO,S_NO,BW_TITLE,BW_CONTENT,BW_WRITTEN_DATE,BW_UPDATED_DATE,BW_HIT,BW_RECOMMEND_NUM,BW_REPORT_NUM,BW_ISLAND,BW_SECRET) values (12,12,5,15,'게시글12','글 내용입니다리12',to_date('20/01/12','RR/MM/DD'),to_date('20/03/23','RR/MM/DD'),0,0,0,1,'N');
Insert into DB_SAWEE.BOARD_WRITE (BW_NO,M_NO,BT_NO,S_NO,BW_TITLE,BW_CONTENT,BW_WRITTEN_DATE,BW_UPDATED_DATE,BW_HIT,BW_RECOMMEND_NUM,BW_REPORT_NUM,BW_ISLAND,BW_SECRET) values (13,13,6,18,'게시글13','글 내용입니다리13',to_date('20/01/13','RR/MM/DD'),to_date('20/03/23','RR/MM/DD'),0,0,0,1,'N');
Insert into DB_SAWEE.BOARD_WRITE (BW_NO,M_NO,BT_NO,S_NO,BW_TITLE,BW_CONTENT,BW_WRITTEN_DATE,BW_UPDATED_DATE,BW_HIT,BW_RECOMMEND_NUM,BW_REPORT_NUM,BW_ISLAND,BW_SECRET) values (14,14,8,28,'게시글14','글 내용입니다리14',to_date('20/01/14','RR/MM/DD'),to_date('20/03/23','RR/MM/DD'),0,0,0,1,'N');
Insert into DB_SAWEE.BOARD_WRITE (BW_NO,M_NO,BT_NO,S_NO,BW_TITLE,BW_CONTENT,BW_WRITTEN_DATE,BW_UPDATED_DATE,BW_HIT,BW_RECOMMEND_NUM,BW_REPORT_NUM,BW_ISLAND,BW_SECRET) values (15,1,1,3,'게시글15','글 내용입니다리15',to_date('20/01/15','RR/MM/DD'),to_date('20/03/23','RR/MM/DD'),0,0,0,1,'N');
Insert into DB_SAWEE.BOARD_WRITE (BW_NO,M_NO,BT_NO,S_NO,BW_TITLE,BW_CONTENT,BW_WRITTEN_DATE,BW_UPDATED_DATE,BW_HIT,BW_RECOMMEND_NUM,BW_REPORT_NUM,BW_ISLAND,BW_SECRET) values (16,2,2,6,'게시글16','글 내용입니다리16',to_date('20/01/16','RR/MM/DD'),to_date('20/03/23','RR/MM/DD'),0,0,0,1,'N');
Insert into DB_SAWEE.BOARD_WRITE (BW_NO,M_NO,BT_NO,S_NO,BW_TITLE,BW_CONTENT,BW_WRITTEN_DATE,BW_UPDATED_DATE,BW_HIT,BW_RECOMMEND_NUM,BW_REPORT_NUM,BW_ISLAND,BW_SECRET) values (17,3,3,7,'게시글17','글 내용입니다리17',to_date('20/01/17','RR/MM/DD'),to_date('20/03/23','RR/MM/DD'),0,0,0,1,'N');
Insert into DB_SAWEE.BOARD_WRITE (BW_NO,M_NO,BT_NO,S_NO,BW_TITLE,BW_CONTENT,BW_WRITTEN_DATE,BW_UPDATED_DATE,BW_HIT,BW_RECOMMEND_NUM,BW_REPORT_NUM,BW_ISLAND,BW_SECRET) values (18,4,4,11,'게시글18','글 내용입니다리18',to_date('20/01/18','RR/MM/DD'),to_date('20/03/23','RR/MM/DD'),0,0,0,1,'N');
Insert into DB_SAWEE.BOARD_WRITE (BW_NO,M_NO,BT_NO,S_NO,BW_TITLE,BW_CONTENT,BW_WRITTEN_DATE,BW_UPDATED_DATE,BW_HIT,BW_RECOMMEND_NUM,BW_REPORT_NUM,BW_ISLAND,BW_SECRET) values (19,5,5,16,'게시글19','글 내용입니다리19',to_date('20/01/19','RR/MM/DD'),to_date('20/03/23','RR/MM/DD'),0,0,0,1,'N');
Insert into DB_SAWEE.BOARD_WRITE (BW_NO,M_NO,BT_NO,S_NO,BW_TITLE,BW_CONTENT,BW_WRITTEN_DATE,BW_UPDATED_DATE,BW_HIT,BW_RECOMMEND_NUM,BW_REPORT_NUM,BW_ISLAND,BW_SECRET) values (20,6,6,19,'게시글20','글 내용입니다리20',to_date('20/01/20','RR/MM/DD'),to_date('20/03/23','RR/MM/DD'),0,0,0,1,'N');
Insert into DB_SAWEE.BOARD_WRITE (BW_NO,M_NO,BT_NO,S_NO,BW_TITLE,BW_CONTENT,BW_WRITTEN_DATE,BW_UPDATED_DATE,BW_HIT,BW_RECOMMEND_NUM,BW_REPORT_NUM,BW_ISLAND,BW_SECRET) values (21,7,8,29,'게시글21','글 내용입니다리21',to_date('20/01/21','RR/MM/DD'),to_date('20/03/23','RR/MM/DD'),0,0,0,1,'N');
Insert into DB_SAWEE.BOARD_WRITE (BW_NO,M_NO,BT_NO,S_NO,BW_TITLE,BW_CONTENT,BW_WRITTEN_DATE,BW_UPDATED_DATE,BW_HIT,BW_RECOMMEND_NUM,BW_REPORT_NUM,BW_ISLAND,BW_SECRET) values (22,8,1,1,'게시글22','글 내용입니다리22',to_date('20/01/22','RR/MM/DD'),to_date('20/03/23','RR/MM/DD'),0,0,0,1,'N');
Insert into DB_SAWEE.BOARD_WRITE (BW_NO,M_NO,BT_NO,S_NO,BW_TITLE,BW_CONTENT,BW_WRITTEN_DATE,BW_UPDATED_DATE,BW_HIT,BW_RECOMMEND_NUM,BW_REPORT_NUM,BW_ISLAND,BW_SECRET) values (23,9,2,4,'게시글23','글 내용입니다리23',to_date('20/01/23','RR/MM/DD'),to_date('20/03/23','RR/MM/DD'),0,0,0,1,'N');
Insert into DB_SAWEE.BOARD_WRITE (BW_NO,M_NO,BT_NO,S_NO,BW_TITLE,BW_CONTENT,BW_WRITTEN_DATE,BW_UPDATED_DATE,BW_HIT,BW_RECOMMEND_NUM,BW_REPORT_NUM,BW_ISLAND,BW_SECRET) values (24,10,3,8,'게시글24','글 내용입니다리24',to_date('20/01/24','RR/MM/DD'),to_date('20/03/23','RR/MM/DD'),0,0,0,1,'N');
Insert into DB_SAWEE.BOARD_WRITE (BW_NO,M_NO,BT_NO,S_NO,BW_TITLE,BW_CONTENT,BW_WRITTEN_DATE,BW_UPDATED_DATE,BW_HIT,BW_RECOMMEND_NUM,BW_REPORT_NUM,BW_ISLAND,BW_SECRET) values (25,11,4,12,'게시글25','글 내용입니다리25',to_date('20/01/25','RR/MM/DD'),to_date('20/03/23','RR/MM/DD'),0,0,0,1,'N');
Insert into DB_SAWEE.BOARD_WRITE (BW_NO,M_NO,BT_NO,S_NO,BW_TITLE,BW_CONTENT,BW_WRITTEN_DATE,BW_UPDATED_DATE,BW_HIT,BW_RECOMMEND_NUM,BW_REPORT_NUM,BW_ISLAND,BW_SECRET) values (26,12,5,14,'게시글26','글 내용입니다리26',to_date('20/01/26','RR/MM/DD'),to_date('20/03/23','RR/MM/DD'),0,0,0,1,'N');
Insert into DB_SAWEE.BOARD_WRITE (BW_NO,M_NO,BT_NO,S_NO,BW_TITLE,BW_CONTENT,BW_WRITTEN_DATE,BW_UPDATED_DATE,BW_HIT,BW_RECOMMEND_NUM,BW_REPORT_NUM,BW_ISLAND,BW_SECRET) values (27,13,6,20,'게시글27','글 내용입니다리27',to_date('20/01/27','RR/MM/DD'),to_date('20/03/23','RR/MM/DD'),0,0,0,2,'N');
Insert into DB_SAWEE.BOARD_WRITE (BW_NO,M_NO,BT_NO,S_NO,BW_TITLE,BW_CONTENT,BW_WRITTEN_DATE,BW_UPDATED_DATE,BW_HIT,BW_RECOMMEND_NUM,BW_REPORT_NUM,BW_ISLAND,BW_SECRET) values (28,14,8,30,'게시글28','글 내용입니다리28',to_date('20/01/28','RR/MM/DD'),to_date('20/03/23','RR/MM/DD'),0,0,0,2,'N');
Insert into DB_SAWEE.BOARD_WRITE (BW_NO,M_NO,BT_NO,S_NO,BW_TITLE,BW_CONTENT,BW_WRITTEN_DATE,BW_UPDATED_DATE,BW_HIT,BW_RECOMMEND_NUM,BW_REPORT_NUM,BW_ISLAND,BW_SECRET) values (29,1,1,2,'게시글29','글 내용입니다리29',to_date('20/01/29','RR/MM/DD'),to_date('20/03/23','RR/MM/DD'),0,0,0,2,'N');
Insert into DB_SAWEE.BOARD_WRITE (BW_NO,M_NO,BT_NO,S_NO,BW_TITLE,BW_CONTENT,BW_WRITTEN_DATE,BW_UPDATED_DATE,BW_HIT,BW_RECOMMEND_NUM,BW_REPORT_NUM,BW_ISLAND,BW_SECRET) values (30,2,2,5,'게시글30','글 내용입니다리30',to_date('20/01/30','RR/MM/DD'),to_date('20/03/23','RR/MM/DD'),0,0,0,2,'N');
Insert into DB_SAWEE.BOARD_WRITE (BW_NO,M_NO,BT_NO,S_NO,BW_TITLE,BW_CONTENT,BW_WRITTEN_DATE,BW_UPDATED_DATE,BW_HIT,BW_RECOMMEND_NUM,BW_REPORT_NUM,BW_ISLAND,BW_SECRET) values (31,3,3,7,'게시글31','글 내용입니다리31',to_date('20/01/31','RR/MM/DD'),to_date('20/03/23','RR/MM/DD'),0,0,0,2,'N');
Insert into DB_SAWEE.BOARD_WRITE (BW_NO,M_NO,BT_NO,S_NO,BW_TITLE,BW_CONTENT,BW_WRITTEN_DATE,BW_UPDATED_DATE,BW_HIT,BW_RECOMMEND_NUM,BW_REPORT_NUM,BW_ISLAND,BW_SECRET) values (32,4,4,13,'게시글32','글 내용입니다리32',to_date('20/02/01','RR/MM/DD'),to_date('20/03/23','RR/MM/DD'),0,0,0,2,'N');
Insert into DB_SAWEE.BOARD_WRITE (BW_NO,M_NO,BT_NO,S_NO,BW_TITLE,BW_CONTENT,BW_WRITTEN_DATE,BW_UPDATED_DATE,BW_HIT,BW_RECOMMEND_NUM,BW_REPORT_NUM,BW_ISLAND,BW_SECRET) values (33,5,5,15,'게시글33','글 내용입니다리33',to_date('20/02/02','RR/MM/DD'),to_date('20/03/23','RR/MM/DD'),0,0,0,2,'N');
Insert into DB_SAWEE.BOARD_WRITE (BW_NO,M_NO,BT_NO,S_NO,BW_TITLE,BW_CONTENT,BW_WRITTEN_DATE,BW_UPDATED_DATE,BW_HIT,BW_RECOMMEND_NUM,BW_REPORT_NUM,BW_ISLAND,BW_SECRET) values (34,6,6,21,'게시글34','글 내용입니다리34',to_date('20/02/03','RR/MM/DD'),to_date('20/03/23','RR/MM/DD'),0,0,0,2,'N');
Insert into DB_SAWEE.BOARD_WRITE (BW_NO,M_NO,BT_NO,S_NO,BW_TITLE,BW_CONTENT,BW_WRITTEN_DATE,BW_UPDATED_DATE,BW_HIT,BW_RECOMMEND_NUM,BW_REPORT_NUM,BW_ISLAND,BW_SECRET) values (35,7,8,31,'게시글35','글 내용입니다리35',to_date('20/02/04','RR/MM/DD'),to_date('20/03/23','RR/MM/DD'),0,0,0,2,'N');
Insert into DB_SAWEE.BOARD_WRITE (BW_NO,M_NO,BT_NO,S_NO,BW_TITLE,BW_CONTENT,BW_WRITTEN_DATE,BW_UPDATED_DATE,BW_HIT,BW_RECOMMEND_NUM,BW_REPORT_NUM,BW_ISLAND,BW_SECRET) values (36,8,1,3,'게시글36','글 내용입니다리36',to_date('20/02/05','RR/MM/DD'),to_date('20/03/23','RR/MM/DD'),0,0,0,0,'N');
Insert into DB_SAWEE.BOARD_WRITE (BW_NO,M_NO,BT_NO,S_NO,BW_TITLE,BW_CONTENT,BW_WRITTEN_DATE,BW_UPDATED_DATE,BW_HIT,BW_RECOMMEND_NUM,BW_REPORT_NUM,BW_ISLAND,BW_SECRET) values (37,9,2,6,'게시글37','글 내용입니다리37',to_date('20/02/06','RR/MM/DD'),to_date('20/03/23','RR/MM/DD'),0,0,0,0,'N');
Insert into DB_SAWEE.BOARD_WRITE (BW_NO,M_NO,BT_NO,S_NO,BW_TITLE,BW_CONTENT,BW_WRITTEN_DATE,BW_UPDATED_DATE,BW_HIT,BW_RECOMMEND_NUM,BW_REPORT_NUM,BW_ISLAND,BW_SECRET) values (38,10,3,8,'게시글38','글 내용입니다리38',to_date('20/02/07','RR/MM/DD'),to_date('20/03/23','RR/MM/DD'),0,0,0,0,'N');
Insert into DB_SAWEE.BOARD_WRITE (BW_NO,M_NO,BT_NO,S_NO,BW_TITLE,BW_CONTENT,BW_WRITTEN_DATE,BW_UPDATED_DATE,BW_HIT,BW_RECOMMEND_NUM,BW_REPORT_NUM,BW_ISLAND,BW_SECRET) values (39,11,4,9,'게시글39','글 내용입니다리39',to_date('20/02/08','RR/MM/DD'),to_date('20/03/23','RR/MM/DD'),0,0,0,0,'N');
Insert into DB_SAWEE.BOARD_WRITE (BW_NO,M_NO,BT_NO,S_NO,BW_TITLE,BW_CONTENT,BW_WRITTEN_DATE,BW_UPDATED_DATE,BW_HIT,BW_RECOMMEND_NUM,BW_REPORT_NUM,BW_ISLAND,BW_SECRET) values (40,12,5,16,'게시글40','글 내용입니다리40',to_date('20/02/09','RR/MM/DD'),to_date('20/03/23','RR/MM/DD'),0,0,0,0,'N');
Insert into DB_SAWEE.BOARD_WRITE (BW_NO,M_NO,BT_NO,S_NO,BW_TITLE,BW_CONTENT,BW_WRITTEN_DATE,BW_UPDATED_DATE,BW_HIT,BW_RECOMMEND_NUM,BW_REPORT_NUM,BW_ISLAND,BW_SECRET) values (43,9,4,9,'게시글43','글 내용입니다리43',to_date('20/03/25','RR/MM/DD'),to_date('20/03/25','RR/MM/DD'),0,0,0,0,'N');
Insert into DB_SAWEE.BOARD_WRITE (BW_NO,M_NO,BT_NO,S_NO,BW_TITLE,BW_CONTENT,BW_WRITTEN_DATE,BW_UPDATED_DATE,BW_HIT,BW_RECOMMEND_NUM,BW_REPORT_NUM,BW_ISLAND,BW_SECRET) values (42,5,5,16,'게시글42','글 내용입니다리42',to_date('20/02/11','RR/MM/DD'),to_date('20/03/24','RR/MM/DD'),165,106,0,0,'N');
Insert into DB_SAWEE.BOARD_WRITE (BW_NO,M_NO,BT_NO,S_NO,BW_TITLE,BW_CONTENT,BW_WRITTEN_DATE,BW_UPDATED_DATE,BW_HIT,BW_RECOMMEND_NUM,BW_REPORT_NUM,BW_ISLAND,BW_SECRET) values (41,10,5,15,'게시글41','글 내용입니다리41',to_date('20/02/10','RR/MM/DD'),to_date('20/02/10','RR/MM/DD'),0,0,0,0,'N');
REM INSERTING into DB_SAWEE.CAFE
SET DEFINE OFF;
REM INSERTING into DB_SAWEE.CAFE_REVIEW
SET DEFINE OFF;
REM INSERTING into DB_SAWEE.CM_COMMENT
SET DEFINE OFF;
Insert into DB_SAWEE.CM_COMMENT (CM_NO,M_NO,CM_CONTENT,CM_WRITTEN_DATE,CM_UPDATED_DATE,CM_TYPE,CM_NO2,CM_RECOMMEND_NUM,CM_REPORT_NUM,CM_RATING,CM_GROUP,CM_STEP,CM_INDENT) values (1,5,'댓글댓글',to_date('20/03/26','RR/MM/DD'),to_date('20/03/26','RR/MM/DD'),'board_write',7,0,0,0,0,0,0);
Insert into DB_SAWEE.CM_COMMENT (CM_NO,M_NO,CM_CONTENT,CM_WRITTEN_DATE,CM_UPDATED_DATE,CM_TYPE,CM_NO2,CM_RECOMMEND_NUM,CM_REPORT_NUM,CM_RATING,CM_GROUP,CM_STEP,CM_INDENT) values (2,8,'댓글댓글',to_date('20/03/26','RR/MM/DD'),to_date('20/03/26','RR/MM/DD'),'cafe_review',8,0,0,0,0,0,0);
Insert into DB_SAWEE.CM_COMMENT (CM_NO,M_NO,CM_CONTENT,CM_WRITTEN_DATE,CM_UPDATED_DATE,CM_TYPE,CM_NO2,CM_RECOMMEND_NUM,CM_REPORT_NUM,CM_RATING,CM_GROUP,CM_STEP,CM_INDENT) values (3,9,'댓글댓글',to_date('20/03/26','RR/MM/DD'),to_date('20/03/26','RR/MM/DD'),'trade',13,0,0,0,0,0,0);
REM INSERTING into DB_SAWEE.FAQ
SET DEFINE OFF;
REM INSERTING into DB_SAWEE.F_FILE
SET DEFINE OFF;
Insert into DB_SAWEE.F_FILE (F_NO,F_NAME,F_TYPE,F_PATH,F_USE) values (1,'TEST','TEST','TEST','TEST');
REM INSERTING into DB_SAWEE.GAME
SET DEFINE OFF;
REM INSERTING into DB_SAWEE.GAME_CLASS
SET DEFINE OFF;
REM INSERTING into DB_SAWEE.GAME_METHOD
SET DEFINE OFF;
REM INSERTING into DB_SAWEE.GAME_PERSON
SET DEFINE OFF;
REM INSERTING into DB_SAWEE.GAME_SORT
SET DEFINE OFF;
REM INSERTING into DB_SAWEE.GAME_THEME
SET DEFINE OFF;
REM INSERTING into DB_SAWEE.MEMBER
SET DEFINE OFF;
Insert into DB_SAWEE.MEMBER (M_NO,M_ID,M_PW,M_NAME,M_BIRTH,M_NICK,M_GENDER,M_POINT,M_PHONE,M_EMAIL,M_POST,M_ADDR1,M_ADDR2,R_NO,M_RE_SMS,M_RE_NOTICE,M_RE_MESSAGE,M_INFO,M_SELF,M_INDATE,M_OUTDATE,M_OUT,M_REPORT_NUM,M_EXTRA,F_NO) values (2,'tester2','2222','member2',20001031,'member_nick2','f',30000,'01011111112','tester2@gmail.com',0,'test','test2',2,'n','n','n','n','자기소개',to_date('20/03/19','RR/MM/DD'),to_date('20/03/25','RR/MM/DD'),'y',0,null,1);
Insert into DB_SAWEE.MEMBER (M_NO,M_ID,M_PW,M_NAME,M_BIRTH,M_NICK,M_GENDER,M_POINT,M_PHONE,M_EMAIL,M_POST,M_ADDR1,M_ADDR2,R_NO,M_RE_SMS,M_RE_NOTICE,M_RE_MESSAGE,M_INFO,M_SELF,M_INDATE,M_OUTDATE,M_OUT,M_REPORT_NUM,M_EXTRA,F_NO) values (3,'tester3','3333','member3',19891008,'member_nick3','f',10000,'01011111113','tester3@gmail.com',0,'test','test3',2,'n','n','n','n','자기소개',to_date('20/03/19','RR/MM/DD'),null,'n',0,null,1);
Insert into DB_SAWEE.MEMBER (M_NO,M_ID,M_PW,M_NAME,M_BIRTH,M_NICK,M_GENDER,M_POINT,M_PHONE,M_EMAIL,M_POST,M_ADDR1,M_ADDR2,R_NO,M_RE_SMS,M_RE_NOTICE,M_RE_MESSAGE,M_INFO,M_SELF,M_INDATE,M_OUTDATE,M_OUT,M_REPORT_NUM,M_EXTRA,F_NO) values (1,'tester1','1111','member1',19970203,'member_nick1','f',0,'01011111110','tester1@gmail.com',0,'test','test2',3,'n','n','n','n','selftest',to_date('20/03/19','RR/MM/DD'),null,'n',0,null,1);
Insert into DB_SAWEE.MEMBER (M_NO,M_ID,M_PW,M_NAME,M_BIRTH,M_NICK,M_GENDER,M_POINT,M_PHONE,M_EMAIL,M_POST,M_ADDR1,M_ADDR2,R_NO,M_RE_SMS,M_RE_NOTICE,M_RE_MESSAGE,M_INFO,M_SELF,M_INDATE,M_OUTDATE,M_OUT,M_REPORT_NUM,M_EXTRA,F_NO) values (4,'tester4','4444','member4',20040803,'member_nick4','f',50000,'01011111114','tester4@gmail.com',0,'test','test4',1,'n','n','n','n','자기소개',to_date('20/03/19','RR/MM/DD'),null,'n',0,null,1);
Insert into DB_SAWEE.MEMBER (M_NO,M_ID,M_PW,M_NAME,M_BIRTH,M_NICK,M_GENDER,M_POINT,M_PHONE,M_EMAIL,M_POST,M_ADDR1,M_ADDR2,R_NO,M_RE_SMS,M_RE_NOTICE,M_RE_MESSAGE,M_INFO,M_SELF,M_INDATE,M_OUTDATE,M_OUT,M_REPORT_NUM,M_EXTRA,F_NO) values (5,'tester5','5555','member5',19990712,'member_nick5','f',0,'01011111115','tester5@gmail.com',0,'test','test5',3,'n','n','n','n','자기소개',to_date('20/03/19','RR/MM/DD'),null,'n',0,null,1);
Insert into DB_SAWEE.MEMBER (M_NO,M_ID,M_PW,M_NAME,M_BIRTH,M_NICK,M_GENDER,M_POINT,M_PHONE,M_EMAIL,M_POST,M_ADDR1,M_ADDR2,R_NO,M_RE_SMS,M_RE_NOTICE,M_RE_MESSAGE,M_INFO,M_SELF,M_INDATE,M_OUTDATE,M_OUT,M_REPORT_NUM,M_EXTRA,F_NO) values (6,'tester6','6666','member6',19901101,'member_nick6','m',0,'01011111116','tester6@gmail.com',0,'test','test6',3,'n','n','n','n','자기소개',to_date('20/03/19','RR/MM/DD'),null,'n',0,null,1);
Insert into DB_SAWEE.MEMBER (M_NO,M_ID,M_PW,M_NAME,M_BIRTH,M_NICK,M_GENDER,M_POINT,M_PHONE,M_EMAIL,M_POST,M_ADDR1,M_ADDR2,R_NO,M_RE_SMS,M_RE_NOTICE,M_RE_MESSAGE,M_INFO,M_SELF,M_INDATE,M_OUTDATE,M_OUT,M_REPORT_NUM,M_EXTRA,F_NO) values (7,'tester7','7777','member7',19860243,'member_nick7','m',0,'01011111117','tester7@gmail.com',0,'test','test7',3,'n','n','n','n','자기소개',to_date('20/03/19','RR/MM/DD'),null,'n',0,null,1);
Insert into DB_SAWEE.MEMBER (M_NO,M_ID,M_PW,M_NAME,M_BIRTH,M_NICK,M_GENDER,M_POINT,M_PHONE,M_EMAIL,M_POST,M_ADDR1,M_ADDR2,R_NO,M_RE_SMS,M_RE_NOTICE,M_RE_MESSAGE,M_INFO,M_SELF,M_INDATE,M_OUTDATE,M_OUT,M_REPORT_NUM,M_EXTRA,F_NO) values (8,'tester8','8888','member8',19890801,'member_nick8','m',0,'01011111118','tester8@gmail.com',0,'test','test8',3,'n','n','n','n','자기소개',to_date('20/03/19','RR/MM/DD'),null,'n',0,null,1);
Insert into DB_SAWEE.MEMBER (M_NO,M_ID,M_PW,M_NAME,M_BIRTH,M_NICK,M_GENDER,M_POINT,M_PHONE,M_EMAIL,M_POST,M_ADDR1,M_ADDR2,R_NO,M_RE_SMS,M_RE_NOTICE,M_RE_MESSAGE,M_INFO,M_SELF,M_INDATE,M_OUTDATE,M_OUT,M_REPORT_NUM,M_EXTRA,F_NO) values (9,'tester9','9999','member9',19951208,'member_nick9','m',0,'01011111119','tester9@gmail.com',0,'test','test9',3,'n','n','n','n','자기소개',to_date('20/03/19','RR/MM/DD'),null,'n',0,null,1);
Insert into DB_SAWEE.MEMBER (M_NO,M_ID,M_PW,M_NAME,M_BIRTH,M_NICK,M_GENDER,M_POINT,M_PHONE,M_EMAIL,M_POST,M_ADDR1,M_ADDR2,R_NO,M_RE_SMS,M_RE_NOTICE,M_RE_MESSAGE,M_INFO,M_SELF,M_INDATE,M_OUTDATE,M_OUT,M_REPORT_NUM,M_EXTRA,F_NO) values (10,'tester10','11111','member10',19900322,'member_nick10','f',0,'01011111120','tester10@gmail.com',0,'test','test10',3,'n','n','n','n','자기소개',to_date('20/03/19','RR/MM/DD'),null,'n',0,null,1);
Insert into DB_SAWEE.MEMBER (M_NO,M_ID,M_PW,M_NAME,M_BIRTH,M_NICK,M_GENDER,M_POINT,M_PHONE,M_EMAIL,M_POST,M_ADDR1,M_ADDR2,R_NO,M_RE_SMS,M_RE_NOTICE,M_RE_MESSAGE,M_INFO,M_SELF,M_INDATE,M_OUTDATE,M_OUT,M_REPORT_NUM,M_EXTRA,F_NO) values (11,'tester11','22222','member11',19940306,'member_nick11','f',0,'01011111121','tester11@gmail.com',0,'test','test11',3,'n','n','n','n','자기소개',to_date('20/03/19','RR/MM/DD'),null,'n',0,null,1);
Insert into DB_SAWEE.MEMBER (M_NO,M_ID,M_PW,M_NAME,M_BIRTH,M_NICK,M_GENDER,M_POINT,M_PHONE,M_EMAIL,M_POST,M_ADDR1,M_ADDR2,R_NO,M_RE_SMS,M_RE_NOTICE,M_RE_MESSAGE,M_INFO,M_SELF,M_INDATE,M_OUTDATE,M_OUT,M_REPORT_NUM,M_EXTRA,F_NO) values (12,'tester12','33333','member12',20000202,'member_nick12','f',0,'01011111122','tester12@gmail.com',0,'test','test12',3,'n','n','n','n','자기소개',to_date('20/03/19','RR/MM/DD'),null,'n',0,null,1);
Insert into DB_SAWEE.MEMBER (M_NO,M_ID,M_PW,M_NAME,M_BIRTH,M_NICK,M_GENDER,M_POINT,M_PHONE,M_EMAIL,M_POST,M_ADDR1,M_ADDR2,R_NO,M_RE_SMS,M_RE_NOTICE,M_RE_MESSAGE,M_INFO,M_SELF,M_INDATE,M_OUTDATE,M_OUT,M_REPORT_NUM,M_EXTRA,F_NO) values (13,'tester13','44444','member13',19910623,'member_nick13','f',0,'01011111123','tester13@gmail.com',0,'test','test13',3,'n','n','n','n','자기소개',to_date('20/03/19','RR/MM/DD'),null,'n',0,null,1);
Insert into DB_SAWEE.MEMBER (M_NO,M_ID,M_PW,M_NAME,M_BIRTH,M_NICK,M_GENDER,M_POINT,M_PHONE,M_EMAIL,M_POST,M_ADDR1,M_ADDR2,R_NO,M_RE_SMS,M_RE_NOTICE,M_RE_MESSAGE,M_INFO,M_SELF,M_INDATE,M_OUTDATE,M_OUT,M_REPORT_NUM,M_EXTRA,F_NO) values (14,'tester14','55555','member14',19980222,'nick','f',0,'01011111124','tester14@gmail.com',0,'test','test14',3,'n','n','n','n','qqqqqqqqqqq',to_date('20/03/19','RR/MM/DD'),null,'n',0,'qqqqqqq',1);
Insert into DB_SAWEE.MEMBER (M_NO,M_ID,M_PW,M_NAME,M_BIRTH,M_NICK,M_GENDER,M_POINT,M_PHONE,M_EMAIL,M_POST,M_ADDR1,M_ADDR2,R_NO,M_RE_SMS,M_RE_NOTICE,M_RE_MESSAGE,M_INFO,M_SELF,M_INDATE,M_OUTDATE,M_OUT,M_REPORT_NUM,M_EXTRA,F_NO) values (0,'admin','4321','admin',19940615,'admin_nick','f',0,'01012341234','admin@gmail.com',0,'add',null,0,'n','n','n','n',null,to_date('20/03/19','RR/MM/DD'),to_date('20/03/19','RR/MM/DD'),'n',0,null,null);
Insert into DB_SAWEE.MEMBER (M_NO,M_ID,M_PW,M_NAME,M_BIRTH,M_NICK,M_GENDER,M_POINT,M_PHONE,M_EMAIL,M_POST,M_ADDR1,M_ADDR2,R_NO,M_RE_SMS,M_RE_NOTICE,M_RE_MESSAGE,M_INFO,M_SELF,M_INDATE,M_OUTDATE,M_OUT,M_REPORT_NUM,M_EXTRA,F_NO) values (21,'test','update','t',0,'update','f',0,'0','update',0,'update','update',3,'t','t','t','t','update',to_date('20/03/27','RR/MM/DD'),to_date('94/06/15','RR/MM/DD'),'n',0,'0',1);
REM INSERTING into DB_SAWEE.NOTE
SET DEFINE OFF;
REM INSERTING into DB_SAWEE.PAYMENT
SET DEFINE OFF;
REM INSERTING into DB_SAWEE.RANK
SET DEFINE OFF;
Insert into DB_SAWEE.RANK (R_NO,R_NAME) values (0,'관리자');
Insert into DB_SAWEE.RANK (R_NO,R_NAME) values (1,'보드대마왕');
Insert into DB_SAWEE.RANK (R_NO,R_NAME) values (2,'보드마스터');
Insert into DB_SAWEE.RANK (R_NO,R_NAME) values (3,'보드게이머');
Insert into DB_SAWEE.RANK (R_NO,R_NAME) values (4,'표류자');
REM INSERTING into DB_SAWEE.REPORT
SET DEFINE OFF;
Insert into DB_SAWEE.REPORT (R_NO,M_NO,R_TYPE,R_TYPE_NO,R_CONTENT,R_REPORT_DATE) values (1,1,'회원',2,'신고합니다신고합니다신고합니다신고합니다신고합니다신고합니다신고합니다신고합니다신고합니다신고합니다',to_date('20/03/23','RR/MM/DD'));
Insert into DB_SAWEE.REPORT (R_NO,M_NO,R_TYPE,R_TYPE_NO,R_CONTENT,R_REPORT_DATE) values (2,2,'게시글',3,'신고합니다',to_date('20/03/23','RR/MM/DD'));
Insert into DB_SAWEE.REPORT (R_NO,M_NO,R_TYPE,R_TYPE_NO,R_CONTENT,R_REPORT_DATE) values (3,2,'댓글',1,'신고합니다',to_date('20/03/23','RR/MM/DD'));
Insert into DB_SAWEE.REPORT (R_NO,M_NO,R_TYPE,R_TYPE_NO,R_CONTENT,R_REPORT_DATE) values (5,1,'회원',8,'욕설',to_date('20/03/26','RR/MM/DD'));
Insert into DB_SAWEE.REPORT (R_NO,M_NO,R_TYPE,R_TYPE_NO,R_CONTENT,R_REPORT_DATE) values (7,1,'회원',2,'욕설',to_date('20/03/27','RR/MM/DD'));
Insert into DB_SAWEE.REPORT (R_NO,M_NO,R_TYPE,R_TYPE_NO,R_CONTENT,R_REPORT_DATE) values (8,1,'회원',2,'욕설',to_date('20/03/27','RR/MM/DD'));
Insert into DB_SAWEE.REPORT (R_NO,M_NO,R_TYPE,R_TYPE_NO,R_CONTENT,R_REPORT_DATE) values (4,1,'회원',11,'욕설',to_date('20/03/26','RR/MM/DD'));
Insert into DB_SAWEE.REPORT (R_NO,M_NO,R_TYPE,R_TYPE_NO,R_CONTENT,R_REPORT_DATE) values (9,1,'회원',2,'욕설',to_date('20/03/27','RR/MM/DD'));
Insert into DB_SAWEE.REPORT (R_NO,M_NO,R_TYPE,R_TYPE_NO,R_CONTENT,R_REPORT_DATE) values (10,1,'회원',2,'욕설',to_date('20/03/27','RR/MM/DD'));
Insert into DB_SAWEE.REPORT (R_NO,M_NO,R_TYPE,R_TYPE_NO,R_CONTENT,R_REPORT_DATE) values (11,1,'회원',2,'욕설',to_date('20/03/27','RR/MM/DD'));
Insert into DB_SAWEE.REPORT (R_NO,M_NO,R_TYPE,R_TYPE_NO,R_CONTENT,R_REPORT_DATE) values (12,1,'회원',2,'욕설',to_date('20/03/27','RR/MM/DD'));
Insert into DB_SAWEE.REPORT (R_NO,M_NO,R_TYPE,R_TYPE_NO,R_CONTENT,R_REPORT_DATE) values (13,1,'회원',2,'욕설',to_date('20/03/27','RR/MM/DD'));
Insert into DB_SAWEE.REPORT (R_NO,M_NO,R_TYPE,R_TYPE_NO,R_CONTENT,R_REPORT_DATE) values (14,1,'회원',2,'욕설',to_date('20/03/27','RR/MM/DD'));
Insert into DB_SAWEE.REPORT (R_NO,M_NO,R_TYPE,R_TYPE_NO,R_CONTENT,R_REPORT_DATE) values (15,1,'회원',2,'욕설',to_date('20/03/27','RR/MM/DD'));
Insert into DB_SAWEE.REPORT (R_NO,M_NO,R_TYPE,R_TYPE_NO,R_CONTENT,R_REPORT_DATE) values (16,1,'회원',2,'욕설',to_date('20/03/27','RR/MM/DD'));
Insert into DB_SAWEE.REPORT (R_NO,M_NO,R_TYPE,R_TYPE_NO,R_CONTENT,R_REPORT_DATE) values (17,1,'게시글',2,'욕설',to_date('20/03/27','RR/MM/DD'));
REM INSERTING into DB_SAWEE.SCRAP
SET DEFINE OFF;
REM INSERTING into DB_SAWEE.SPONSOR
SET DEFINE OFF;
REM INSERTING into DB_SAWEE.STATISTICS
SET DEFINE OFF;
Insert into DB_SAWEE.STATISTICS (ST_NO,ST_DATE,ST_VISITOR_NUM,ST_POST_NUM,ST_TRADE_NUM,ST_COMMENT_NUM) values (1,to_date('20/03/16','RR/MM/DD'),111,222,333,44);
Insert into DB_SAWEE.STATISTICS (ST_NO,ST_DATE,ST_VISITOR_NUM,ST_POST_NUM,ST_TRADE_NUM,ST_COMMENT_NUM) values (2,to_date('20/03/17','RR/MM/DD'),123,125,222,294);
Insert into DB_SAWEE.STATISTICS (ST_NO,ST_DATE,ST_VISITOR_NUM,ST_POST_NUM,ST_TRADE_NUM,ST_COMMENT_NUM) values (3,to_date('20/03/17','RR/MM/DD'),223,225,242,299);
Insert into DB_SAWEE.STATISTICS (ST_NO,ST_DATE,ST_VISITOR_NUM,ST_POST_NUM,ST_TRADE_NUM,ST_COMMENT_NUM) values (4,to_date('20/03/17','RR/MM/DD'),323,325,442,499);
Insert into DB_SAWEE.STATISTICS (ST_NO,ST_DATE,ST_VISITOR_NUM,ST_POST_NUM,ST_TRADE_NUM,ST_COMMENT_NUM) values (5,to_date('20/03/19','RR/MM/DD'),323,325,222,499);
REM INSERTING into DB_SAWEE.SUBJECT
SET DEFINE OFF;
Insert into DB_SAWEE.SUBJECT (S_NO,BT_NO,S_CONTENT) values (1,1,'잡담');
Insert into DB_SAWEE.SUBJECT (S_NO,BT_NO,S_CONTENT) values (2,1,'노하우');
Insert into DB_SAWEE.SUBJECT (S_NO,BT_NO,S_CONTENT) values (3,1,'토론');
Insert into DB_SAWEE.SUBJECT (S_NO,BT_NO,S_CONTENT) values (4,2,'개봉기');
Insert into DB_SAWEE.SUBJECT (S_NO,BT_NO,S_CONTENT) values (5,2,'일 리뷰');
Insert into DB_SAWEE.SUBJECT (S_NO,BT_NO,S_CONTENT) values (6,2,'다 리뷰');
Insert into DB_SAWEE.SUBJECT (S_NO,BT_NO,S_CONTENT) values (7,3,'모집');
Insert into DB_SAWEE.SUBJECT (S_NO,BT_NO,S_CONTENT) values (8,3,'모임 후기');
Insert into DB_SAWEE.SUBJECT (S_NO,BT_NO,S_CONTENT) values (9,4,'이벤트');
Insert into DB_SAWEE.SUBJECT (S_NO,BT_NO,S_CONTENT) values (10,4,'대회');
Insert into DB_SAWEE.SUBJECT (S_NO,BT_NO,S_CONTENT) values (11,4,'신작 소식');
Insert into DB_SAWEE.SUBJECT (S_NO,BT_NO,S_CONTENT) values (12,4,'세일');
Insert into DB_SAWEE.SUBJECT (S_NO,BT_NO,S_CONTENT) values (13,4,'기타');
Insert into DB_SAWEE.SUBJECT (S_NO,BT_NO,S_CONTENT) values (14,5,'룰');
Insert into DB_SAWEE.SUBJECT (S_NO,BT_NO,S_CONTENT) values (15,5,'추천');
Insert into DB_SAWEE.SUBJECT (S_NO,BT_NO,S_CONTENT) values (16,5,'기타');
Insert into DB_SAWEE.SUBJECT (S_NO,BT_NO,S_CONTENT) values (17,6,'계획');
Insert into DB_SAWEE.SUBJECT (S_NO,BT_NO,S_CONTENT) values (18,6,'디자인');
Insert into DB_SAWEE.SUBJECT (S_NO,BT_NO,S_CONTENT) values (19,6,'완성');
Insert into DB_SAWEE.SUBJECT (S_NO,BT_NO,S_CONTENT) values (20,6,'공유');
Insert into DB_SAWEE.SUBJECT (S_NO,BT_NO,S_CONTENT) values (21,6,'테스트플레이');
Insert into DB_SAWEE.SUBJECT (S_NO,BT_NO,S_CONTENT) values (22,7,'회원');
Insert into DB_SAWEE.SUBJECT (S_NO,BT_NO,S_CONTENT) values (23,7,'결제');
Insert into DB_SAWEE.SUBJECT (S_NO,BT_NO,S_CONTENT) values (24,7,'정보 수정');
Insert into DB_SAWEE.SUBJECT (S_NO,BT_NO,S_CONTENT) values (25,7,'무인도 게시판');
Insert into DB_SAWEE.SUBJECT (S_NO,BT_NO,S_CONTENT) values (26,7,'기타');
Insert into DB_SAWEE.SUBJECT (S_NO,BT_NO,S_CONTENT) values (27,8,'회원 관련 문의');
Insert into DB_SAWEE.SUBJECT (S_NO,BT_NO,S_CONTENT) values (28,8,'결제 관련 문의');
Insert into DB_SAWEE.SUBJECT (S_NO,BT_NO,S_CONTENT) values (29,8,'정보수정 요청');
Insert into DB_SAWEE.SUBJECT (S_NO,BT_NO,S_CONTENT) values (30,8,'무인도 관련 문의');
Insert into DB_SAWEE.SUBJECT (S_NO,BT_NO,S_CONTENT) values (31,8,'기타 문의');
Insert into DB_SAWEE.SUBJECT (S_NO,BT_NO,S_CONTENT) values (32,9,'판매중');
Insert into DB_SAWEE.SUBJECT (S_NO,BT_NO,S_CONTENT) values (33,9,'구매중');
Insert into DB_SAWEE.SUBJECT (S_NO,BT_NO,S_CONTENT) values (34,9,'거래완료');
REM INSERTING into DB_SAWEE.TRADE
SET DEFINE OFF;
Insert into DB_SAWEE.TRADE (T_NO,M_NO,S_NO,T_TITLE,T_CONTENT,T_WRITTEN_DATE,T_UPDATED_DATE,T_HIT,T_RECOMMEND_NUM,T_REPORT_NUM,T_ISLAND,T_PRICE,BT_NO) values (1,1,32,'팔아연1','이것저것 팔아염1',to_date('20/01/01','RR/MM/DD'),to_date('20/03/23','RR/MM/DD'),0,0,0,0,1000,9);
Insert into DB_SAWEE.TRADE (T_NO,M_NO,S_NO,T_TITLE,T_CONTENT,T_WRITTEN_DATE,T_UPDATED_DATE,T_HIT,T_RECOMMEND_NUM,T_REPORT_NUM,T_ISLAND,T_PRICE,BT_NO) values (2,2,32,'팔아연2','이것저것 팔아염2',to_date('20/01/02','RR/MM/DD'),to_date('20/03/23','RR/MM/DD'),0,0,0,0,2000,9);
Insert into DB_SAWEE.TRADE (T_NO,M_NO,S_NO,T_TITLE,T_CONTENT,T_WRITTEN_DATE,T_UPDATED_DATE,T_HIT,T_RECOMMEND_NUM,T_REPORT_NUM,T_ISLAND,T_PRICE,BT_NO) values (3,3,32,'팔아연3','이것저것 팔아염3',to_date('20/01/03','RR/MM/DD'),to_date('20/03/23','RR/MM/DD'),0,0,0,0,3000,9);
Insert into DB_SAWEE.TRADE (T_NO,M_NO,S_NO,T_TITLE,T_CONTENT,T_WRITTEN_DATE,T_UPDATED_DATE,T_HIT,T_RECOMMEND_NUM,T_REPORT_NUM,T_ISLAND,T_PRICE,BT_NO) values (4,4,32,'팔아연4','이것저것 팔아염4',to_date('20/01/04','RR/MM/DD'),to_date('20/03/23','RR/MM/DD'),0,0,0,0,4000,9);
Insert into DB_SAWEE.TRADE (T_NO,M_NO,S_NO,T_TITLE,T_CONTENT,T_WRITTEN_DATE,T_UPDATED_DATE,T_HIT,T_RECOMMEND_NUM,T_REPORT_NUM,T_ISLAND,T_PRICE,BT_NO) values (5,5,32,'팔아연5','이것저것 팔아염5',to_date('20/01/05','RR/MM/DD'),to_date('20/03/23','RR/MM/DD'),0,0,0,0,5000,9);
Insert into DB_SAWEE.TRADE (T_NO,M_NO,S_NO,T_TITLE,T_CONTENT,T_WRITTEN_DATE,T_UPDATED_DATE,T_HIT,T_RECOMMEND_NUM,T_REPORT_NUM,T_ISLAND,T_PRICE,BT_NO) values (6,6,32,'팔아연6','이것저것 팔아염6',to_date('20/01/06','RR/MM/DD'),to_date('20/03/23','RR/MM/DD'),0,0,0,0,6000,9);
Insert into DB_SAWEE.TRADE (T_NO,M_NO,S_NO,T_TITLE,T_CONTENT,T_WRITTEN_DATE,T_UPDATED_DATE,T_HIT,T_RECOMMEND_NUM,T_REPORT_NUM,T_ISLAND,T_PRICE,BT_NO) values (7,7,32,'팔아연7','이것저것 팔아염7',to_date('20/01/07','RR/MM/DD'),to_date('20/03/23','RR/MM/DD'),0,0,0,1,7000,9);
Insert into DB_SAWEE.TRADE (T_NO,M_NO,S_NO,T_TITLE,T_CONTENT,T_WRITTEN_DATE,T_UPDATED_DATE,T_HIT,T_RECOMMEND_NUM,T_REPORT_NUM,T_ISLAND,T_PRICE,BT_NO) values (8,8,32,'팔아연8','이것저것 팔아염8',to_date('20/01/08','RR/MM/DD'),to_date('20/03/23','RR/MM/DD'),0,0,0,1,8000,9);
Insert into DB_SAWEE.TRADE (T_NO,M_NO,S_NO,T_TITLE,T_CONTENT,T_WRITTEN_DATE,T_UPDATED_DATE,T_HIT,T_RECOMMEND_NUM,T_REPORT_NUM,T_ISLAND,T_PRICE,BT_NO) values (9,9,32,'팔아연9','이것저것 팔아염9',to_date('20/01/09','RR/MM/DD'),to_date('20/03/23','RR/MM/DD'),0,0,0,1,9000,9);
Insert into DB_SAWEE.TRADE (T_NO,M_NO,S_NO,T_TITLE,T_CONTENT,T_WRITTEN_DATE,T_UPDATED_DATE,T_HIT,T_RECOMMEND_NUM,T_REPORT_NUM,T_ISLAND,T_PRICE,BT_NO) values (10,10,32,'팔아연10','이것저것 팔아염10',to_date('20/01/10','RR/MM/DD'),to_date('20/03/23','RR/MM/DD'),0,0,0,1,10000,9);
Insert into DB_SAWEE.TRADE (T_NO,M_NO,S_NO,T_TITLE,T_CONTENT,T_WRITTEN_DATE,T_UPDATED_DATE,T_HIT,T_RECOMMEND_NUM,T_REPORT_NUM,T_ISLAND,T_PRICE,BT_NO) values (11,11,32,'팔아연11','이것저것 팔아염11',to_date('20/01/11','RR/MM/DD'),to_date('20/03/23','RR/MM/DD'),0,0,0,1,11000,9);
Insert into DB_SAWEE.TRADE (T_NO,M_NO,S_NO,T_TITLE,T_CONTENT,T_WRITTEN_DATE,T_UPDATED_DATE,T_HIT,T_RECOMMEND_NUM,T_REPORT_NUM,T_ISLAND,T_PRICE,BT_NO) values (12,12,32,'팔아연12','이것저것 팔아염12',to_date('20/01/12','RR/MM/DD'),to_date('20/03/23','RR/MM/DD'),0,0,0,1,12000,9);
Insert into DB_SAWEE.TRADE (T_NO,M_NO,S_NO,T_TITLE,T_CONTENT,T_WRITTEN_DATE,T_UPDATED_DATE,T_HIT,T_RECOMMEND_NUM,T_REPORT_NUM,T_ISLAND,T_PRICE,BT_NO) values (13,13,32,'팔아연13','이것저것 팔아염13',to_date('20/01/13','RR/MM/DD'),to_date('20/03/23','RR/MM/DD'),0,0,0,0,13000,9);
Insert into DB_SAWEE.TRADE (T_NO,M_NO,S_NO,T_TITLE,T_CONTENT,T_WRITTEN_DATE,T_UPDATED_DATE,T_HIT,T_RECOMMEND_NUM,T_REPORT_NUM,T_ISLAND,T_PRICE,BT_NO) values (14,14,32,'팔아연14','이것저것 팔아염14',to_date('20/01/14','RR/MM/DD'),to_date('20/03/23','RR/MM/DD'),0,0,0,0,14000,9);
Insert into DB_SAWEE.TRADE (T_NO,M_NO,S_NO,T_TITLE,T_CONTENT,T_WRITTEN_DATE,T_UPDATED_DATE,T_HIT,T_RECOMMEND_NUM,T_REPORT_NUM,T_ISLAND,T_PRICE,BT_NO) values (15,1,32,'팔아연15','이것저것 팔아염15',to_date('20/01/15','RR/MM/DD'),to_date('20/03/23','RR/MM/DD'),0,0,0,0,15000,9);
Insert into DB_SAWEE.TRADE (T_NO,M_NO,S_NO,T_TITLE,T_CONTENT,T_WRITTEN_DATE,T_UPDATED_DATE,T_HIT,T_RECOMMEND_NUM,T_REPORT_NUM,T_ISLAND,T_PRICE,BT_NO) values (16,3,32,'팔아연16','이것저것 팔아염16',to_date('20/03/26','RR/MM/DD'),to_date('20/03/26','RR/MM/DD'),0,0,0,1,0,9);
Insert into DB_SAWEE.TRADE (T_NO,M_NO,S_NO,T_TITLE,T_CONTENT,T_WRITTEN_DATE,T_UPDATED_DATE,T_HIT,T_RECOMMEND_NUM,T_REPORT_NUM,T_ISLAND,T_PRICE,BT_NO) values (17,3,32,'팔아연17','이것저것 팔아염17',to_date('20/03/26','RR/MM/DD'),to_date('20/03/26','RR/MM/DD'),0,0,0,1,0,9);
Insert into DB_SAWEE.TRADE (T_NO,M_NO,S_NO,T_TITLE,T_CONTENT,T_WRITTEN_DATE,T_UPDATED_DATE,T_HIT,T_RECOMMEND_NUM,T_REPORT_NUM,T_ISLAND,T_PRICE,BT_NO) values (18,3,32,'팔아연18','이것저것 팔아염18',to_date('20/03/26','RR/MM/DD'),to_date('20/03/26','RR/MM/DD'),0,0,0,1,0,9);
REM INSERTING into DB_SAWEE.WD_RECORD
SET DEFINE OFF;
Insert into DB_SAWEE.WD_RECORD (M_NO,W_NO,WR_REASON) values (3,1,null);
Insert into DB_SAWEE.WD_RECORD (M_NO,W_NO,WR_REASON) values (7,3,null);
Insert into DB_SAWEE.WD_RECORD (M_NO,W_NO,WR_REASON) values (11,5,'주관적인 탈퇴 사유 내용 ~~~~~~~~');
Insert into DB_SAWEE.WD_RECORD (M_NO,W_NO,WR_REASON) values (4,4,null);
Insert into DB_SAWEE.WD_RECORD (M_NO,W_NO,WR_REASON) values (9,2,null);
Insert into DB_SAWEE.WD_RECORD (M_NO,W_NO,WR_REASON) values (2,5,'주관적인 탈퇴 사유 내용 ~~~~~~~~');
REM INSERTING into DB_SAWEE.WITHDRAWAL
SET DEFINE OFF;
Insert into DB_SAWEE.WITHDRAWAL (W_NO,W_REASON) values (1,'보드게임에 흥미가 떨어져서');
Insert into DB_SAWEE.WITHDRAWAL (W_NO,W_REASON) values (2,'보드게임에 중독되어서 그만하려고');
Insert into DB_SAWEE.WITHDRAWAL (W_NO,W_REASON) values (3,'사이트가 만족스럽지 않아서');
Insert into DB_SAWEE.WITHDRAWAL (W_NO,W_REASON) values (4,'맘에 들지 않는 회원이 있어서');
Insert into DB_SAWEE.WITHDRAWAL (W_NO,W_REASON) values (5,'기타 / 주관적 사유');
--------------------------------------------------------
--  DDL for Index PK_BOARD_TYPE
--------------------------------------------------------

  CREATE UNIQUE INDEX "DB_SAWEE"."PK_BOARD_TYPE" ON "DB_SAWEE"."BOARD_TYPE" ("BT_NO") 
  PCTFREE 10 INITRANS 2 MAXTRANS 255 COMPUTE STATISTICS 
  STORAGE(INITIAL 65536 NEXT 1048576 MINEXTENTS 1 MAXEXTENTS 2147483645
  PCTINCREASE 0 FREELISTS 1 FREELIST GROUPS 1 BUFFER_POOL DEFAULT FLASH_CACHE DEFAULT CELL_FLASH_CACHE DEFAULT)
  TABLESPACE "SYSTEM" ;
--------------------------------------------------------
--  DDL for Index PK_WD_RECORD
--------------------------------------------------------

  CREATE UNIQUE INDEX "DB_SAWEE"."PK_WD_RECORD" ON "DB_SAWEE"."WD_RECORD" ("M_NO") 
  PCTFREE 10 INITRANS 2 MAXTRANS 255 COMPUTE STATISTICS 
  STORAGE(INITIAL 65536 NEXT 1048576 MINEXTENTS 1 MAXEXTENTS 2147483645
  PCTINCREASE 0 FREELISTS 1 FREELIST GROUPS 1 BUFFER_POOL DEFAULT FLASH_CACHE DEFAULT CELL_FLASH_CACHE DEFAULT)
  TABLESPACE "SYSTEM" ;
--------------------------------------------------------
--  DDL for Index PK_TRADE
--------------------------------------------------------

  CREATE UNIQUE INDEX "DB_SAWEE"."PK_TRADE" ON "DB_SAWEE"."TRADE" ("T_NO") 
  PCTFREE 10 INITRANS 2 MAXTRANS 255 COMPUTE STATISTICS 
  STORAGE(INITIAL 65536 NEXT 1048576 MINEXTENTS 1 MAXEXTENTS 2147483645
  PCTINCREASE 0 FREELISTS 1 FREELIST GROUPS 1 BUFFER_POOL DEFAULT FLASH_CACHE DEFAULT CELL_FLASH_CACHE DEFAULT)
  TABLESPACE "SYSTEM" ;
--------------------------------------------------------
--  DDL for Index PK_MEMBER
--------------------------------------------------------

  CREATE UNIQUE INDEX "DB_SAWEE"."PK_MEMBER" ON "DB_SAWEE"."MEMBER" ("M_NO") 
  PCTFREE 10 INITRANS 2 MAXTRANS 255 COMPUTE STATISTICS 
  STORAGE(INITIAL 65536 NEXT 1048576 MINEXTENTS 1 MAXEXTENTS 2147483645
  PCTINCREASE 0 FREELISTS 1 FREELIST GROUPS 1 BUFFER_POOL DEFAULT FLASH_CACHE DEFAULT CELL_FLASH_CACHE DEFAULT)
  TABLESPACE "SYSTEM" ;
--------------------------------------------------------
--  DDL for Index PK_NOTE
--------------------------------------------------------

  CREATE UNIQUE INDEX "DB_SAWEE"."PK_NOTE" ON "DB_SAWEE"."NOTE" ("N_NO") 
  PCTFREE 10 INITRANS 2 MAXTRANS 255 COMPUTE STATISTICS 
  STORAGE(INITIAL 65536 NEXT 1048576 MINEXTENTS 1 MAXEXTENTS 2147483645
  PCTINCREASE 0 FREELISTS 1 FREELIST GROUPS 1 BUFFER_POOL DEFAULT FLASH_CACHE DEFAULT CELL_FLASH_CACHE DEFAULT)
  TABLESPACE "SYSTEM" ;
--------------------------------------------------------
--  DDL for Index PK_GAME_METHOD
--------------------------------------------------------

  CREATE UNIQUE INDEX "DB_SAWEE"."PK_GAME_METHOD" ON "DB_SAWEE"."GAME_METHOD" ("GM_NO") 
  PCTFREE 10 INITRANS 2 MAXTRANS 255 COMPUTE STATISTICS 
  STORAGE(INITIAL 65536 NEXT 1048576 MINEXTENTS 1 MAXEXTENTS 2147483645
  PCTINCREASE 0 FREELISTS 1 FREELIST GROUPS 1 BUFFER_POOL DEFAULT FLASH_CACHE DEFAULT CELL_FLASH_CACHE DEFAULT)
  TABLESPACE "SYSTEM" ;
--------------------------------------------------------
--  DDL for Index PK_F_FILE
--------------------------------------------------------

  CREATE UNIQUE INDEX "DB_SAWEE"."PK_F_FILE" ON "DB_SAWEE"."F_FILE" ("F_NO") 
  PCTFREE 10 INITRANS 2 MAXTRANS 255 COMPUTE STATISTICS 
  STORAGE(INITIAL 65536 NEXT 1048576 MINEXTENTS 1 MAXEXTENTS 2147483645
  PCTINCREASE 0 FREELISTS 1 FREELIST GROUPS 1 BUFFER_POOL DEFAULT FLASH_CACHE DEFAULT CELL_FLASH_CACHE DEFAULT)
  TABLESPACE "SYSTEM" ;
--------------------------------------------------------
--  DDL for Index PK_GAME
--------------------------------------------------------

  CREATE UNIQUE INDEX "DB_SAWEE"."PK_GAME" ON "DB_SAWEE"."GAME" ("G_NO") 
  PCTFREE 10 INITRANS 2 MAXTRANS 255 COMPUTE STATISTICS 
  STORAGE(INITIAL 65536 NEXT 1048576 MINEXTENTS 1 MAXEXTENTS 2147483645
  PCTINCREASE 0 FREELISTS 1 FREELIST GROUPS 1 BUFFER_POOL DEFAULT FLASH_CACHE DEFAULT CELL_FLASH_CACHE DEFAULT)
  TABLESPACE "SYSTEM" ;
--------------------------------------------------------
--  DDL for Index PK_WITHDRAWAL
--------------------------------------------------------

  CREATE UNIQUE INDEX "DB_SAWEE"."PK_WITHDRAWAL" ON "DB_SAWEE"."WITHDRAWAL" ("W_NO") 
  PCTFREE 10 INITRANS 2 MAXTRANS 255 COMPUTE STATISTICS 
  STORAGE(INITIAL 65536 NEXT 1048576 MINEXTENTS 1 MAXEXTENTS 2147483645
  PCTINCREASE 0 FREELISTS 1 FREELIST GROUPS 1 BUFFER_POOL DEFAULT FLASH_CACHE DEFAULT CELL_FLASH_CACHE DEFAULT)
  TABLESPACE "SYSTEM" ;
--------------------------------------------------------
--  DDL for Index PK_BOARD_WRITE
--------------------------------------------------------

  CREATE UNIQUE INDEX "DB_SAWEE"."PK_BOARD_WRITE" ON "DB_SAWEE"."BOARD_WRITE" ("BW_NO") 
  PCTFREE 10 INITRANS 2 MAXTRANS 255 COMPUTE STATISTICS 
  STORAGE(INITIAL 65536 NEXT 1048576 MINEXTENTS 1 MAXEXTENTS 2147483645
  PCTINCREASE 0 FREELISTS 1 FREELIST GROUPS 1 BUFFER_POOL DEFAULT FLASH_CACHE DEFAULT CELL_FLASH_CACHE DEFAULT)
  TABLESPACE "SYSTEM" ;
--------------------------------------------------------
--  DDL for Index PK_GAME_THEME
--------------------------------------------------------

  CREATE UNIQUE INDEX "DB_SAWEE"."PK_GAME_THEME" ON "DB_SAWEE"."GAME_THEME" ("GT_NO") 
  PCTFREE 10 INITRANS 2 MAXTRANS 255 COMPUTE STATISTICS 
  STORAGE(INITIAL 65536 NEXT 1048576 MINEXTENTS 1 MAXEXTENTS 2147483645
  PCTINCREASE 0 FREELISTS 1 FREELIST GROUPS 1 BUFFER_POOL DEFAULT FLASH_CACHE DEFAULT CELL_FLASH_CACHE DEFAULT)
  TABLESPACE "SYSTEM" ;
--------------------------------------------------------
--  DDL for Index PK_FAQ
--------------------------------------------------------

  CREATE UNIQUE INDEX "DB_SAWEE"."PK_FAQ" ON "DB_SAWEE"."FAQ" ("FAQ_NO") 
  PCTFREE 10 INITRANS 2 MAXTRANS 255 COMPUTE STATISTICS 
  STORAGE(INITIAL 65536 NEXT 1048576 MINEXTENTS 1 MAXEXTENTS 2147483645
  PCTINCREASE 0 FREELISTS 1 FREELIST GROUPS 1 BUFFER_POOL DEFAULT FLASH_CACHE DEFAULT CELL_FLASH_CACHE DEFAULT)
  TABLESPACE "SYSTEM" ;
--------------------------------------------------------
--  DDL for Index PK_REPORT
--------------------------------------------------------

  CREATE UNIQUE INDEX "DB_SAWEE"."PK_REPORT" ON "DB_SAWEE"."REPORT" ("R_NO") 
  PCTFREE 10 INITRANS 2 MAXTRANS 255 COMPUTE STATISTICS 
  STORAGE(INITIAL 65536 NEXT 1048576 MINEXTENTS 1 MAXEXTENTS 2147483645
  PCTINCREASE 0 FREELISTS 1 FREELIST GROUPS 1 BUFFER_POOL DEFAULT FLASH_CACHE DEFAULT CELL_FLASH_CACHE DEFAULT)
  TABLESPACE "SYSTEM" ;
--------------------------------------------------------
--  DDL for Index PK_STATISTICS
--------------------------------------------------------

  CREATE UNIQUE INDEX "DB_SAWEE"."PK_STATISTICS" ON "DB_SAWEE"."STATISTICS" ("ST_NO") 
  PCTFREE 10 INITRANS 2 MAXTRANS 255 COMPUTE STATISTICS 
  STORAGE(INITIAL 65536 NEXT 1048576 MINEXTENTS 1 MAXEXTENTS 2147483645
  PCTINCREASE 0 FREELISTS 1 FREELIST GROUPS 1 BUFFER_POOL DEFAULT FLASH_CACHE DEFAULT CELL_FLASH_CACHE DEFAULT)
  TABLESPACE "SYSTEM" ;
--------------------------------------------------------
--  DDL for Index PK_CM_COMMENT
--------------------------------------------------------

  CREATE UNIQUE INDEX "DB_SAWEE"."PK_CM_COMMENT" ON "DB_SAWEE"."CM_COMMENT" ("CM_NO") 
  PCTFREE 10 INITRANS 2 MAXTRANS 255 COMPUTE STATISTICS 
  STORAGE(INITIAL 65536 NEXT 1048576 MINEXTENTS 1 MAXEXTENTS 2147483645
  PCTINCREASE 0 FREELISTS 1 FREELIST GROUPS 1 BUFFER_POOL DEFAULT FLASH_CACHE DEFAULT CELL_FLASH_CACHE DEFAULT)
  TABLESPACE "SYSTEM" ;
--------------------------------------------------------
--  DDL for Index PK_CAFE
--------------------------------------------------------

  CREATE UNIQUE INDEX "DB_SAWEE"."PK_CAFE" ON "DB_SAWEE"."CAFE" ("C_NO") 
  PCTFREE 10 INITRANS 2 MAXTRANS 255 COMPUTE STATISTICS 
  STORAGE(INITIAL 65536 NEXT 1048576 MINEXTENTS 1 MAXEXTENTS 2147483645
  PCTINCREASE 0 FREELISTS 1 FREELIST GROUPS 1 BUFFER_POOL DEFAULT FLASH_CACHE DEFAULT CELL_FLASH_CACHE DEFAULT)
  TABLESPACE "SYSTEM" ;
--------------------------------------------------------
--  DDL for Index PK_PAYMENT
--------------------------------------------------------

  CREATE UNIQUE INDEX "DB_SAWEE"."PK_PAYMENT" ON "DB_SAWEE"."PAYMENT" ("P_NO") 
  PCTFREE 10 INITRANS 2 MAXTRANS 255 COMPUTE STATISTICS 
  STORAGE(INITIAL 65536 NEXT 1048576 MINEXTENTS 1 MAXEXTENTS 2147483645
  PCTINCREASE 0 FREELISTS 1 FREELIST GROUPS 1 BUFFER_POOL DEFAULT FLASH_CACHE DEFAULT CELL_FLASH_CACHE DEFAULT)
  TABLESPACE "SYSTEM" ;
--------------------------------------------------------
--  DDL for Index PK_SPONSOR
--------------------------------------------------------

  CREATE UNIQUE INDEX "DB_SAWEE"."PK_SPONSOR" ON "DB_SAWEE"."SPONSOR" ("SP_NO") 
  PCTFREE 10 INITRANS 2 MAXTRANS 255 COMPUTE STATISTICS 
  STORAGE(INITIAL 65536 NEXT 1048576 MINEXTENTS 1 MAXEXTENTS 2147483645
  PCTINCREASE 0 FREELISTS 1 FREELIST GROUPS 1 BUFFER_POOL DEFAULT FLASH_CACHE DEFAULT CELL_FLASH_CACHE DEFAULT)
  TABLESPACE "SYSTEM" ;
--------------------------------------------------------
--  DDL for Index PK_SCRAP
--------------------------------------------------------

  CREATE UNIQUE INDEX "DB_SAWEE"."PK_SCRAP" ON "DB_SAWEE"."SCRAP" ("M_NO") 
  PCTFREE 10 INITRANS 2 MAXTRANS 255 COMPUTE STATISTICS 
  STORAGE(INITIAL 65536 NEXT 1048576 MINEXTENTS 1 MAXEXTENTS 2147483645
  PCTINCREASE 0 FREELISTS 1 FREELIST GROUPS 1 BUFFER_POOL DEFAULT FLASH_CACHE DEFAULT CELL_FLASH_CACHE DEFAULT)
  TABLESPACE "SYSTEM" ;
--------------------------------------------------------
--  DDL for Index PK_RANK
--------------------------------------------------------

  CREATE UNIQUE INDEX "DB_SAWEE"."PK_RANK" ON "DB_SAWEE"."RANK" ("R_NO") 
  PCTFREE 10 INITRANS 2 MAXTRANS 255 COMPUTE STATISTICS 
  STORAGE(INITIAL 65536 NEXT 1048576 MINEXTENTS 1 MAXEXTENTS 2147483645
  PCTINCREASE 0 FREELISTS 1 FREELIST GROUPS 1 BUFFER_POOL DEFAULT FLASH_CACHE DEFAULT CELL_FLASH_CACHE DEFAULT)
  TABLESPACE "SYSTEM" ;
--------------------------------------------------------
--  DDL for Index PK_CAFE_REVIEW
--------------------------------------------------------

  CREATE UNIQUE INDEX "DB_SAWEE"."PK_CAFE_REVIEW" ON "DB_SAWEE"."CAFE_REVIEW" ("CR_NO") 
  PCTFREE 10 INITRANS 2 MAXTRANS 255 COMPUTE STATISTICS 
  STORAGE(INITIAL 65536 NEXT 1048576 MINEXTENTS 1 MAXEXTENTS 2147483645
  PCTINCREASE 0 FREELISTS 1 FREELIST GROUPS 1 BUFFER_POOL DEFAULT FLASH_CACHE DEFAULT CELL_FLASH_CACHE DEFAULT)
  TABLESPACE "SYSTEM" ;
--------------------------------------------------------
--  DDL for Index PK_SUBJECT
--------------------------------------------------------

  CREATE UNIQUE INDEX "DB_SAWEE"."PK_SUBJECT" ON "DB_SAWEE"."SUBJECT" ("S_NO") 
  PCTFREE 10 INITRANS 2 MAXTRANS 255 COMPUTE STATISTICS 
  STORAGE(INITIAL 65536 NEXT 1048576 MINEXTENTS 1 MAXEXTENTS 2147483645
  PCTINCREASE 0 FREELISTS 1 FREELIST GROUPS 1 BUFFER_POOL DEFAULT FLASH_CACHE DEFAULT CELL_FLASH_CACHE DEFAULT)
  TABLESPACE "SYSTEM" ;
--------------------------------------------------------
--  DDL for Index PK_GAME_SORT
--------------------------------------------------------

  CREATE UNIQUE INDEX "DB_SAWEE"."PK_GAME_SORT" ON "DB_SAWEE"."GAME_SORT" ("GS_NO") 
  PCTFREE 10 INITRANS 2 MAXTRANS 255 COMPUTE STATISTICS 
  STORAGE(INITIAL 65536 NEXT 1048576 MINEXTENTS 1 MAXEXTENTS 2147483645
  PCTINCREASE 0 FREELISTS 1 FREELIST GROUPS 1 BUFFER_POOL DEFAULT FLASH_CACHE DEFAULT CELL_FLASH_CACHE DEFAULT)
  TABLESPACE "SYSTEM" ;
--------------------------------------------------------
--  Constraints for Table MEMBER
--------------------------------------------------------

  ALTER TABLE "DB_SAWEE"."MEMBER" MODIFY ("M_BIRTH" NOT NULL ENABLE);
  ALTER TABLE "DB_SAWEE"."MEMBER" ADD CONSTRAINT "PK_MEMBER" PRIMARY KEY ("M_NO")
  USING INDEX PCTFREE 10 INITRANS 2 MAXTRANS 255 COMPUTE STATISTICS 
  STORAGE(INITIAL 65536 NEXT 1048576 MINEXTENTS 1 MAXEXTENTS 2147483645
  PCTINCREASE 0 FREELISTS 1 FREELIST GROUPS 1 BUFFER_POOL DEFAULT FLASH_CACHE DEFAULT CELL_FLASH_CACHE DEFAULT)
  TABLESPACE "SYSTEM"  ENABLE;
  ALTER TABLE "DB_SAWEE"."MEMBER" MODIFY ("M_OUT" NOT NULL ENABLE);
  ALTER TABLE "DB_SAWEE"."MEMBER" MODIFY ("M_INDATE" NOT NULL ENABLE);
  ALTER TABLE "DB_SAWEE"."MEMBER" MODIFY ("M_INFO" NOT NULL ENABLE);
  ALTER TABLE "DB_SAWEE"."MEMBER" MODIFY ("M_RE_MESSAGE" NOT NULL ENABLE);
  ALTER TABLE "DB_SAWEE"."MEMBER" MODIFY ("M_RE_SMS" NOT NULL ENABLE);
  ALTER TABLE "DB_SAWEE"."MEMBER" MODIFY ("M_ADDR1" NOT NULL ENABLE);
  ALTER TABLE "DB_SAWEE"."MEMBER" MODIFY ("M_POST" NOT NULL ENABLE);
  ALTER TABLE "DB_SAWEE"."MEMBER" MODIFY ("M_EMAIL" NOT NULL ENABLE);
  ALTER TABLE "DB_SAWEE"."MEMBER" MODIFY ("M_PHONE" NOT NULL ENABLE);
  ALTER TABLE "DB_SAWEE"."MEMBER" MODIFY ("M_GENDER" NOT NULL ENABLE);
  ALTER TABLE "DB_SAWEE"."MEMBER" MODIFY ("M_NICK" NOT NULL ENABLE);
  ALTER TABLE "DB_SAWEE"."MEMBER" MODIFY ("M_NAME" NOT NULL ENABLE);
  ALTER TABLE "DB_SAWEE"."MEMBER" MODIFY ("M_PW" NOT NULL ENABLE);
  ALTER TABLE "DB_SAWEE"."MEMBER" MODIFY ("M_ID" NOT NULL ENABLE);
  ALTER TABLE "DB_SAWEE"."MEMBER" MODIFY ("M_NO" NOT NULL ENABLE);
--------------------------------------------------------
--  Constraints for Table CAFE_REVIEW
--------------------------------------------------------

  ALTER TABLE "DB_SAWEE"."CAFE_REVIEW" ADD CONSTRAINT "PK_CAFE_REVIEW" PRIMARY KEY ("CR_NO")
  USING INDEX PCTFREE 10 INITRANS 2 MAXTRANS 255 COMPUTE STATISTICS 
  STORAGE(INITIAL 65536 NEXT 1048576 MINEXTENTS 1 MAXEXTENTS 2147483645
  PCTINCREASE 0 FREELISTS 1 FREELIST GROUPS 1 BUFFER_POOL DEFAULT FLASH_CACHE DEFAULT CELL_FLASH_CACHE DEFAULT)
  TABLESPACE "SYSTEM"  ENABLE;
  ALTER TABLE "DB_SAWEE"."CAFE_REVIEW" MODIFY ("CR_ISLAND" NOT NULL ENABLE);
  ALTER TABLE "DB_SAWEE"."CAFE_REVIEW" MODIFY ("CR_UPDATED_DATE" NOT NULL ENABLE);
  ALTER TABLE "DB_SAWEE"."CAFE_REVIEW" MODIFY ("CR_WRITTEN_DATE" NOT NULL ENABLE);
  ALTER TABLE "DB_SAWEE"."CAFE_REVIEW" MODIFY ("CR_CONTENT" NOT NULL ENABLE);
  ALTER TABLE "DB_SAWEE"."CAFE_REVIEW" MODIFY ("CR_TITLE" NOT NULL ENABLE);
  ALTER TABLE "DB_SAWEE"."CAFE_REVIEW" MODIFY ("M_NO" NOT NULL ENABLE);
  ALTER TABLE "DB_SAWEE"."CAFE_REVIEW" MODIFY ("C_NO" NOT NULL ENABLE);
  ALTER TABLE "DB_SAWEE"."CAFE_REVIEW" MODIFY ("CR_NO" NOT NULL ENABLE);
--------------------------------------------------------
--  Constraints for Table STATISTICS
--------------------------------------------------------

  ALTER TABLE "DB_SAWEE"."STATISTICS" ADD CONSTRAINT "PK_STATISTICS" PRIMARY KEY ("ST_NO")
  USING INDEX PCTFREE 10 INITRANS 2 MAXTRANS 255 COMPUTE STATISTICS 
  STORAGE(INITIAL 65536 NEXT 1048576 MINEXTENTS 1 MAXEXTENTS 2147483645
  PCTINCREASE 0 FREELISTS 1 FREELIST GROUPS 1 BUFFER_POOL DEFAULT FLASH_CACHE DEFAULT CELL_FLASH_CACHE DEFAULT)
  TABLESPACE "SYSTEM"  ENABLE;
  ALTER TABLE "DB_SAWEE"."STATISTICS" MODIFY ("ST_NO" NOT NULL ENABLE);
--------------------------------------------------------
--  Constraints for Table CAFE
--------------------------------------------------------

  ALTER TABLE "DB_SAWEE"."CAFE" ADD CONSTRAINT "PK_CAFE" PRIMARY KEY ("C_NO")
  USING INDEX PCTFREE 10 INITRANS 2 MAXTRANS 255 COMPUTE STATISTICS 
  STORAGE(INITIAL 65536 NEXT 1048576 MINEXTENTS 1 MAXEXTENTS 2147483645
  PCTINCREASE 0 FREELISTS 1 FREELIST GROUPS 1 BUFFER_POOL DEFAULT FLASH_CACHE DEFAULT CELL_FLASH_CACHE DEFAULT)
  TABLESPACE "SYSTEM"  ENABLE;
  ALTER TABLE "DB_SAWEE"."CAFE" MODIFY ("C_UPDATED_DATE" NOT NULL ENABLE);
  ALTER TABLE "DB_SAWEE"."CAFE" MODIFY ("C_WRITTEN_DATE" NOT NULL ENABLE);
  ALTER TABLE "DB_SAWEE"."CAFE" MODIFY ("C_PHONE" NOT NULL ENABLE);
  ALTER TABLE "DB_SAWEE"."CAFE" MODIFY ("C_ADD" NOT NULL ENABLE);
  ALTER TABLE "DB_SAWEE"."CAFE" MODIFY ("C_TITLE" NOT NULL ENABLE);
  ALTER TABLE "DB_SAWEE"."CAFE" MODIFY ("C_NO" NOT NULL ENABLE);
--------------------------------------------------------
--  Constraints for Table PAYMENT
--------------------------------------------------------

  ALTER TABLE "DB_SAWEE"."PAYMENT" ADD CONSTRAINT "PK_PAYMENT" PRIMARY KEY ("P_NO")
  USING INDEX PCTFREE 10 INITRANS 2 MAXTRANS 255 COMPUTE STATISTICS 
  STORAGE(INITIAL 65536 NEXT 1048576 MINEXTENTS 1 MAXEXTENTS 2147483645
  PCTINCREASE 0 FREELISTS 1 FREELIST GROUPS 1 BUFFER_POOL DEFAULT FLASH_CACHE DEFAULT CELL_FLASH_CACHE DEFAULT)
  TABLESPACE "SYSTEM"  ENABLE;
  ALTER TABLE "DB_SAWEE"."PAYMENT" MODIFY ("P_PAYMENT_DATE" NOT NULL ENABLE);
  ALTER TABLE "DB_SAWEE"."PAYMENT" MODIFY ("P_ORDER_DATE" NOT NULL ENABLE);
  ALTER TABLE "DB_SAWEE"."PAYMENT" MODIFY ("P_STATUS" NOT NULL ENABLE);
  ALTER TABLE "DB_SAWEE"."PAYMENT" MODIFY ("P_PRICE" NOT NULL ENABLE);
  ALTER TABLE "DB_SAWEE"."PAYMENT" MODIFY ("M_BNO" NOT NULL ENABLE);
  ALTER TABLE "DB_SAWEE"."PAYMENT" MODIFY ("M_SNO" NOT NULL ENABLE);
  ALTER TABLE "DB_SAWEE"."PAYMENT" MODIFY ("T_NO" NOT NULL ENABLE);
  ALTER TABLE "DB_SAWEE"."PAYMENT" MODIFY ("P_NO" NOT NULL ENABLE);
--------------------------------------------------------
--  Constraints for Table GAME_CLASS
--------------------------------------------------------

  ALTER TABLE "DB_SAWEE"."GAME_CLASS" MODIFY ("GC_NUM" NOT NULL ENABLE);
  ALTER TABLE "DB_SAWEE"."GAME_CLASS" MODIFY ("GC_TYPE" NOT NULL ENABLE);
  ALTER TABLE "DB_SAWEE"."GAME_CLASS" MODIFY ("G_NO" NOT NULL ENABLE);
--------------------------------------------------------
--  Constraints for Table FAQ
--------------------------------------------------------

  ALTER TABLE "DB_SAWEE"."FAQ" ADD CONSTRAINT "PK_FAQ" PRIMARY KEY ("FAQ_NO")
  USING INDEX PCTFREE 10 INITRANS 2 MAXTRANS 255 COMPUTE STATISTICS 
  STORAGE(INITIAL 65536 NEXT 1048576 MINEXTENTS 1 MAXEXTENTS 2147483645
  PCTINCREASE 0 FREELISTS 1 FREELIST GROUPS 1 BUFFER_POOL DEFAULT FLASH_CACHE DEFAULT CELL_FLASH_CACHE DEFAULT)
  TABLESPACE "SYSTEM"  ENABLE;
  ALTER TABLE "DB_SAWEE"."FAQ" MODIFY ("FAQ_UPDATED_DATE" NOT NULL ENABLE);
  ALTER TABLE "DB_SAWEE"."FAQ" MODIFY ("FAQ_WRITTEN_DATE" NOT NULL ENABLE);
  ALTER TABLE "DB_SAWEE"."FAQ" MODIFY ("FAQ_CONTENT" NOT NULL ENABLE);
  ALTER TABLE "DB_SAWEE"."FAQ" MODIFY ("FAQ_TITLE" NOT NULL ENABLE);
  ALTER TABLE "DB_SAWEE"."FAQ" MODIFY ("S_NO" NOT NULL ENABLE);
  ALTER TABLE "DB_SAWEE"."FAQ" MODIFY ("FAQ_NO" NOT NULL ENABLE);
--------------------------------------------------------
--  Constraints for Table BOARD_GAME
--------------------------------------------------------

  ALTER TABLE "DB_SAWEE"."BOARD_GAME" MODIFY ("BG_WNO" NOT NULL ENABLE);
  ALTER TABLE "DB_SAWEE"."BOARD_GAME" MODIFY ("G_NO" NOT NULL ENABLE);
  ALTER TABLE "DB_SAWEE"."BOARD_GAME" MODIFY ("BT_NO" NOT NULL ENABLE);
--------------------------------------------------------
--  Constraints for Table GAME_PERSON
--------------------------------------------------------

  ALTER TABLE "DB_SAWEE"."GAME_PERSON" MODIFY ("GP_NUM" NOT NULL ENABLE);
  ALTER TABLE "DB_SAWEE"."GAME_PERSON" MODIFY ("GP_PERSON" NOT NULL ENABLE);
  ALTER TABLE "DB_SAWEE"."GAME_PERSON" MODIFY ("G_NO" NOT NULL ENABLE);
--------------------------------------------------------
--  Constraints for Table GAME
--------------------------------------------------------

  ALTER TABLE "DB_SAWEE"."GAME" ADD CONSTRAINT "PK_GAME" PRIMARY KEY ("G_NO")
  USING INDEX PCTFREE 10 INITRANS 2 MAXTRANS 255 COMPUTE STATISTICS 
  STORAGE(INITIAL 65536 NEXT 1048576 MINEXTENTS 1 MAXEXTENTS 2147483645
  PCTINCREASE 0 FREELISTS 1 FREELIST GROUPS 1 BUFFER_POOL DEFAULT FLASH_CACHE DEFAULT CELL_FLASH_CACHE DEFAULT)
  TABLESPACE "SYSTEM"  ENABLE;
  ALTER TABLE "DB_SAWEE"."GAME" MODIFY ("F_NO" NOT NULL ENABLE);
  ALTER TABLE "DB_SAWEE"."GAME" MODIFY ("G_LEVEL" NOT NULL ENABLE);
  ALTER TABLE "DB_SAWEE"."GAME" MODIFY ("G_AGE" NOT NULL ENABLE);
  ALTER TABLE "DB_SAWEE"."GAME" MODIFY ("G_MIN" NOT NULL ENABLE);
  ALTER TABLE "DB_SAWEE"."GAME" MODIFY ("G_DESIGNER" NOT NULL ENABLE);
  ALTER TABLE "DB_SAWEE"."GAME" MODIFY ("G_UPDATED_DATE" NOT NULL ENABLE);
  ALTER TABLE "DB_SAWEE"."GAME" MODIFY ("G_WRITTEN_DATE" NOT NULL ENABLE);
  ALTER TABLE "DB_SAWEE"."GAME" MODIFY ("G_NAME" NOT NULL ENABLE);
  ALTER TABLE "DB_SAWEE"."GAME" MODIFY ("G_NO" NOT NULL ENABLE);
  ALTER TABLE "DB_SAWEE"."GAME" MODIFY ("G_PLAYTIME" NOT NULL ENABLE);
  ALTER TABLE "DB_SAWEE"."GAME" MODIFY ("G_MAX" NOT NULL ENABLE);
--------------------------------------------------------
--  Constraints for Table BOARD_FILE
--------------------------------------------------------

  ALTER TABLE "DB_SAWEE"."BOARD_FILE" MODIFY ("F_NO" NOT NULL ENABLE);
  ALTER TABLE "DB_SAWEE"."BOARD_FILE" MODIFY ("BF_WNO" NOT NULL ENABLE);
  ALTER TABLE "DB_SAWEE"."BOARD_FILE" MODIFY ("BT_NO" NOT NULL ENABLE);
--------------------------------------------------------
--  Constraints for Table GAME_METHOD
--------------------------------------------------------

  ALTER TABLE "DB_SAWEE"."GAME_METHOD" ADD CONSTRAINT "PK_GAME_METHOD" PRIMARY KEY ("GM_NO")
  USING INDEX PCTFREE 10 INITRANS 2 MAXTRANS 255 COMPUTE STATISTICS 
  STORAGE(INITIAL 65536 NEXT 1048576 MINEXTENTS 1 MAXEXTENTS 2147483645
  PCTINCREASE 0 FREELISTS 1 FREELIST GROUPS 1 BUFFER_POOL DEFAULT FLASH_CACHE DEFAULT CELL_FLASH_CACHE DEFAULT)
  TABLESPACE "SYSTEM"  ENABLE;
  ALTER TABLE "DB_SAWEE"."GAME_METHOD" MODIFY ("GM_NAME" NOT NULL ENABLE);
  ALTER TABLE "DB_SAWEE"."GAME_METHOD" MODIFY ("GM_NO" NOT NULL ENABLE);
--------------------------------------------------------
--  Constraints for Table GAME_THEME
--------------------------------------------------------

  ALTER TABLE "DB_SAWEE"."GAME_THEME" ADD CONSTRAINT "PK_GAME_THEME" PRIMARY KEY ("GT_NO")
  USING INDEX PCTFREE 10 INITRANS 2 MAXTRANS 255 COMPUTE STATISTICS 
  STORAGE(INITIAL 65536 NEXT 1048576 MINEXTENTS 1 MAXEXTENTS 2147483645
  PCTINCREASE 0 FREELISTS 1 FREELIST GROUPS 1 BUFFER_POOL DEFAULT FLASH_CACHE DEFAULT CELL_FLASH_CACHE DEFAULT)
  TABLESPACE "SYSTEM"  ENABLE;
  ALTER TABLE "DB_SAWEE"."GAME_THEME" MODIFY ("GT_NAME" NOT NULL ENABLE);
  ALTER TABLE "DB_SAWEE"."GAME_THEME" MODIFY ("GT_NO" NOT NULL ENABLE);
--------------------------------------------------------
--  Constraints for Table GAME_SORT
--------------------------------------------------------

  ALTER TABLE "DB_SAWEE"."GAME_SORT" ADD CONSTRAINT "PK_GAME_SORT" PRIMARY KEY ("GS_NO")
  USING INDEX PCTFREE 10 INITRANS 2 MAXTRANS 255 COMPUTE STATISTICS 
  STORAGE(INITIAL 65536 NEXT 1048576 MINEXTENTS 1 MAXEXTENTS 2147483645
  PCTINCREASE 0 FREELISTS 1 FREELIST GROUPS 1 BUFFER_POOL DEFAULT FLASH_CACHE DEFAULT CELL_FLASH_CACHE DEFAULT)
  TABLESPACE "SYSTEM"  ENABLE;
  ALTER TABLE "DB_SAWEE"."GAME_SORT" MODIFY ("GS_NAME" NOT NULL ENABLE);
  ALTER TABLE "DB_SAWEE"."GAME_SORT" MODIFY ("GS_NO" NOT NULL ENABLE);
--------------------------------------------------------
--  Constraints for Table WITHDRAWAL
--------------------------------------------------------

  ALTER TABLE "DB_SAWEE"."WITHDRAWAL" ADD CONSTRAINT "PK_WITHDRAWAL" PRIMARY KEY ("W_NO")
  USING INDEX PCTFREE 10 INITRANS 2 MAXTRANS 255 COMPUTE STATISTICS 
  STORAGE(INITIAL 65536 NEXT 1048576 MINEXTENTS 1 MAXEXTENTS 2147483645
  PCTINCREASE 0 FREELISTS 1 FREELIST GROUPS 1 BUFFER_POOL DEFAULT FLASH_CACHE DEFAULT CELL_FLASH_CACHE DEFAULT)
  TABLESPACE "SYSTEM"  ENABLE;
  ALTER TABLE "DB_SAWEE"."WITHDRAWAL" MODIFY ("W_NO" NOT NULL ENABLE);
--------------------------------------------------------
--  Constraints for Table F_FILE
--------------------------------------------------------

  ALTER TABLE "DB_SAWEE"."F_FILE" ADD CONSTRAINT "PK_F_FILE" PRIMARY KEY ("F_NO")
  USING INDEX PCTFREE 10 INITRANS 2 MAXTRANS 255 COMPUTE STATISTICS 
  STORAGE(INITIAL 65536 NEXT 1048576 MINEXTENTS 1 MAXEXTENTS 2147483645
  PCTINCREASE 0 FREELISTS 1 FREELIST GROUPS 1 BUFFER_POOL DEFAULT FLASH_CACHE DEFAULT CELL_FLASH_CACHE DEFAULT)
  TABLESPACE "SYSTEM"  ENABLE;
  ALTER TABLE "DB_SAWEE"."F_FILE" MODIFY ("F_PATH" NOT NULL ENABLE);
  ALTER TABLE "DB_SAWEE"."F_FILE" MODIFY ("F_TYPE" NOT NULL ENABLE);
  ALTER TABLE "DB_SAWEE"."F_FILE" MODIFY ("F_NAME" NOT NULL ENABLE);
  ALTER TABLE "DB_SAWEE"."F_FILE" MODIFY ("F_NO" NOT NULL ENABLE);
--------------------------------------------------------
--  Constraints for Table REPORT
--------------------------------------------------------

  ALTER TABLE "DB_SAWEE"."REPORT" ADD CONSTRAINT "PK_REPORT" PRIMARY KEY ("R_NO")
  USING INDEX PCTFREE 10 INITRANS 2 MAXTRANS 255 COMPUTE STATISTICS 
  STORAGE(INITIAL 65536 NEXT 1048576 MINEXTENTS 1 MAXEXTENTS 2147483645
  PCTINCREASE 0 FREELISTS 1 FREELIST GROUPS 1 BUFFER_POOL DEFAULT FLASH_CACHE DEFAULT CELL_FLASH_CACHE DEFAULT)
  TABLESPACE "SYSTEM"  ENABLE;
  ALTER TABLE "DB_SAWEE"."REPORT" MODIFY ("R_REPORT_DATE" NOT NULL ENABLE);
  ALTER TABLE "DB_SAWEE"."REPORT" MODIFY ("R_CONTENT" NOT NULL ENABLE);
  ALTER TABLE "DB_SAWEE"."REPORT" MODIFY ("R_TYPE_NO" NOT NULL ENABLE);
  ALTER TABLE "DB_SAWEE"."REPORT" MODIFY ("R_TYPE" NOT NULL ENABLE);
  ALTER TABLE "DB_SAWEE"."REPORT" MODIFY ("M_NO" NOT NULL ENABLE);
  ALTER TABLE "DB_SAWEE"."REPORT" MODIFY ("R_NO" NOT NULL ENABLE);
--------------------------------------------------------
--  Constraints for Table NOTE
--------------------------------------------------------

  ALTER TABLE "DB_SAWEE"."NOTE" ADD CONSTRAINT "PK_NOTE" PRIMARY KEY ("N_NO")
  USING INDEX PCTFREE 10 INITRANS 2 MAXTRANS 255 COMPUTE STATISTICS 
  STORAGE(INITIAL 65536 NEXT 1048576 MINEXTENTS 1 MAXEXTENTS 2147483645
  PCTINCREASE 0 FREELISTS 1 FREELIST GROUPS 1 BUFFER_POOL DEFAULT FLASH_CACHE DEFAULT CELL_FLASH_CACHE DEFAULT)
  TABLESPACE "SYSTEM"  ENABLE;
  ALTER TABLE "DB_SAWEE"."NOTE" MODIFY ("N_WRITTEN_DATE" NOT NULL ENABLE);
  ALTER TABLE "DB_SAWEE"."NOTE" MODIFY ("N_CONTENT" NOT NULL ENABLE);
  ALTER TABLE "DB_SAWEE"."NOTE" MODIFY ("N_TITLE" NOT NULL ENABLE);
  ALTER TABLE "DB_SAWEE"."NOTE" MODIFY ("M_NO2" NOT NULL ENABLE);
  ALTER TABLE "DB_SAWEE"."NOTE" MODIFY ("M_NO" NOT NULL ENABLE);
  ALTER TABLE "DB_SAWEE"."NOTE" MODIFY ("N_NO" NOT NULL ENABLE);
--------------------------------------------------------
--  Constraints for Table WD_RECORD
--------------------------------------------------------

  ALTER TABLE "DB_SAWEE"."WD_RECORD" ADD CONSTRAINT "PK_WD_RECORD" PRIMARY KEY ("M_NO")
  USING INDEX PCTFREE 10 INITRANS 2 MAXTRANS 255 COMPUTE STATISTICS 
  STORAGE(INITIAL 65536 NEXT 1048576 MINEXTENTS 1 MAXEXTENTS 2147483645
  PCTINCREASE 0 FREELISTS 1 FREELIST GROUPS 1 BUFFER_POOL DEFAULT FLASH_CACHE DEFAULT CELL_FLASH_CACHE DEFAULT)
  TABLESPACE "SYSTEM"  ENABLE;
  ALTER TABLE "DB_SAWEE"."WD_RECORD" MODIFY ("W_NO" NOT NULL ENABLE);
  ALTER TABLE "DB_SAWEE"."WD_RECORD" MODIFY ("M_NO" NOT NULL ENABLE);
--------------------------------------------------------
--  Constraints for Table CM_COMMENT
--------------------------------------------------------

  ALTER TABLE "DB_SAWEE"."CM_COMMENT" ADD CONSTRAINT "PK_CM_COMMENT" PRIMARY KEY ("CM_NO")
  USING INDEX PCTFREE 10 INITRANS 2 MAXTRANS 255 COMPUTE STATISTICS 
  STORAGE(INITIAL 65536 NEXT 1048576 MINEXTENTS 1 MAXEXTENTS 2147483645
  PCTINCREASE 0 FREELISTS 1 FREELIST GROUPS 1 BUFFER_POOL DEFAULT FLASH_CACHE DEFAULT CELL_FLASH_CACHE DEFAULT)
  TABLESPACE "SYSTEM"  ENABLE;
  ALTER TABLE "DB_SAWEE"."CM_COMMENT" MODIFY ("CM_NO2" NOT NULL ENABLE);
  ALTER TABLE "DB_SAWEE"."CM_COMMENT" MODIFY ("CM_TYPE" NOT NULL ENABLE);
  ALTER TABLE "DB_SAWEE"."CM_COMMENT" MODIFY ("CM_UPDATED_DATE" NOT NULL ENABLE);
  ALTER TABLE "DB_SAWEE"."CM_COMMENT" MODIFY ("CM_WRITTEN_DATE" NOT NULL ENABLE);
  ALTER TABLE "DB_SAWEE"."CM_COMMENT" MODIFY ("M_NO" NOT NULL ENABLE);
  ALTER TABLE "DB_SAWEE"."CM_COMMENT" MODIFY ("CM_NO" NOT NULL ENABLE);
--------------------------------------------------------
--  Constraints for Table SPONSOR
--------------------------------------------------------

  ALTER TABLE "DB_SAWEE"."SPONSOR" ADD CONSTRAINT "PK_SPONSOR" PRIMARY KEY ("SP_NO")
  USING INDEX PCTFREE 10 INITRANS 2 MAXTRANS 255 COMPUTE STATISTICS 
  STORAGE(INITIAL 65536 NEXT 1048576 MINEXTENTS 1 MAXEXTENTS 2147483645
  PCTINCREASE 0 FREELISTS 1 FREELIST GROUPS 1 BUFFER_POOL DEFAULT FLASH_CACHE DEFAULT CELL_FLASH_CACHE DEFAULT)
  TABLESPACE "SYSTEM"  ENABLE;
  ALTER TABLE "DB_SAWEE"."SPONSOR" MODIFY ("SP_DATE" NOT NULL ENABLE);
  ALTER TABLE "DB_SAWEE"."SPONSOR" MODIFY ("M_NO" NOT NULL ENABLE);
  ALTER TABLE "DB_SAWEE"."SPONSOR" MODIFY ("SP_NO" NOT NULL ENABLE);
--------------------------------------------------------
--  Constraints for Table SCRAP
--------------------------------------------------------

  ALTER TABLE "DB_SAWEE"."SCRAP" ADD CONSTRAINT "PK_SCRAP" PRIMARY KEY ("M_NO")
  USING INDEX PCTFREE 10 INITRANS 2 MAXTRANS 255 COMPUTE STATISTICS 
  STORAGE(INITIAL 65536 NEXT 1048576 MINEXTENTS 1 MAXEXTENTS 2147483645
  PCTINCREASE 0 FREELISTS 1 FREELIST GROUPS 1 BUFFER_POOL DEFAULT FLASH_CACHE DEFAULT CELL_FLASH_CACHE DEFAULT)
  TABLESPACE "SYSTEM"  ENABLE;
  ALTER TABLE "DB_SAWEE"."SCRAP" MODIFY ("SC_NO" NOT NULL ENABLE);
  ALTER TABLE "DB_SAWEE"."SCRAP" MODIFY ("SC_BOARDTYPE" NOT NULL ENABLE);
  ALTER TABLE "DB_SAWEE"."SCRAP" MODIFY ("M_NO" NOT NULL ENABLE);
--------------------------------------------------------
--  Constraints for Table RANK
--------------------------------------------------------

  ALTER TABLE "DB_SAWEE"."RANK" ADD CONSTRAINT "PK_RANK" PRIMARY KEY ("R_NO")
  USING INDEX PCTFREE 10 INITRANS 2 MAXTRANS 255 COMPUTE STATISTICS 
  STORAGE(INITIAL 65536 NEXT 1048576 MINEXTENTS 1 MAXEXTENTS 2147483645
  PCTINCREASE 0 FREELISTS 1 FREELIST GROUPS 1 BUFFER_POOL DEFAULT FLASH_CACHE DEFAULT CELL_FLASH_CACHE DEFAULT)
  TABLESPACE "SYSTEM"  ENABLE;
  ALTER TABLE "DB_SAWEE"."RANK" MODIFY ("R_NAME" NOT NULL ENABLE);
  ALTER TABLE "DB_SAWEE"."RANK" MODIFY ("R_NO" NOT NULL ENABLE);
--------------------------------------------------------
--  Constraints for Table TRADE
--------------------------------------------------------

  ALTER TABLE "DB_SAWEE"."TRADE" MODIFY ("BT_NO" NOT NULL ENABLE);
  ALTER TABLE "DB_SAWEE"."TRADE" ADD CONSTRAINT "PK_TRADE" PRIMARY KEY ("T_NO")
  USING INDEX PCTFREE 10 INITRANS 2 MAXTRANS 255 COMPUTE STATISTICS 
  STORAGE(INITIAL 65536 NEXT 1048576 MINEXTENTS 1 MAXEXTENTS 2147483645
  PCTINCREASE 0 FREELISTS 1 FREELIST GROUPS 1 BUFFER_POOL DEFAULT FLASH_CACHE DEFAULT CELL_FLASH_CACHE DEFAULT)
  TABLESPACE "SYSTEM"  ENABLE;
  ALTER TABLE "DB_SAWEE"."TRADE" MODIFY ("T_PRICE" NOT NULL ENABLE);
  ALTER TABLE "DB_SAWEE"."TRADE" MODIFY ("T_ISLAND" NOT NULL ENABLE);
  ALTER TABLE "DB_SAWEE"."TRADE" MODIFY ("T_UPDATED_DATE" NOT NULL ENABLE);
  ALTER TABLE "DB_SAWEE"."TRADE" MODIFY ("T_WRITTEN_DATE" NOT NULL ENABLE);
  ALTER TABLE "DB_SAWEE"."TRADE" MODIFY ("T_CONTENT" NOT NULL ENABLE);
  ALTER TABLE "DB_SAWEE"."TRADE" MODIFY ("T_TITLE" NOT NULL ENABLE);
  ALTER TABLE "DB_SAWEE"."TRADE" MODIFY ("S_NO" NOT NULL ENABLE);
  ALTER TABLE "DB_SAWEE"."TRADE" MODIFY ("M_NO" NOT NULL ENABLE);
  ALTER TABLE "DB_SAWEE"."TRADE" MODIFY ("T_NO" NOT NULL ENABLE);
--------------------------------------------------------
--  Constraints for Table BOARD_WRITE
--------------------------------------------------------

  ALTER TABLE "DB_SAWEE"."BOARD_WRITE" ADD CONSTRAINT "PK_BOARD_WRITE" PRIMARY KEY ("BW_NO")
  USING INDEX PCTFREE 10 INITRANS 2 MAXTRANS 255 COMPUTE STATISTICS 
  STORAGE(INITIAL 65536 NEXT 1048576 MINEXTENTS 1 MAXEXTENTS 2147483645
  PCTINCREASE 0 FREELISTS 1 FREELIST GROUPS 1 BUFFER_POOL DEFAULT FLASH_CACHE DEFAULT CELL_FLASH_CACHE DEFAULT)
  TABLESPACE "SYSTEM"  ENABLE;
  ALTER TABLE "DB_SAWEE"."BOARD_WRITE" MODIFY ("BW_SECRET" NOT NULL ENABLE);
  ALTER TABLE "DB_SAWEE"."BOARD_WRITE" MODIFY ("BW_ISLAND" NOT NULL ENABLE);
  ALTER TABLE "DB_SAWEE"."BOARD_WRITE" MODIFY ("BW_UPDATED_DATE" NOT NULL ENABLE);
  ALTER TABLE "DB_SAWEE"."BOARD_WRITE" MODIFY ("BW_WRITTEN_DATE" NOT NULL ENABLE);
  ALTER TABLE "DB_SAWEE"."BOARD_WRITE" MODIFY ("BW_CONTENT" NOT NULL ENABLE);
  ALTER TABLE "DB_SAWEE"."BOARD_WRITE" MODIFY ("BW_TITLE" NOT NULL ENABLE);
  ALTER TABLE "DB_SAWEE"."BOARD_WRITE" MODIFY ("S_NO" NOT NULL ENABLE);
  ALTER TABLE "DB_SAWEE"."BOARD_WRITE" MODIFY ("BT_NO" NOT NULL ENABLE);
  ALTER TABLE "DB_SAWEE"."BOARD_WRITE" MODIFY ("M_NO" NOT NULL ENABLE);
  ALTER TABLE "DB_SAWEE"."BOARD_WRITE" MODIFY ("BW_NO" NOT NULL ENABLE);
--------------------------------------------------------
--  Constraints for Table BOARD_TYPE
--------------------------------------------------------

  ALTER TABLE "DB_SAWEE"."BOARD_TYPE" ADD CONSTRAINT "PK_BOARD_TYPE" PRIMARY KEY ("BT_NO")
  USING INDEX PCTFREE 10 INITRANS 2 MAXTRANS 255 COMPUTE STATISTICS 
  STORAGE(INITIAL 65536 NEXT 1048576 MINEXTENTS 1 MAXEXTENTS 2147483645
  PCTINCREASE 0 FREELISTS 1 FREELIST GROUPS 1 BUFFER_POOL DEFAULT FLASH_CACHE DEFAULT CELL_FLASH_CACHE DEFAULT)
  TABLESPACE "SYSTEM"  ENABLE;
  ALTER TABLE "DB_SAWEE"."BOARD_TYPE" MODIFY ("BT_NAME" NOT NULL ENABLE);
  ALTER TABLE "DB_SAWEE"."BOARD_TYPE" MODIFY ("BT_NO" NOT NULL ENABLE);
--------------------------------------------------------
--  Constraints for Table SUBJECT
--------------------------------------------------------

  ALTER TABLE "DB_SAWEE"."SUBJECT" ADD CONSTRAINT "PK_SUBJECT" PRIMARY KEY ("S_NO")
  USING INDEX PCTFREE 10 INITRANS 2 MAXTRANS 255 COMPUTE STATISTICS 
  STORAGE(INITIAL 65536 NEXT 1048576 MINEXTENTS 1 MAXEXTENTS 2147483645
  PCTINCREASE 0 FREELISTS 1 FREELIST GROUPS 1 BUFFER_POOL DEFAULT FLASH_CACHE DEFAULT CELL_FLASH_CACHE DEFAULT)
  TABLESPACE "SYSTEM"  ENABLE;
  ALTER TABLE "DB_SAWEE"."SUBJECT" MODIFY ("S_CONTENT" NOT NULL ENABLE);
  ALTER TABLE "DB_SAWEE"."SUBJECT" MODIFY ("BT_NO" NOT NULL ENABLE);
  ALTER TABLE "DB_SAWEE"."SUBJECT" MODIFY ("S_NO" NOT NULL ENABLE);
--------------------------------------------------------
--  Ref Constraints for Table BOARD_FILE
--------------------------------------------------------

  ALTER TABLE "DB_SAWEE"."BOARD_FILE" ADD CONSTRAINT "FK_BOARD_TYPE_TO_BOARD_FILE_1" FOREIGN KEY ("BT_NO")
	  REFERENCES "DB_SAWEE"."BOARD_TYPE" ("BT_NO") ENABLE;
  ALTER TABLE "DB_SAWEE"."BOARD_FILE" ADD CONSTRAINT "FK_F_FILE_TO_BOARD_FILE_1" FOREIGN KEY ("F_NO")
	  REFERENCES "DB_SAWEE"."F_FILE" ("F_NO") ENABLE;
--------------------------------------------------------
--  Ref Constraints for Table BOARD_GAME
--------------------------------------------------------

  ALTER TABLE "DB_SAWEE"."BOARD_GAME" ADD CONSTRAINT "FK_BOARD_TYPE_TO_BOARD_GAME_1" FOREIGN KEY ("BT_NO")
	  REFERENCES "DB_SAWEE"."BOARD_TYPE" ("BT_NO") ENABLE;
  ALTER TABLE "DB_SAWEE"."BOARD_GAME" ADD CONSTRAINT "FK_GAME_TO_BOARD_GAME_1" FOREIGN KEY ("G_NO")
	  REFERENCES "DB_SAWEE"."GAME" ("G_NO") ENABLE;
--------------------------------------------------------
--  Ref Constraints for Table BOARD_WRITE
--------------------------------------------------------

  ALTER TABLE "DB_SAWEE"."BOARD_WRITE" ADD CONSTRAINT "FK_BOARD_TYPE_TO_BOARD_WRITE_1" FOREIGN KEY ("BT_NO")
	  REFERENCES "DB_SAWEE"."BOARD_TYPE" ("BT_NO") ENABLE;
  ALTER TABLE "DB_SAWEE"."BOARD_WRITE" ADD CONSTRAINT "FK_MEMBER_TO_BOARD_WRITE_1" FOREIGN KEY ("M_NO")
	  REFERENCES "DB_SAWEE"."MEMBER" ("M_NO") ENABLE;
  ALTER TABLE "DB_SAWEE"."BOARD_WRITE" ADD CONSTRAINT "FK_SUBJECT_TO_BOARD_WRITE_1" FOREIGN KEY ("S_NO")
	  REFERENCES "DB_SAWEE"."SUBJECT" ("S_NO") ENABLE;
--------------------------------------------------------
--  Ref Constraints for Table CAFE
--------------------------------------------------------

  ALTER TABLE "DB_SAWEE"."CAFE" ADD CONSTRAINT "FK_BOARD_TYPE_TO_CAFE_FK1" FOREIGN KEY ("BT_NO")
	  REFERENCES "DB_SAWEE"."BOARD_TYPE" ("BT_NO") ENABLE;
--------------------------------------------------------
--  Ref Constraints for Table CAFE_REVIEW
--------------------------------------------------------

  ALTER TABLE "DB_SAWEE"."CAFE_REVIEW" ADD CONSTRAINT "FK_BOARD_TYPE_TO_CAFE_REVIEW_1" FOREIGN KEY ("BT_NO")
	  REFERENCES "DB_SAWEE"."BOARD_TYPE" ("BT_NO") ENABLE;
  ALTER TABLE "DB_SAWEE"."CAFE_REVIEW" ADD CONSTRAINT "FK_CAFE_TO_CAFE_REVIEW_1" FOREIGN KEY ("C_NO")
	  REFERENCES "DB_SAWEE"."CAFE" ("C_NO") ENABLE;
  ALTER TABLE "DB_SAWEE"."CAFE_REVIEW" ADD CONSTRAINT "FK_MEMBER_TO_CAFE_REVIEW_1" FOREIGN KEY ("M_NO")
	  REFERENCES "DB_SAWEE"."MEMBER" ("M_NO") ENABLE;
--------------------------------------------------------
--  Ref Constraints for Table CM_COMMENT
--------------------------------------------------------

  ALTER TABLE "DB_SAWEE"."CM_COMMENT" ADD CONSTRAINT "FK_MEMBER_TO_CM_COMMENT_1" FOREIGN KEY ("M_NO")
	  REFERENCES "DB_SAWEE"."MEMBER" ("M_NO") ENABLE;
--------------------------------------------------------
--  Ref Constraints for Table FAQ
--------------------------------------------------------

  ALTER TABLE "DB_SAWEE"."FAQ" ADD CONSTRAINT "FK_SUBJECT_TO_FAQ_1" FOREIGN KEY ("S_NO")
	  REFERENCES "DB_SAWEE"."SUBJECT" ("S_NO") ENABLE;
--------------------------------------------------------
--  Ref Constraints for Table GAME
--------------------------------------------------------

  ALTER TABLE "DB_SAWEE"."GAME" ADD CONSTRAINT "FK_F_FILE_TO_GAME_1" FOREIGN KEY ("F_NO")
	  REFERENCES "DB_SAWEE"."F_FILE" ("F_NO") ENABLE;
--------------------------------------------------------
--  Ref Constraints for Table GAME_CLASS
--------------------------------------------------------

  ALTER TABLE "DB_SAWEE"."GAME_CLASS" ADD CONSTRAINT "FK_GAME_TO_GAME_CLASS_1" FOREIGN KEY ("G_NO")
	  REFERENCES "DB_SAWEE"."GAME" ("G_NO") ENABLE;
--------------------------------------------------------
--  Ref Constraints for Table GAME_PERSON
--------------------------------------------------------

  ALTER TABLE "DB_SAWEE"."GAME_PERSON" ADD CONSTRAINT "FK_GAME_TO_GAME_PERSON_1" FOREIGN KEY ("G_NO")
	  REFERENCES "DB_SAWEE"."GAME" ("G_NO") ENABLE;
--------------------------------------------------------
--  Ref Constraints for Table MEMBER
--------------------------------------------------------

  ALTER TABLE "DB_SAWEE"."MEMBER" ADD CONSTRAINT "FK_F_FILE_TO_MEMBER_1" FOREIGN KEY ("F_NO")
	  REFERENCES "DB_SAWEE"."F_FILE" ("F_NO") ENABLE;
  ALTER TABLE "DB_SAWEE"."MEMBER" ADD CONSTRAINT "FK_RANK_TO_MEMBER_1" FOREIGN KEY ("R_NO")
	  REFERENCES "DB_SAWEE"."RANK" ("R_NO") ENABLE;
--------------------------------------------------------
--  Ref Constraints for Table NOTE
--------------------------------------------------------

  ALTER TABLE "DB_SAWEE"."NOTE" ADD CONSTRAINT "FK_MEMBER_TO_NOTE_1" FOREIGN KEY ("M_NO")
	  REFERENCES "DB_SAWEE"."MEMBER" ("M_NO") ENABLE;
  ALTER TABLE "DB_SAWEE"."NOTE" ADD CONSTRAINT "FK_MEMBER_TO_NOTE_2" FOREIGN KEY ("M_NO2")
	  REFERENCES "DB_SAWEE"."MEMBER" ("M_NO") ENABLE;
--------------------------------------------------------
--  Ref Constraints for Table PAYMENT
--------------------------------------------------------

  ALTER TABLE "DB_SAWEE"."PAYMENT" ADD CONSTRAINT "FK_MEMBER_TO_PAYMENT_1" FOREIGN KEY ("M_SNO")
	  REFERENCES "DB_SAWEE"."MEMBER" ("M_NO") ENABLE;
  ALTER TABLE "DB_SAWEE"."PAYMENT" ADD CONSTRAINT "FK_MEMBER_TO_PAYMENT_2" FOREIGN KEY ("M_BNO")
	  REFERENCES "DB_SAWEE"."MEMBER" ("M_NO") ENABLE;
  ALTER TABLE "DB_SAWEE"."PAYMENT" ADD CONSTRAINT "FK_TRADE_TO_PAYMENT_1" FOREIGN KEY ("T_NO")
	  REFERENCES "DB_SAWEE"."TRADE" ("T_NO") ENABLE;
--------------------------------------------------------
--  Ref Constraints for Table REPORT
--------------------------------------------------------

  ALTER TABLE "DB_SAWEE"."REPORT" ADD CONSTRAINT "FK_MEMBER_TO_REPORT_1" FOREIGN KEY ("M_NO")
	  REFERENCES "DB_SAWEE"."MEMBER" ("M_NO") ENABLE;
--------------------------------------------------------
--  Ref Constraints for Table SCRAP
--------------------------------------------------------

  ALTER TABLE "DB_SAWEE"."SCRAP" ADD CONSTRAINT "FK_MEMBER_TO_SCRAP_1" FOREIGN KEY ("M_NO")
	  REFERENCES "DB_SAWEE"."MEMBER" ("M_NO") ENABLE;
--------------------------------------------------------
--  Ref Constraints for Table SPONSOR
--------------------------------------------------------

  ALTER TABLE "DB_SAWEE"."SPONSOR" ADD CONSTRAINT "FK_MEMBER_TO_SPONSOR_1" FOREIGN KEY ("M_NO")
	  REFERENCES "DB_SAWEE"."MEMBER" ("M_NO") ENABLE;
--------------------------------------------------------
--  Ref Constraints for Table SUBJECT
--------------------------------------------------------

  ALTER TABLE "DB_SAWEE"."SUBJECT" ADD CONSTRAINT "FK_BOARD_TYPE_TO_SUBJECT_1" FOREIGN KEY ("BT_NO")
	  REFERENCES "DB_SAWEE"."BOARD_TYPE" ("BT_NO") ENABLE;
--------------------------------------------------------
--  Ref Constraints for Table TRADE
--------------------------------------------------------

  ALTER TABLE "DB_SAWEE"."TRADE" ADD CONSTRAINT "FK_BOARD_TYPE_TO_TRADE_1" FOREIGN KEY ("BT_NO")
	  REFERENCES "DB_SAWEE"."BOARD_TYPE" ("BT_NO") ENABLE;
  ALTER TABLE "DB_SAWEE"."TRADE" ADD CONSTRAINT "FK_MEMBER_TO_TRADE_1" FOREIGN KEY ("M_NO")
	  REFERENCES "DB_SAWEE"."MEMBER" ("M_NO") ENABLE;
  ALTER TABLE "DB_SAWEE"."TRADE" ADD CONSTRAINT "FK_SUBJECT_TO_TRADE_1" FOREIGN KEY ("S_NO")
	  REFERENCES "DB_SAWEE"."SUBJECT" ("S_NO") ENABLE;
--------------------------------------------------------
--  Ref Constraints for Table WD_RECORD
--------------------------------------------------------

  ALTER TABLE "DB_SAWEE"."WD_RECORD" ADD CONSTRAINT "FK_MEMBER_TO_WD_RECORD_1" FOREIGN KEY ("M_NO")
	  REFERENCES "DB_SAWEE"."MEMBER" ("M_NO") ENABLE;
  ALTER TABLE "DB_SAWEE"."WD_RECORD" ADD CONSTRAINT "FK_WITHDRAWAL_TO_WD_RECORD_1" FOREIGN KEY ("W_NO")
	  REFERENCES "DB_SAWEE"."WITHDRAWAL" ("W_NO") ENABLE;
