--------------------------------------------------------
--  파일이 생성됨 - 목요일-3월-19-2020   
--------------------------------------------------------
REM INSERTING into CASSIE.BOARD_FILE
SET DEFINE OFF;
REM INSERTING into CASSIE.BOARD_TYPE
SET DEFINE OFF;
Insert into CASSIE.BOARD_TYPE (BT_NO,BT_NAME,BT_INFO,BT_EXTRA) values (1,'보드이야기','커뮤니티',null);
Insert into CASSIE.BOARD_TYPE (BT_NO,BT_NAME,BT_INFO,BT_EXTRA) values (2,'개봉기 및 리뷰','커뮤니티',null);
Insert into CASSIE.BOARD_TYPE (BT_NO,BT_NAME,BT_INFO,BT_EXTRA) values (3,'보드게임 모임','커뮤니티',null);
Insert into CASSIE.BOARD_TYPE (BT_NO,BT_NAME,BT_INFO,BT_EXTRA) values (4,'보드 뉴스','커뮤니티',null);
Insert into CASSIE.BOARD_TYPE (BT_NO,BT_NAME,BT_INFO,BT_EXTRA) values (5,'질문과 답변','커뮤니티',null);
Insert into CASSIE.BOARD_TYPE (BT_NO,BT_NAME,BT_INFO,BT_EXTRA) values (6,'창작 보드게임','커뮤니티',null);
Insert into CASSIE.BOARD_TYPE (BT_NO,BT_NAME,BT_INFO,BT_EXTRA) values (7,'자주하는 질문',null,null);
Insert into CASSIE.BOARD_TYPE (BT_NO,BT_NAME,BT_INFO,BT_EXTRA) values (8,'헬프데스크',null,null);
Insert into CASSIE.BOARD_TYPE (BT_NO,BT_NAME,BT_INFO,BT_EXTRA) values (9,'보부상','중고거래',null);
REM INSERTING into CASSIE.BOARD_WRITE
SET DEFINE OFF;
REM INSERTING into CASSIE.CAFE
SET DEFINE OFF;
REM INSERTING into CASSIE.CAFE_REVIEW
SET DEFINE OFF;
REM INSERTING into CASSIE.CM_COMMENT
SET DEFINE OFF;
REM INSERTING into CASSIE.F_FILE
SET DEFINE OFF;
Insert into CASSIE.F_FILE (F_NO,F_NAME,F_TYPE,F_PATH,F_USE) values (1,'TEST','TEST','TEST','TEST');
REM INSERTING into CASSIE.FAQ
SET DEFINE OFF;
REM INSERTING into CASSIE.GAME
SET DEFINE OFF;
REM INSERTING into CASSIE.GAME_CLASS
SET DEFINE OFF;
REM INSERTING into CASSIE.GAME_METHOD
SET DEFINE OFF;
REM INSERTING into CASSIE.GAME_PERSON
SET DEFINE OFF;
REM INSERTING into CASSIE.GAME_SORT
SET DEFINE OFF;
REM INSERTING into CASSIE.GAME_THEME
SET DEFINE OFF;
REM INSERTING into CASSIE.MEMBER
SET DEFINE OFF;
Insert into CASSIE.MEMBER (M_NO,M_ID,M_PW,M_NAME,M_BIRTH,M_NICK,M_GENDER,M_POINT,M_PHONE,M_EMAIL,M_POST,M_ADDR1,M_ADDR2,R_NO,M_RE_SMS,M_RE_NOTICE,M_RE_MESSAGE,M_INFO,M_SELF,M_INDATE,M_OUTDATE,M_OUT,M_REPORT_NUM,M_EXTRA,F_NO) values (2,'tester2','2222','member2',to_date('90/01/02','RR/MM/DD'),'member_nick2','f',30000,'01011111112','tester2@gmail.com',0,'test','test2',2,'n','n','n','n','자기소개',to_date('20/03/19','RR/MM/DD'),null,'n',0,null,1);
Insert into CASSIE.MEMBER (M_NO,M_ID,M_PW,M_NAME,M_BIRTH,M_NICK,M_GENDER,M_POINT,M_PHONE,M_EMAIL,M_POST,M_ADDR1,M_ADDR2,R_NO,M_RE_SMS,M_RE_NOTICE,M_RE_MESSAGE,M_INFO,M_SELF,M_INDATE,M_OUTDATE,M_OUT,M_REPORT_NUM,M_EXTRA,F_NO) values (3,'tester3','3333','member3',to_date('90/01/02','RR/MM/DD'),'member_nick3','f',10000,'01011111113','tester3@gmail.com',0,'test','test3',2,'n','n','n','n','자기소개',to_date('20/03/19','RR/MM/DD'),null,'n',0,null,1);
Insert into CASSIE.MEMBER (M_NO,M_ID,M_PW,M_NAME,M_BIRTH,M_NICK,M_GENDER,M_POINT,M_PHONE,M_EMAIL,M_POST,M_ADDR1,M_ADDR2,R_NO,M_RE_SMS,M_RE_NOTICE,M_RE_MESSAGE,M_INFO,M_SELF,M_INDATE,M_OUTDATE,M_OUT,M_REPORT_NUM,M_EXTRA,F_NO) values (1,'tester1','1111','member1',to_date('90/01/01','RR/MM/DD'),'member_nick1','f',0,'01011111110','tester1@gmail.com',0,'test','test2',3,'n','n','n','n','selftest',to_date('20/03/19','RR/MM/DD'),null,'n',0,null,1);
Insert into CASSIE.MEMBER (M_NO,M_ID,M_PW,M_NAME,M_BIRTH,M_NICK,M_GENDER,M_POINT,M_PHONE,M_EMAIL,M_POST,M_ADDR1,M_ADDR2,R_NO,M_RE_SMS,M_RE_NOTICE,M_RE_MESSAGE,M_INFO,M_SELF,M_INDATE,M_OUTDATE,M_OUT,M_REPORT_NUM,M_EXTRA,F_NO) values (4,'tester4','4444','member4',to_date('90/01/02','RR/MM/DD'),'member_nick4','f',50000,'01011111114','tester4@gmail.com',0,'test','test4',1,'n','n','n','n','자기소개',to_date('20/03/19','RR/MM/DD'),null,'n',0,null,1);
Insert into CASSIE.MEMBER (M_NO,M_ID,M_PW,M_NAME,M_BIRTH,M_NICK,M_GENDER,M_POINT,M_PHONE,M_EMAIL,M_POST,M_ADDR1,M_ADDR2,R_NO,M_RE_SMS,M_RE_NOTICE,M_RE_MESSAGE,M_INFO,M_SELF,M_INDATE,M_OUTDATE,M_OUT,M_REPORT_NUM,M_EXTRA,F_NO) values (5,'tester5','5555','member5',to_date('90/01/02','RR/MM/DD'),'member_nick5','f',0,'01011111115','tester5@gmail.com',0,'test','test5',3,'n','n','n','n','자기소개',to_date('20/03/19','RR/MM/DD'),null,'n',0,null,1);
Insert into CASSIE.MEMBER (M_NO,M_ID,M_PW,M_NAME,M_BIRTH,M_NICK,M_GENDER,M_POINT,M_PHONE,M_EMAIL,M_POST,M_ADDR1,M_ADDR2,R_NO,M_RE_SMS,M_RE_NOTICE,M_RE_MESSAGE,M_INFO,M_SELF,M_INDATE,M_OUTDATE,M_OUT,M_REPORT_NUM,M_EXTRA,F_NO) values (6,'tester6','6666','member6',to_date('90/01/02','RR/MM/DD'),'member_nick6','m',0,'01011111116','tester6@gmail.com',0,'test','test6',3,'n','n','n','n','자기소개',to_date('20/03/19','RR/MM/DD'),null,'n',0,null,1);
Insert into CASSIE.MEMBER (M_NO,M_ID,M_PW,M_NAME,M_BIRTH,M_NICK,M_GENDER,M_POINT,M_PHONE,M_EMAIL,M_POST,M_ADDR1,M_ADDR2,R_NO,M_RE_SMS,M_RE_NOTICE,M_RE_MESSAGE,M_INFO,M_SELF,M_INDATE,M_OUTDATE,M_OUT,M_REPORT_NUM,M_EXTRA,F_NO) values (7,'tester7','7777','member7',to_date('90/01/02','RR/MM/DD'),'member_nick7','m',0,'01011111117','tester7@gmail.com',0,'test','test7',3,'n','n','n','n','자기소개',to_date('20/03/19','RR/MM/DD'),null,'n',0,null,1);
Insert into CASSIE.MEMBER (M_NO,M_ID,M_PW,M_NAME,M_BIRTH,M_NICK,M_GENDER,M_POINT,M_PHONE,M_EMAIL,M_POST,M_ADDR1,M_ADDR2,R_NO,M_RE_SMS,M_RE_NOTICE,M_RE_MESSAGE,M_INFO,M_SELF,M_INDATE,M_OUTDATE,M_OUT,M_REPORT_NUM,M_EXTRA,F_NO) values (8,'tester8','8888','member8',to_date('90/01/02','RR/MM/DD'),'member_nick8','m',0,'01011111118','tester8@gmail.com',0,'test','test8',3,'n','n','n','n','자기소개',to_date('20/03/19','RR/MM/DD'),null,'n',0,null,1);
Insert into CASSIE.MEMBER (M_NO,M_ID,M_PW,M_NAME,M_BIRTH,M_NICK,M_GENDER,M_POINT,M_PHONE,M_EMAIL,M_POST,M_ADDR1,M_ADDR2,R_NO,M_RE_SMS,M_RE_NOTICE,M_RE_MESSAGE,M_INFO,M_SELF,M_INDATE,M_OUTDATE,M_OUT,M_REPORT_NUM,M_EXTRA,F_NO) values (9,'tester9','9999','member9',to_date('90/01/02','RR/MM/DD'),'member_nick9','m',0,'01011111119','tester9@gmail.com',0,'test','test9',3,'n','n','n','n','자기소개',to_date('20/03/19','RR/MM/DD'),null,'n',0,null,1);
Insert into CASSIE.MEMBER (M_NO,M_ID,M_PW,M_NAME,M_BIRTH,M_NICK,M_GENDER,M_POINT,M_PHONE,M_EMAIL,M_POST,M_ADDR1,M_ADDR2,R_NO,M_RE_SMS,M_RE_NOTICE,M_RE_MESSAGE,M_INFO,M_SELF,M_INDATE,M_OUTDATE,M_OUT,M_REPORT_NUM,M_EXTRA,F_NO) values (10,'tester10','11111','member10',to_date('90/01/02','RR/MM/DD'),'member_nick10','f',0,'01011111120','tester10@gmail.com',0,'test','test10',3,'n','n','n','n','자기소개',to_date('20/03/19','RR/MM/DD'),null,'n',0,null,1);
Insert into CASSIE.MEMBER (M_NO,M_ID,M_PW,M_NAME,M_BIRTH,M_NICK,M_GENDER,M_POINT,M_PHONE,M_EMAIL,M_POST,M_ADDR1,M_ADDR2,R_NO,M_RE_SMS,M_RE_NOTICE,M_RE_MESSAGE,M_INFO,M_SELF,M_INDATE,M_OUTDATE,M_OUT,M_REPORT_NUM,M_EXTRA,F_NO) values (11,'tester11','22222','member11',to_date('90/01/02','RR/MM/DD'),'member_nick11','f',0,'01011111121','tester11@gmail.com',0,'test','test11',3,'n','n','n','n','자기소개',to_date('20/03/19','RR/MM/DD'),null,'n',0,null,1);
Insert into CASSIE.MEMBER (M_NO,M_ID,M_PW,M_NAME,M_BIRTH,M_NICK,M_GENDER,M_POINT,M_PHONE,M_EMAIL,M_POST,M_ADDR1,M_ADDR2,R_NO,M_RE_SMS,M_RE_NOTICE,M_RE_MESSAGE,M_INFO,M_SELF,M_INDATE,M_OUTDATE,M_OUT,M_REPORT_NUM,M_EXTRA,F_NO) values (12,'tester12','33333','member12',to_date('90/01/02','RR/MM/DD'),'member_nick12','f',0,'01011111122','tester12@gmail.com',0,'test','test12',3,'n','n','n','n','자기소개',to_date('20/03/19','RR/MM/DD'),null,'n',0,null,1);
Insert into CASSIE.MEMBER (M_NO,M_ID,M_PW,M_NAME,M_BIRTH,M_NICK,M_GENDER,M_POINT,M_PHONE,M_EMAIL,M_POST,M_ADDR1,M_ADDR2,R_NO,M_RE_SMS,M_RE_NOTICE,M_RE_MESSAGE,M_INFO,M_SELF,M_INDATE,M_OUTDATE,M_OUT,M_REPORT_NUM,M_EXTRA,F_NO) values (13,'tester13','44444','member13',to_date('90/01/02','RR/MM/DD'),'member_nick13','f',0,'01011111123','tester13@gmail.com',0,'test','test13',3,'n','n','n','n','자기소개',to_date('20/03/19','RR/MM/DD'),null,'n',0,null,1);
Insert into CASSIE.MEMBER (M_NO,M_ID,M_PW,M_NAME,M_BIRTH,M_NICK,M_GENDER,M_POINT,M_PHONE,M_EMAIL,M_POST,M_ADDR1,M_ADDR2,R_NO,M_RE_SMS,M_RE_NOTICE,M_RE_MESSAGE,M_INFO,M_SELF,M_INDATE,M_OUTDATE,M_OUT,M_REPORT_NUM,M_EXTRA,F_NO) values (14,'tester14','55555','member14',to_date('90/01/02','RR/MM/DD'),'member_nick14','f',0,'01011111124','tester14@gmail.com',0,'test','test14',3,'n','n','n','n','자기소개',to_date('20/03/19','RR/MM/DD'),null,'n',0,null,1);
Insert into CASSIE.MEMBER (M_NO,M_ID,M_PW,M_NAME,M_BIRTH,M_NICK,M_GENDER,M_POINT,M_PHONE,M_EMAIL,M_POST,M_ADDR1,M_ADDR2,R_NO,M_RE_SMS,M_RE_NOTICE,M_RE_MESSAGE,M_INFO,M_SELF,M_INDATE,M_OUTDATE,M_OUT,M_REPORT_NUM,M_EXTRA,F_NO) values (0,'admin','4321','admin',to_date('90/02/02','RR/MM/DD'),'admin_nick','f',0,'01012341234','admin@gmail.com',0,'add',null,0,'n','n','n','n',null,to_date('20/03/19','RR/MM/DD'),to_date('20/03/19','RR/MM/DD'),'n',0,null,null);
REM INSERTING into CASSIE.NOTE
SET DEFINE OFF;
REM INSERTING into CASSIE.PAYMENT
SET DEFINE OFF;
REM INSERTING into CASSIE.RANK
SET DEFINE OFF;
Insert into CASSIE.RANK (R_NO,R_NAME) values (0,'관리자');
Insert into CASSIE.RANK (R_NO,R_NAME) values (1,'보드대마왕');
Insert into CASSIE.RANK (R_NO,R_NAME) values (2,'보드마스터');
Insert into CASSIE.RANK (R_NO,R_NAME) values (3,'보드게이머');
Insert into CASSIE.RANK (R_NO,R_NAME) values (4,'표류자');
REM INSERTING into CASSIE.REPORT
SET DEFINE OFF;
REM INSERTING into CASSIE.SCRAP
SET DEFINE OFF;
REM INSERTING into CASSIE.SPONSOR
SET DEFINE OFF;
REM INSERTING into CASSIE.STATISTICS
SET DEFINE OFF;
REM INSERTING into CASSIE.SUBJECT
SET DEFINE OFF;
Insert into CASSIE.SUBJECT (S_NO,BT_NO,S_CONTENT) values (1,9,'판매중');
Insert into CASSIE.SUBJECT (S_NO,BT_NO,S_CONTENT) values (2,9,'구매중');
Insert into CASSIE.SUBJECT (S_NO,BT_NO,S_CONTENT) values (3,9,'거래완료');
REM INSERTING into CASSIE.TRADE
SET DEFINE OFF;
Insert into CASSIE.TRADE (T_NO,M_NO,S_NO,T_TITLE,T_CONTENT,T_WRITTEN_DATE,T_UPDATED_DATE,T_HIT,T_RECOMMEND_NUM,T_REPORT_NUM,T_ISLAND,T_PRICE) values (1,1,1,'팔아연1','이것저것 팔아염1',to_date('20/03/19','RR/MM/DD'),to_date('20/03/19','RR/MM/DD'),0,0,0,'0',1000);
Insert into CASSIE.TRADE (T_NO,M_NO,S_NO,T_TITLE,T_CONTENT,T_WRITTEN_DATE,T_UPDATED_DATE,T_HIT,T_RECOMMEND_NUM,T_REPORT_NUM,T_ISLAND,T_PRICE) values (2,1,1,'팔아연2','이것저것 팔아염2',to_date('20/03/19','RR/MM/DD'),to_date('20/03/19','RR/MM/DD'),0,0,0,'0',2000);
Insert into CASSIE.TRADE (T_NO,M_NO,S_NO,T_TITLE,T_CONTENT,T_WRITTEN_DATE,T_UPDATED_DATE,T_HIT,T_RECOMMEND_NUM,T_REPORT_NUM,T_ISLAND,T_PRICE) values (3,1,1,'팔아연3','이것저것 팔아염3',to_date('20/03/19','RR/MM/DD'),to_date('20/03/19','RR/MM/DD'),0,0,0,'0',3000);
Insert into CASSIE.TRADE (T_NO,M_NO,S_NO,T_TITLE,T_CONTENT,T_WRITTEN_DATE,T_UPDATED_DATE,T_HIT,T_RECOMMEND_NUM,T_REPORT_NUM,T_ISLAND,T_PRICE) values (4,1,1,'팔아연4','이것저것 팔아염4',to_date('20/03/19','RR/MM/DD'),to_date('20/03/19','RR/MM/DD'),0,0,0,'0',4000);
Insert into CASSIE.TRADE (T_NO,M_NO,S_NO,T_TITLE,T_CONTENT,T_WRITTEN_DATE,T_UPDATED_DATE,T_HIT,T_RECOMMEND_NUM,T_REPORT_NUM,T_ISLAND,T_PRICE) values (5,1,1,'팔아연5','이것저것 팔아염5',to_date('20/03/19','RR/MM/DD'),to_date('20/03/19','RR/MM/DD'),0,0,0,'0',5000);
Insert into CASSIE.TRADE (T_NO,M_NO,S_NO,T_TITLE,T_CONTENT,T_WRITTEN_DATE,T_UPDATED_DATE,T_HIT,T_RECOMMEND_NUM,T_REPORT_NUM,T_ISLAND,T_PRICE) values (6,1,1,'팔아연6','이것저것 팔아염6',to_date('20/03/19','RR/MM/DD'),to_date('20/03/19','RR/MM/DD'),0,0,0,'1',6000);
Insert into CASSIE.TRADE (T_NO,M_NO,S_NO,T_TITLE,T_CONTENT,T_WRITTEN_DATE,T_UPDATED_DATE,T_HIT,T_RECOMMEND_NUM,T_REPORT_NUM,T_ISLAND,T_PRICE) values (7,1,1,'팔아연7','이것저것 팔아염7',to_date('20/03/19','RR/MM/DD'),to_date('20/03/19','RR/MM/DD'),0,0,0,'1',7000);
Insert into CASSIE.TRADE (T_NO,M_NO,S_NO,T_TITLE,T_CONTENT,T_WRITTEN_DATE,T_UPDATED_DATE,T_HIT,T_RECOMMEND_NUM,T_REPORT_NUM,T_ISLAND,T_PRICE) values (8,1,1,'팔아연8','이것저것 팔아염8',to_date('20/03/19','RR/MM/DD'),to_date('20/03/19','RR/MM/DD'),0,0,0,'1',8000);
Insert into CASSIE.TRADE (T_NO,M_NO,S_NO,T_TITLE,T_CONTENT,T_WRITTEN_DATE,T_UPDATED_DATE,T_HIT,T_RECOMMEND_NUM,T_REPORT_NUM,T_ISLAND,T_PRICE) values (9,1,1,'팔아연9','이것저것 팔아염9',to_date('20/03/19','RR/MM/DD'),to_date('20/03/19','RR/MM/DD'),0,0,0,'1',9000);
Insert into CASSIE.TRADE (T_NO,M_NO,S_NO,T_TITLE,T_CONTENT,T_WRITTEN_DATE,T_UPDATED_DATE,T_HIT,T_RECOMMEND_NUM,T_REPORT_NUM,T_ISLAND,T_PRICE) values (10,1,1,'팔아연10','이것저것 팔아염10',to_date('20/03/19','RR/MM/DD'),to_date('20/03/19','RR/MM/DD'),0,0,0,'1',10000);
Insert into CASSIE.TRADE (T_NO,M_NO,S_NO,T_TITLE,T_CONTENT,T_WRITTEN_DATE,T_UPDATED_DATE,T_HIT,T_RECOMMEND_NUM,T_REPORT_NUM,T_ISLAND,T_PRICE) values (11,1,1,'팔아연11','이것저것 팔아염11',to_date('20/03/19','RR/MM/DD'),to_date('20/03/19','RR/MM/DD'),0,0,0,'1',11000);
Insert into CASSIE.TRADE (T_NO,M_NO,S_NO,T_TITLE,T_CONTENT,T_WRITTEN_DATE,T_UPDATED_DATE,T_HIT,T_RECOMMEND_NUM,T_REPORT_NUM,T_ISLAND,T_PRICE) values (12,1,1,'팔아연12','이것저것 팔아염12',to_date('20/03/19','RR/MM/DD'),to_date('20/03/19','RR/MM/DD'),0,0,0,'1',12000);
Insert into CASSIE.TRADE (T_NO,M_NO,S_NO,T_TITLE,T_CONTENT,T_WRITTEN_DATE,T_UPDATED_DATE,T_HIT,T_RECOMMEND_NUM,T_REPORT_NUM,T_ISLAND,T_PRICE) values (13,1,1,'팔아연13','이것저것 팔아염13',to_date('20/03/19','RR/MM/DD'),to_date('20/03/19','RR/MM/DD'),0,0,0,'0',13000);
Insert into CASSIE.TRADE (T_NO,M_NO,S_NO,T_TITLE,T_CONTENT,T_WRITTEN_DATE,T_UPDATED_DATE,T_HIT,T_RECOMMEND_NUM,T_REPORT_NUM,T_ISLAND,T_PRICE) values (14,1,1,'팔아연14','이것저것 팔아염14',to_date('20/03/19','RR/MM/DD'),to_date('20/03/19','RR/MM/DD'),0,0,0,'0',14000);
Insert into CASSIE.TRADE (T_NO,M_NO,S_NO,T_TITLE,T_CONTENT,T_WRITTEN_DATE,T_UPDATED_DATE,T_HIT,T_RECOMMEND_NUM,T_REPORT_NUM,T_ISLAND,T_PRICE) values (15,1,1,'팔아연15','이것저것 팔아염15',to_date('20/03/19','RR/MM/DD'),to_date('20/03/19','RR/MM/DD'),0,0,0,'0',15000);
REM INSERTING into CASSIE.WD_RECORD
SET DEFINE OFF;
REM INSERTING into CASSIE.WITHDRAWAL
SET DEFINE OFF;
